source_file,line_number,raw_text,clean_text,formal_translation,detected_slang_terms,quality_flags,review_reason
test.jsonl,417,kicks lookin dusty fr 👟 gotta clean em king 🙏 fresh drip mission,kicks lookin dusty fr gotta clean em king fresh drip mission,I need to clean my shoes.,clean|drip|king|fr,duplicate_clean_text,duplicate_clean_text
test.jsonl,433,tryna see the bright side fr 😎 optimistic king chasin hope 🙏 good vibes grind,tryna see the bright side fr optimistic king chasin hope good vibes grind,I'm trying to be more optimistic.,vibes|king|fr,duplicate_clean_text,duplicate_clean_text
test.jsonl,434,she glowin with charm fr ✨ charismatic queen owns it 🙏 vibe queen,she glowin with charm fr charismatic queen owns it vibe queen,She's very charismatic.,queen|vibe|fr,duplicate_clean_text,duplicate_clean_text
test.jsonl,436,bro holdin u up fr 🤝 supportive king got ur back 🙏 ride or die vibes,bro holdin u up fr supportive king got ur back ride or die vibes,He's really supportive.,vibes|king|bro|fr,duplicate_clean_text,duplicate_clean_text
test.jsonl,440,she carin always fr 💭 thoughtful queen got love 🙏 kindness legend,she carin always fr thoughtful queen got love kindness legend,She's very thoughtful.,queen|fr,duplicate_clean_text,duplicate_clean_text
test.jsonl,445,tryna stay chill fr 😌 patient king waitin calm 🙏 zen grind,tryna stay chill fr patient king waitin calm zen grind,I'm trying to be more patient.,chill|king|fr,duplicate_clean_text,duplicate_clean_text
test.jsonl,446,she sparkin dreams fr 🔥 inspiring queen lifts souls 🙏 motivation champ,she sparkin dreams fr inspiring queen lifts souls motivation champ,She's very inspiring.,queen|fr,duplicate_clean_text,duplicate_clean_text
test.jsonl,447,lamp actin shady fr 💡 gotta fix it king 🙏 bright vibes mission,lamp actin shady fr gotta fix it king bright vibes mission,I need to fix my lamp.,vibes|king|fr,duplicate_clean_text,duplicate_clean_text
test.jsonl,448,bro givin big fr 🎁 generous king got heart 🙏 selfless vibes,bro givin big fr generous king got heart selfless vibes,He's really generous.,vibes|king|bro|fr,duplicate_clean_text,duplicate_clean_text
test.jsonl,451,hope hittin strong fr 🌟 hopeful king seein light 🙏 optimism overload,hope hittin strong fr hopeful king seein light optimism overload,I'm feeling hopeful.,king|fr,duplicate_clean_text,duplicate_clean_text
test.jsonl,452,she feelin all the feels fr 😔 empathetic queen got heart 🙏 emotional champ,she feelin all the feels fr empathetic queen got heart emotional champ,She's very empathetic.,queen|fr,duplicate_clean_text,duplicate_clean_text
test.jsonl,453,desk lookin like a warzone fr 🖥️ gotta sort it king 🙏 tidy vibes mission,desk lookin like a warzone fr gotta sort it king tidy vibes mission,I need to clean my desk.,vibes|king|fr,duplicate_clean_text,duplicate_clean_text
test.jsonl,454,bro leadin like a king fr 👑 leader king inspires all 🙏 squad motivator,bro leadin like a king fr leader king inspires all squad motivator,He's a great leader.,king|bro|fr,duplicate_clean_text,duplicate_clean_text
test.jsonl,456,this juice hittin sugary fr 🥤 sweet af king 🙏 liquid candy,this juice hittin sugary fr sweet af king liquid candy,This juice is so sweet.,king|fr,duplicate_clean_text,duplicate_clean_text
test.jsonl,457,energy on max fr ⚡ energized king ready to roll 🙏 power vibes,energy on max fr energized king ready to roll power vibes,I'm feeling energized.,vibes|king|fr,duplicate_clean_text,duplicate_clean_text
test.jsonl,458,she sparkin magic fr 🎨 creative queen got vision 🙏 imagination champ,she sparkin magic fr creative queen got vision imagination champ,She's very creative.,queen|fr,duplicate_clean_text,duplicate_clean_text
test.jsonl,463,tryna own my vibe fr 😎 confident king risin up 🙏 self-assured grind,tryna own my vibe fr confident king risin up self-assured grind,I'm trying to be more confident.,vibe|king|fr,duplicate_clean_text,duplicate_clean_text
test.jsonl,464,she holdin it down fr 🤝 supportive queen got ur back 🙏 ride or die vibes,she holdin it down fr supportive queen got ur back ride or die vibes,She's very supportive.,vibes|queen|fr,duplicate_clean_text,duplicate_clean_text
test.jsonl,465,headphones lookin grimy fr 🎧 gotta clean em king 🙏 fresh audio vibes,headphones lookin grimy fr gotta clean em king fresh audio vibes,I need to clean my headphones.,vibes|clean|king|fr,duplicate_clean_text,duplicate_clean_text
test.jsonl,466,bro paintin bangers fr 🎨 artist king got style 🙏 aesthetic legend,bro paintin bangers fr artist king got style aesthetic legend,He's a great artist.,king|bro|fr,duplicate_clean_text,duplicate_clean_text
test.jsonl,469,vibes all chill fr 😌 relaxed king in zen mode 🙏 stress-free vibes,vibes all chill fr relaxed king in zen mode stress-free vibes,I'm feeling relaxed.,vibes|chill|king|fr,duplicate_clean_text,duplicate_clean_text
test.jsonl,470,she glowin with charm fr ✨ charismatic queen owns it 🙏 vibe queen,she glowin with charm fr charismatic queen owns it vibe queen,She's very charismatic.,queen|vibe|fr,duplicate_clean_text,duplicate_clean_text
test.jsonl,471,chair creakin loud fr 🪑 gotta fix it king 🙏 sturdy vibes mission,chair creakin loud fr gotta fix it king sturdy vibes mission,I need to fix my chair.,vibes|king|fr,duplicate_clean_text,duplicate_clean_text
test.jsonl,472,bro sparkin genius fr 🎨 creative king got vision 🙏 imagination god,bro sparkin genius fr creative king got vision imagination god,He's really creative.,king|bro|fr,duplicate_clean_text,duplicate_clean_text
test.jsonl,473,pottery class vibes? 🏺 lets mold some art fr king/queen 🙏 creative escape,pottery class vibes? lets mold some art fr king queen creative escape,Let's go to a pottery class.,vibes|queen|king|fr,duplicate_clean_text,duplicate_clean_text
test.jsonl,475,motivation on max fr 💥 motivated king ready to crush 🙏 grind mode on,motivation on max fr motivated king ready to crush grind mode on,I'm feeling motivated.,king|fr,duplicate_clean_text,duplicate_clean_text
test.jsonl,477,mousepad lookin grimy fr 🖱️ gotta clean it king 🙏 fresh tech vibes,mousepad lookin grimy fr gotta clean it king fresh tech vibes,I need to clean my mousepad.,vibes|clean|king|fr,duplicate_clean_text,duplicate_clean_text
test.jsonl,478,bro droppin melodies fr 🎶 musician king got soul 🙏 music legend,bro droppin melodies fr musician king got soul music legend,He's a great musician.,king|bro|fr,duplicate_clean_text,duplicate_clean_text
test.jsonl,479,film fest vibes? 🎬 lets binge cinema fr king/queen 🙏 movie adventure,film fest vibes? lets binge cinema fr king queen movie adventure,Let's go to a film festival.,vibes|queen|king|fr,duplicate_clean_text,duplicate_clean_text
test.jsonl,481,tryna stay chill fr 😌 patient king waitin calm 🙏 zen grind,tryna stay chill fr patient king waitin calm zen grind,I'm trying to be more patient.,chill|king|fr,duplicate_clean_text,duplicate_clean_text
test.jsonl,482,she sparkin dreams fr 🔥 inspiring queen lifts souls 🙏 motivation champ,she sparkin dreams fr inspiring queen lifts souls motivation champ,She's very inspiring.,queen|fr,duplicate_clean_text,duplicate_clean_text
test.jsonl,483,lamp actin shady fr 💡 gotta fix it king 🙏 bright vibes mission,lamp actin shady fr gotta fix it king bright vibes mission,I need to fix my lamp.,vibes|king|fr,duplicate_clean_text,duplicate_clean_text
test.jsonl,484,bro givin big fr 🎁 generous king got heart 🙏 selfless vibes,bro givin big fr generous king got heart selfless vibes,He's really generous.,vibes|king|bro|fr,duplicate_clean_text,duplicate_clean_text
test.jsonl,487,hope hittin strong fr 🌟 hopeful king seein light 🙏 optimism overload,hope hittin strong fr hopeful king seein light optimism overload,I'm feeling hopeful.,king|fr,duplicate_clean_text,duplicate_clean_text
test.jsonl,488,she feelin all the feels fr 😔 empathetic queen got heart 🙏 emotional champ,she feelin all the feels fr empathetic queen got heart emotional champ,She's very empathetic.,queen|fr,duplicate_clean_text,duplicate_clean_text
test.jsonl,489,desk lookin like a warzone fr 🖥️ gotta sort it king 🙏 tidy vibes mission,desk lookin like a warzone fr gotta sort it king tidy vibes mission,I need to clean my desk.,vibes|king|fr,duplicate_clean_text,duplicate_clean_text
test.jsonl,490,bro leadin like a king fr 👑 leader king inspires all 🙏 squad motivator,bro leadin like a king fr leader king inspires all squad motivator,He's a great leader.,king|bro|fr,duplicate_clean_text,duplicate_clean_text
test.jsonl,491,dance class vibes? 💃 lets move our bodies fr king/queen 🙏 rhythm quest,dance class vibes? lets move our bodies fr king queen rhythm quest,Let's go to a dance class.,vibes|queen|king|fr,duplicate_clean_text,duplicate_clean_text
test.jsonl,493,energy on max fr ⚡ energized king ready to roll 🙏 power vibes,energy on max fr energized king ready to roll power vibes,I'm feeling energized.,vibes|king|fr,duplicate_clean_text,duplicate_clean_text
test.jsonl,494,she sparkin magic fr 🎨 creative queen got vision 🙏 imagination champ,she sparkin magic fr creative queen got vision imagination champ,She's very creative.,queen|fr,duplicate_clean_text,duplicate_clean_text
test.jsonl,495,files lookin chaotic fr 📂 gotta sort em king 🙏 digital glow up,files lookin chaotic fr gotta sort em king digital glow up,I need to organize my files.,king|fr,duplicate_clean_text,duplicate_clean_text
test.jsonl,496,bro solid every time fr 💯 reliable king never flakes 🙏 trust legend,bro solid every time fr reliable king never flakes trust legend,He's really reliable.,king|bro|fr,duplicate_clean_text,duplicate_clean_text
test.jsonl,499,tryna own my vibe fr 😎 confident king risin up 🙏 self-assured grind,tryna own my vibe fr confident king risin up self-assured grind,I'm trying to be more confident.,vibe|king|fr,duplicate_clean_text,duplicate_clean_text
test.jsonl,500,she holdin it down fr 🤝 supportive queen got ur back 🙏 ride or die vibes,she holdin it down fr supportive queen got ur back ride or die vibes,She's very supportive.,vibes|queen|fr,duplicate_clean_text,duplicate_clean_text
test.jsonl,501,earbuds lookin grimy fr 🎶 gotta clean em king 🙏 fresh audio vibes,earbuds lookin grimy fr gotta clean em king fresh audio vibes,I need to clean my earbuds.,vibes|clean|king|fr,duplicate_clean_text,duplicate_clean_text
test.jsonl,502,bro paintin bangers fr 🎨 artist king got style 🙏 aesthetic legend,bro paintin bangers fr artist king got style aesthetic legend,He's a great artist.,king|bro|fr,duplicate_clean_text,duplicate_clean_text
train.jsonl,2,"academia is a scam, i’m gonna sell stickers","academia is a scam, i m gonna sell stickers",I don't want to study anymore.,,missing_slang,missing_slang
train.jsonl,4,me when life life’d too hard today,me when life life d too hard today,I am feeling sad.,,missing_slang,missing_slang
train.jsonl,6,did i install the paid version of suffering or what,did i install the paid version of suffering or what,Why is this happening to me?,,missing_slang,missing_slang
train.jsonl,8,gng grind never stops even when i do,gng grind never stops even when i do,I am trying my best.,,missing_slang,missing_slang
train.jsonl,9,alt f4 on reality tbh,alt f4 on reality tbh,I give up.,,missing_slang,missing_slang
train.jsonl,10,insomnia unlocked new DLC: existential thoughts at 3am,insomnia unlocked new dlc existential thoughts at 3am,Please let me sleep.,,missing_slang,missing_slang
train.jsonl,12,brain.exe stopped responding 🧠💥,brain.exe stopped responding,I don't understand anything.,,short_text|missing_slang,short_text
train.jsonl,13,"plan A failed, plan B ghosted me, plan C got commitment issues","plan a failed, plan b ghosted me, plan c got commitment issues",This is not working.,,missing_slang,missing_slang
train.jsonl,14,wait lemme consult the stars and my burnt-out soul,wait lemme consult the stars and my burnt-out soul,What should I do now?,,missing_slang,missing_slang
train.jsonl,15,"emotional support unavailable, send memes","emotional support unavailable, send memes",I need help.,,missing_slang,missing_slang
train.jsonl,16,task manager says ‘good luck’ n dipped,task manager says good luck n dipped,I have too much work.,,missing_slang,missing_slang
train.jsonl,18,"neurons called in sick, again","neurons called in sick, again",My brain is not working today.,,missing_slang,missing_slang
train.jsonl,20,mood: uninstall society,mood uninstall society,I hate everything.,mood,short_text,short_text
train.jsonl,22,me at social functions: *undefined behavior*,me at social functions undefined behavior,I am nervous.,,missing_slang,missing_slang
train.jsonl,23,me? fine? LMAO okay,me? fine? lmao okay,I am fine.,,missing_slang,missing_slang
train.jsonl,24,sky crying so i don’t have to,sky crying so i don t have to,It is raining outside.,,missing_slang,missing_slang
train.jsonl,25,life said ‘git gud’ and dipped,life said git gud and dipped,Life is hard.,,missing_slang,missing_slang
train.jsonl,27,"alive but not really, you feel me?","alive but not really, you feel me",I am feeling okay.,,missing_slang,missing_slang
train.jsonl,28,me trying to decode this like it’s quantum physics,me trying to decode this like it s quantum physics,This makes no sense.,,missing_slang,missing_slang
train.jsonl,29,nostalgia hitting harder than my GPA,nostalgia hitting harder than my gpa,I miss the old days.,,missing_slang,missing_slang
train.jsonl,30,current status: ???,current status,What is going on?,,short_text|missing_slang,short_text
train.jsonl,31,mentally? i’m on airplane mode,mentally? i m on airplane mode,I am not okay.,,missing_slang,missing_slang
train.jsonl,33,deleting my personality brb,deleting my personality brb,I need a break from everything.,,missing_slang,missing_slang
train.jsonl,34,"brain said ‘nah, not today chief’","brain said nah, not today chief",I don't understand this.,,missing_slang,missing_slang
train.jsonl,35,i'm this close to organizing my trauma alphabetically,i'm this close to organizing my trauma alphabetically,I'm so bored.,,missing_slang,missing_slang
train.jsonl,36,boutta sob like it’s a personality trait,boutta sob like it s a personality trait,I want to cry.,,missing_slang,missing_slang
train.jsonl,37,me spiraling but aesthetically,me spiraling but aesthetically,This is going nowhere.,,missing_slang,missing_slang
train.jsonl,38,burn it. salt the earth. never speak of it again,burn it. salt the earth. never speak of it again,I hate this so much.,,missing_slang,missing_slang
train.jsonl,42,putting in my 2-week notice from existing,putting in my 2-week notice from existing,I think I am done.,,missing_slang,missing_slang
train.jsonl,43,talking into the void with zero delivery receipt,talking into the void with zero delivery receipt,No one listens to me.,,missing_slang,missing_slang
train.jsonl,44,damn they hit the group hang without me again huh,damn they hit the group hang without me again huh,I feel left out.,,missing_slang,missing_slang
train.jsonl,45,social battery died. charger is in the abyss,social battery died. charger is in the abyss,I am tired of people.,,missing_slang,missing_slang
train.jsonl,46,catch me ghosting reality like it’s a tinder date,catch me ghosting reality like it s a tinder date,I want to disappear.,,missing_slang,missing_slang
train.jsonl,47,time moving like it's stuck on a Windows XP loading screen,time moving like it's stuck on a windows xp loading screen,This is taking forever.,,missing_slang,missing_slang
train.jsonl,48,me vs me: daily losing streak continues,me vs me daily losing streak continues,I can't do this anymore.,,missing_slang,missing_slang
train.jsonl,49,emotionally i’m a wobbly jenga tower,emotionally i m a wobbly jenga tower,"I’m fine, really.",,missing_slang,missing_slang
train.jsonl,50,mercury gotta be doing parkour in retrograde,mercury gotta be doing parkour in retrograde,Why is nothing working?,,missing_slang,missing_slang
train.jsonl,51,overstimulated & underpaid,overstimulated underpaid,Everything is too much.,,short_text|missing_slang,short_text
train.jsonl,52,life used to be just juice boxes and crayons,life used to be just juice boxes and crayons,I wish things were simple.,,missing_slang,missing_slang
train.jsonl,57,internal settings: permanently scuffed,internal settings permanently scuffed,I hate how I feel.,,missing_slang,missing_slang
train.jsonl,58,i want a cabin in the woods and zero notifications,i want a cabin in the woods and zero notifications,I just want peace.,,missing_slang,missing_slang
train.jsonl,60,emotionally logged out,emotionally logged out,I’m over it.,,short_text|missing_slang,short_text
train.jsonl,61,me? clocked out mentally since 2019,me? clocked out mentally since 2019,I'm done trying.,,missing_slang,missing_slang
train.jsonl,62,self-sabotage is my cardio,self-sabotage is my cardio,I think I ruined everything.,,missing_slang,missing_slang
train.jsonl,63,build-a-broken-bitch workshop certified,build-a-broken-bitch workshop certified,Why am I like this?,,short_text|missing_slang,short_text
train.jsonl,64,my thoughts are throwing a rave at 2am,my thoughts are throwing a rave at 2am,I can't sleep.,,missing_slang,missing_slang
train.jsonl,65,sleepy? no. just emotionally bankrupt,sleepy? no. just emotionally bankrupt,I’m always tired.,,missing_slang,missing_slang
train.jsonl,67,burnt out but make it aesthetic,burnt out but make it aesthetic,This is exhausting.,,missing_slang,missing_slang
train.jsonl,68,nostalgic for 2013 and juice boxes,nostalgic for 2013 and juice boxes,I miss when life was easier.,,missing_slang,missing_slang
train.jsonl,69,"me vs everyone: different fonts, same chaos","me vs everyone different fonts, same chaos",No one gets it.,,missing_slang,missing_slang
train.jsonl,70,emotions? lol blocked them like an ex,emotions? lol blocked them like an ex,I hate being vulnerable.,,missing_slang,missing_slang
train.jsonl,71,insomnia got me on her speed dial,insomnia got me on her speed dial,Why am I still awake?,,missing_slang,missing_slang
train.jsonl,72,my brain is a group chat with no mute option,my brain is a group chat with no mute option,I overthink everything.,,missing_slang,missing_slang
train.jsonl,73,walking red flag with attachment issues,walking red flag with attachment issues,I feel like a burden.,,missing_slang,missing_slang
train.jsonl,74,everyone's sprinting & i'm still buffering,everyone's sprinting i'm still buffering,I'm so behind in life.,,missing_slang,missing_slang
train.jsonl,75,crumbling like a walmart folding chair,crumbling like a walmart folding chair,This is too much pressure.,,missing_slang,missing_slang
train.jsonl,76,built different... like wrong factory different,built different. like wrong factory different,I always mess up.,,missing_slang,missing_slang
train.jsonl,78,ctrl+alt+delete my entire personality pls,ctrl alt delete my entire personality pls,I want to start over.,,missing_slang,missing_slang
train.jsonl,79,perfectionist with commitment issues,perfectionist with commitment issues,I’m scared of failing.,,missing_slang,missing_slang
train.jsonl,80,auditioning for inner peace like it’s a Netflix role,auditioning for inner peace like it s a netflix role,I wish I was enough.,,missing_slang,missing_slang
train.jsonl,81,attention span sponsored by a goldfish,attention span sponsored by a goldfish,I can’t focus.,,missing_slang,missing_slang
train.jsonl,82,currently ghosting civilization,currently ghosting civilization,I need a break from people.,,short_text|missing_slang,short_text
train.jsonl,83,character development going backwards,character development going backwards,I hate this version of me.,,missing_slang,missing_slang
train.jsonl,84,rebranding myself for the 7th time this year,rebranding myself for the 7th time this year,I’m trying to change.,,missing_slang,missing_slang
train.jsonl,85,brain chemistry doing cartwheels again,brain chemistry doing cartwheels again,Why do I feel this way?,,missing_slang,missing_slang
train.jsonl,86,jealous of ppl who can function without crying,jealous of ppl who can function without crying,I keep comparing myself.,,missing_slang,missing_slang
train.jsonl,87,ambition got lost in the group project of life,ambition got lost in the group project of life,I have no motivation.,,missing_slang,missing_slang
train.jsonl,88,loyalty issues like it’s a Spotify wrapped,loyalty issues like it s a spotify wrapped,I don’t trust anyone.,,missing_slang,missing_slang
train.jsonl,89,crispy lil anxiety nugget,crispy lil anxiety nugget,I’m burnt out.,,missing_slang,missing_slang
train.jsonl,90,fake smiling harder than LinkedIn influencers,fake smiling harder than linkedin influencers,I’m sick of pretending.,,missing_slang,missing_slang
train.jsonl,91,mentally GPS signal not found,mentally gps signal not found,I feel lost.,,missing_slang,missing_slang
train.jsonl,92,plot twist written by a drunk intern,plot twist written by a drunk intern,This is not what I expected.,,missing_slang,missing_slang
train.jsonl,93,seeking serotonin like it’s NFTs in 2021,seeking serotonin like it s nfts in 2021,I want to feel happy again.,,missing_slang,missing_slang
train.jsonl,96,"hope? nah, traded it for caffeine & memes","hope? nah, traded it for caffeine memes",I’m losing hope.,,missing_slang,missing_slang
train.jsonl,97,emotionally numb with a side of memes,emotionally numb with a side of memes,I want to feel something.,,missing_slang,missing_slang
train.jsonl,100,shouting into the void like it's a podcast,shouting into the void like it's a podcast,Why does no one care?,,missing_slang,missing_slang
train.jsonl,102,logic left the chat,logic left the chat,This doesn’t make sense.,,missing_slang,missing_slang
train.jsonl,103,trying to read my life like it’s in 480p,trying to read my life like it s in 480p,I need clarity.,,missing_slang,missing_slang
train.jsonl,104,nostalgia punching me in the throat,nostalgia punching me in the throat,I wish I could go back.,,missing_slang,missing_slang
train.jsonl,105,walking anxiety ball with wifi,walking anxiety ball with wifi,I’m anxious all the time.,,missing_slang,missing_slang
train.jsonl,106,romanticizing being emotionally available,romanticizing being emotionally available,I just want to be loved.,,missing_slang,missing_slang
train.jsonl,107,life feels like an ad for antidepressants,life feels like an ad for antidepressants,Everything feels fake.,,missing_slang,missing_slang
train.jsonl,108,speaking facts in a language no one hears,speaking facts in a language no one hears,I wish people understood me.,,missing_slang,missing_slang
train.jsonl,109,"me vs life: 80-0 streak, still no rage quit","me vs life 80-0 streak, still no rage quit",I’m tired of fighting.,,missing_slang,missing_slang
train.jsonl,111,internally screaming in Times New Roman,internally screaming in times new roman,I want to scream.,,missing_slang,missing_slang
train.jsonl,112,me blending into the void like a pro,me blending into the void like a pro,I feel invisible.,,missing_slang,missing_slang
train.jsonl,113,new location: middle of nowhere & peace,new location middle of nowhere peace,I wish I could run away.,,missing_slang,missing_slang
train.jsonl,114,emotionally dead but vibing,emotionally dead but vibing,I want to feel alive.,,missing_slang,missing_slang
train.jsonl,115,pride issues with a PhD in suffering,pride issues with a phd in suffering,I hate asking for help.,,missing_slang,missing_slang
train.jsonl,116,me winging life like a broken pigeon,me winging life like a broken pigeon,I don't know what I'm doing.,,missing_slang,missing_slang
train.jsonl,117,IQ? more like emotional WiFi drops hourly,iq? more like emotional wifi drops hourly,I feel stupid.,,missing_slang,missing_slang
train.jsonl,118,me talking to walls with more personality,me talking to walls with more personality,I hate when people ignore me.,,missing_slang,missing_slang
train.jsonl,119,rage quitting but in lowercase,rage quitting but in lowercase,This is so frustrating.,,missing_slang,missing_slang
train.jsonl,120,me running on 1% hope and expired motivation,me running on 1 hope and expired motivation,I’m trying my best.,,missing_slang,missing_slang
train.jsonl,121,tutorial didn’t come with life.exe,tutorial didn t come with life.exe,Why is this so hard?,,missing_slang,missing_slang
train.jsonl,122,life got me buffering since Monday,life got me buffering since monday,I feel stuck.,,missing_slang,missing_slang
train.jsonl,123,reality glitched again huh,reality glitched again huh,I wish things made sense.,,missing_slang,missing_slang
train.jsonl,124,screaming in italics,screaming in italics,I feel like no one cares.,,short_text|missing_slang,short_text
train.jsonl,125,academy award for faking sanity goes to…,academy award for faking sanity goes to,I’m tired of pretending.,,missing_slang,missing_slang
train.jsonl,127,brain’s doing laps with no finish line,brain s doing laps with no finish line,I’m constantly overthinking.,,missing_slang,missing_slang
train.jsonl,128,submitting my resignation to the universe,submitting my resignation to the universe,I want to give up.,,missing_slang,missing_slang
train.jsonl,129,romanticizing bare minimum again,romanticizing bare minimum again,I don’t feel loved.,,missing_slang,missing_slang
train.jsonl,130,mirror said ‘try again tomorrow’,mirror said try again tomorrow,I hate how I look.,,missing_slang,missing_slang
train.jsonl,131,"goal: inner peace, ETA unknown","goal inner peace, eta unknown",I just want to be okay.,,missing_slang,missing_slang
train.jsonl,133,"plot loop glitched again, reboot pls","plot loop glitched again, reboot pls",Why does this keep happening?,,missing_slang,missing_slang
train.jsonl,134,me speedrunning a breakdown,me speedrunning a breakdown,I can’t deal with this.,,missing_slang,missing_slang
train.jsonl,135,emotionally freefalling in 4K,emotionally freefalling in 4k,I’m losing control.,,missing_slang,missing_slang
train.jsonl,136,soul battery critically low,soul battery critically low,I feel emotionally drained.,,missing_slang,missing_slang
train.jsonl,138,brain buffering. heart crashing.,brain buffering. heart crashing,I feel like giving up.,,missing_slang,missing_slang
train.jsonl,139,going ghost like it’s casual Tuesday,going ghost like it s casual tuesday,I want to disappear.,,missing_slang,missing_slang
train.jsonl,140,me drowning in air,me drowning in air,I’m overwhelmed.,,missing_slang,missing_slang
train.jsonl,141,muting the universe one breakdown at a time,muting the universe one breakdown at a time,I just want silence.,,missing_slang,missing_slang
train.jsonl,142,identity crisis but with style,identity crisis but with style,I hate being me.,,missing_slang,missing_slang
train.jsonl,143,life’s a sitcom and I’m the punchline,life s a sitcom and i m the punchline,Everything is going wrong.,,missing_slang,missing_slang
train.jsonl,144,me: held together by coffee and denial,me held together by coffee and denial,I feel like I’m falling apart.,,missing_slang,missing_slang
train.jsonl,145,dreaming of being boring,dreaming of being boring,I want to feel normal.,,missing_slang,missing_slang
train.jsonl,146,emotionally built like wet tissue,emotionally built like wet tissue,I’m tired of being strong.,,missing_slang,missing_slang
train.jsonl,147,me? background character in my own story,me? background character in my own story,I wish someone would notice.,,missing_slang,missing_slang
train.jsonl,148,ctrl+z my existence pls,ctrl z my existence pls,I feel like I’m fading.,,missing_slang,missing_slang
train.jsonl,149,Oscar-worthy emotional masking,oscar-worthy emotional masking,I can’t keep pretending.,,short_text|missing_slang,short_text
train.jsonl,150,"me: a whole thesis, world: TL;DR","me a whole thesis, world tl dr",I want to be understood.,,missing_slang,missing_slang
train.jsonl,151,screaming internally in Comic Sans,screaming internally in comic sans,I feel like screaming.,,missing_slang,missing_slang
train.jsonl,154,mentally flipping a coin for decisions,mentally flipping a coin for decisions,I wish I knew what to do.,,missing_slang,missing_slang
train.jsonl,155,me vs me: civil war every day,me vs me civil war every day,I’m losing my mind.,,missing_slang,missing_slang
train.jsonl,156,plot twist? just depression with side quests,plot twist? just depression with side quests,I hate this phase.,,missing_slang,missing_slang
train.jsonl,157,SOS but make it aesthetic,sos but make it aesthetic,I need help.,,missing_slang,missing_slang
train.jsonl,159,overstimulated by oxygen,overstimulated by oxygen,Everything is too loud.,,short_text|missing_slang,short_text
train.jsonl,160,smiling harder than my wifi signal,smiling harder than my wifi signal,I'm tired of pretending to be okay.,,missing_slang,missing_slang
train.jsonl,161,me time? more like avoid-everyone time,me time? more like avoid-everyone time,I want to be alone.,,missing_slang,missing_slang
train.jsonl,162,everyone got the memo except me,everyone got the memo except me,I feel left behind.,,missing_slang,missing_slang
train.jsonl,163,thoughts doing parkour again huh,thoughts doing parkour again huh,I hate how I think.,,missing_slang,missing_slang
train.jsonl,165,socially glitching like a 2007 phone,socially glitching like a 2007 phone,Why am I so awkward?,,missing_slang,missing_slang
train.jsonl,166,throwback to when i had serotonin,throwback to when i had serotonin,I miss the old me.,,missing_slang,missing_slang
train.jsonl,167,emotions turned off like a light switch,emotions turned off like a light switch,I feel so numb.,,missing_slang,missing_slang
train.jsonl,168,chronically misplaced in every timeline,chronically misplaced in every timeline,I don’t belong here.,,missing_slang,missing_slang
train.jsonl,169,paranoia got hands today,paranoia got hands today,I’m scared of everything.,,missing_slang,missing_slang
train.jsonl,170,me at the tutorial: still confused,me at the tutorial still confused,I don’t know how to be normal.,,missing_slang,missing_slang
train.jsonl,171,rebranding as a lovable disaster,rebranding as a lovable disaster,I keep failing.,,missing_slang,missing_slang
train.jsonl,172,Ctrl+Shift+New Life Please,ctrl shift new life please,I want to change.,,missing_slang,missing_slang
train.jsonl,173,"tiny human, big feels","tiny human, big feels",I feel so small.,,missing_slang,missing_slang
train.jsonl,174,plot twist sponsored by chaos,plot twist sponsored by chaos,This isn’t what I planned.,,missing_slang,missing_slang
train.jsonl,175,talking in invisible ink again,talking in invisible ink again,I feel like nobody hears me.,,missing_slang,missing_slang
train.jsonl,176,duct tape and delusion holding me down,duct tape and delusion holding me down,I’m trying not to fall apart.,,missing_slang,missing_slang
train.jsonl,177,"speaking in feelings, getting ghosted","speaking in feelings, getting ghosted",I wish someone understood me.,,missing_slang,missing_slang
train.jsonl,178,cried over a song and a sandwich today,cried over a song and a sandwich today,I hate being so sensitive.,,missing_slang,missing_slang
train.jsonl,179,self-esteem sold out on arrival,self-esteem sold out on arrival,I want to be more confident.,,missing_slang,missing_slang
train.jsonl,180,gaslighting myself like it’s a hobby,gaslighting myself like it s a hobby,I don’t know what’s real.,,missing_slang,missing_slang
train.jsonl,181,manufactured personality with 2 day shipping,manufactured personality with 2 day shipping,I feel so fake.,,missing_slang,missing_slang
train.jsonl,182,heart racing for no reason? just girly things,heart racing for no reason? just girly things,I hate being anxious.,,missing_slang,missing_slang
train.jsonl,183,mental gymnastics in the anxiety olympics,mental gymnastics in the anxiety olympics,Why do I always overthink?,,missing_slang,missing_slang
train.jsonl,184,manifesting inner peace like it's Wi-Fi,manifesting inner peace like it's wi-fi,I need something to believe in.,,missing_slang,missing_slang
train.jsonl,185,ctrl+alt+delete but for life,ctrl alt delete but for life,I wish I could restart.,,missing_slang,missing_slang
train.jsonl,186,"conflict allergic, emotionally flammable","conflict allergic, emotionally flammable",I hate confrontation.,,missing_slang,missing_slang
train.jsonl,187,mouth running beta software,mouth running beta software,I always say the wrong thing.,,missing_slang,missing_slang
train.jsonl,188,bare minimum feels like luxury,bare minimum feels like luxury,I want to be loved right.,,missing_slang,missing_slang
train.jsonl,189,haunting my own timeline,haunting my own timeline,I feel like a ghost.,,missing_slang,missing_slang
train.jsonl,190,"life on loop, same bug every episode","life on loop, same bug every episode",Why does this always happen?,,missing_slang,missing_slang
train.jsonl,192,trying to be relevant in a sea of main characters,trying to be relevant in a sea of main characters,I wish I mattered more.,,missing_slang,missing_slang
train.jsonl,193,mood: unrecognizable emotions,mood unrecognizable emotions,I don’t know what happiness is.,mood,short_text,short_text
train.jsonl,194,serotonin? out of stock,serotonin? out of stock,I just want to feel okay again.,,missing_slang,missing_slang
train.jsonl,195,lost in the sauce & the algorithm,lost in the sauce the algorithm,I’m trying to find myself.,,missing_slang,missing_slang
train.jsonl,197,brain’s got 87 tabs open,brain s got 87 tabs open,I want to stop thinking.,,missing_slang,missing_slang
train.jsonl,198,stress level: iTunes user agreement,stress level itunes user agreement,I’m so stressed.,,missing_slang,missing_slang
train.jsonl,199,me clocking out of reality,me clocking out of reality,I’m done with everything.,,missing_slang,missing_slang
train.jsonl,200,"battery 0%, no charger in sight","battery 0 , no charger in sight",I’m mentally drained.,,missing_slang,missing_slang
train.jsonl,201,embarrassment is my love language,embarrassment is my love language,I hate how I act.,,missing_slang,missing_slang
train.jsonl,202,"same breakdown, different playlist","same breakdown, different playlist",I can’t keep doing this.,,missing_slang,missing_slang
train.jsonl,203,emotionally muted,emotionally muted,I don’t want to feel anymore.,,short_text|missing_slang,short_text
train.jsonl,204,"mind flooded, no lifeguard","mind flooded, no lifeguard",I’m drowning in thoughts.,,missing_slang,missing_slang
train.jsonl,205,"everyone’s sprinting, i’m buffering","everyone s sprinting, i m buffering",I feel so behind.,,missing_slang,missing_slang
train.jsonl,206,"brb, existential crisis","brb, existential crisis",I wish I could pause life.,,short_text|missing_slang,short_text
train.jsonl,207,screaming in lowercase again,screaming in lowercase again,I don’t feel heard.,,missing_slang,missing_slang
train.jsonl,208,"timeline’s on 2x speed, i’m lagging","timeline s on 2x speed, i m lagging",Everything’s moving too fast.,,missing_slang,missing_slang
train.jsonl,209,"tears on demand, no refund","tears on demand, no refund",I hate being emotional.,,missing_slang,missing_slang
train.jsonl,210,self-upgrade stuck in beta,self-upgrade stuck in beta,I’m trying to be better.,,missing_slang,missing_slang
train.jsonl,211,chaotic good but mostly just chaotic,chaotic good but mostly just chaotic,I feel like a mess.,,missing_slang,missing_slang
train.jsonl,212,peace and quiet? sounds mythical,peace and quiet? sounds mythical,I just want quiet.,,missing_slang,missing_slang
train.jsonl,214,"mentally boxed in, no exit","mentally boxed in, no exit",I feel trapped.,,missing_slang,missing_slang
train.jsonl,215,trust issues with trust issues,trust issues with trust issues,I want to trust again.,,missing_slang,missing_slang
train.jsonl,216,mentally: that cat in a ceiling fan,mentally that cat in a ceiling fan,I’m spiraling.,,missing_slang,missing_slang
train.jsonl,217,"spotlight off, stage empty","spotlight off, stage empty",I want to be seen.,,missing_slang,missing_slang
train.jsonl,218,emotionally clingy with wifi dependency,emotionally clingy with wifi dependency,I hate how needy I am.,,missing_slang,missing_slang
train.jsonl,219,award for most consistent breakdown goes to me,award for most consistent breakdown goes to me,I feel like a failure.,,missing_slang,missing_slang
train.jsonl,220,identity crisis with a side of fries,identity crisis with a side of fries,I don’t know who I am.,,missing_slang,missing_slang
train.jsonl,221,silent rage in hi-res,silent rage in hi-res,I want to scream but I can’t.,,missing_slang,missing_slang
train.jsonl,222,trying to return to sender,trying to return to sender,I hate being me sometimes.,,missing_slang,missing_slang
train.jsonl,223,daily rerun of emotional rollercoaster,daily rerun of emotional rollercoaster,I’m stuck in a loop.,,missing_slang,missing_slang
train.jsonl,224,emotionally choking on pride,emotionally choking on pride,I don’t know how to ask for help.,,missing_slang,missing_slang
train.jsonl,225,"different font, same confusion","different font, same confusion",I wish I was different.,,missing_slang,missing_slang
train.jsonl,226,productivity paralysis activated,productivity paralysis activated,I feel like I’m not doing enough.,,short_text|missing_slang,short_text
train.jsonl,227,me: unsolved puzzle missing half the pieces,me unsolved puzzle missing half the pieces,I need to figure myself out.,,missing_slang,missing_slang
train.jsonl,228,"lonely in a crowd, classic","lonely in a crowd, classic",I’m scared of being alone.,,missing_slang,missing_slang
train.jsonl,230,insecurity on loop,insecurity on loop,I feel like I’m not enough.,,short_text|missing_slang,short_text
train.jsonl,231,Google Translate couldn’t decode me either,google translate couldn t decode me either,I hate being misunderstood.,,missing_slang,missing_slang
train.jsonl,233,history major in bad decisions,history major in bad decisions,I keep repeating the same mistakes.,,missing_slang,missing_slang
train.jsonl,235,life turned into a group project again,life turned into a group project again,I feel overwhelmed by everything.,,missing_slang,missing_slang
train.jsonl,236,"crying in HD, no filter","crying in hd, no filter",I hate being so emotional.,,missing_slang,missing_slang
train.jsonl,237,character dev arc loading... slowly,character dev arc loading. slowly,I want to be stronger.,,missing_slang,missing_slang
train.jsonl,238,"everyone’s a Tesla, i’m a tricycle","everyone s a tesla, i m a tricycle",I feel like I’m falling behind.,,missing_slang,missing_slang
train.jsonl,239,just tryna be someone’s pinned message,just tryna be someone s pinned message,I want to matter to someone.,,missing_slang,missing_slang
train.jsonl,241,ghosting everything except my thoughts,ghosting everything except my thoughts,I want to disappear for a while.,,missing_slang,missing_slang
train.jsonl,242,unplugging thoughts like a toaster,unplugging thoughts like a toaster,I wish I could shut my brain off.,,missing_slang,missing_slang
train.jsonl,243,permanently running on fumes,permanently running on fumes,I feel exhausted all the time.,,missing_slang,missing_slang
train.jsonl,244,"face hurting, soul hurting more","face hurting, soul hurting more",I can’t fake a smile anymore.,,missing_slang,missing_slang
train.jsonl,245,existential reboot required,existential reboot required,I want to feel human again.,,short_text|missing_slang,short_text
train.jsonl,246,reality left me on read,reality left me on read,I’m losing touch with reality.,,missing_slang,missing_slang
train.jsonl,247,stuck in the loading screen of existence,stuck in the loading screen of existence,I feel stuck in life.,,missing_slang,missing_slang
train.jsonl,248,rewind button where??,rewind button where,I wish I could go back.,,short_text|missing_slang,short_text
train.jsonl,249,"too quiet, like my DMs and mental health","too quiet, like my dms and mental health",I hate how quiet it is.,,missing_slang,missing_slang
train.jsonl,250,emotionally buffering since 2019,emotionally buffering since 2019,I miss feeling excited.,,missing_slang,missing_slang
train.jsonl,251,ctrl+z myself out of this timeline,ctrl z myself out of this timeline,I want to vanish.,,missing_slang,missing_slang
train.jsonl,253,communication.exe not responding,communication.exe not responding,I don’t want to talk.,,short_text|missing_slang,short_text
train.jsonl,254,me coded on deprecated logic,me coded on deprecated logic,Why am I like this?,,missing_slang,missing_slang
train.jsonl,255,life on airplane mode,life on airplane mode,I feel like I’m just existing.,,missing_slang,missing_slang
train.jsonl,257,brain playing a 24/7 horror podcast,brain playing a 24 7 horror podcast,I’m stuck in my head.,,missing_slang,missing_slang
train.jsonl,258,comfort zone is my toxic ex,comfort zone is my toxic ex,I’m scared of change.,,missing_slang,missing_slang
train.jsonl,259,talking to walls with better response times,talking to walls with better response times,I hate being ignored.,,missing_slang,missing_slang
train.jsonl,260,nihilism with glitter,nihilism with glitter,I feel like nothing matters.,,short_text|missing_slang,short_text
train.jsonl,261,identity hidden behind a loading screen,identity hidden behind a loading screen,I want to be seen for who I am.,,missing_slang,missing_slang
train.jsonl,262,built-in self-destruct activated,built-in self-destruct activated,I keep sabotaging myself.,,short_text|missing_slang,short_text
train.jsonl,263,seeking validation like it’s a job,seeking validation like it s a job,I wish I felt loved.,,missing_slang,missing_slang
train.jsonl,264,"new game, no trauma please","new game, no trauma please",I want to start over.,,missing_slang,missing_slang
train.jsonl,265,emotions? more like errors,emotions? more like errors,I hate feeling like this.,,missing_slang,missing_slang
train.jsonl,266,brain stuck in a slideshow,brain stuck in a slideshow,I can’t focus on anything.,,missing_slang,missing_slang
train.jsonl,267,flopping harder than my WiFi,flopping harder than my wifi,I feel like a failure.,,missing_slang,missing_slang
train.jsonl,268,joy? unavailable in my region,joy? unavailable in my region,Why can’t I be happy?,,missing_slang,missing_slang
train.jsonl,269,burnt out like a forgotten candle,burnt out like a forgotten candle,I’m tired of everything.,,missing_slang,missing_slang
train.jsonl,270,"screaming in lowercase, respectfully","screaming in lowercase, respectfully",I want to scream.,,missing_slang,missing_slang
train.jsonl,272,invisible but in HD,invisible but in hd,I wish people cared.,,missing_slang,missing_slang
train.jsonl,273,emotions got teeth now,emotions got teeth now,I’m scared to feel.,,missing_slang,missing_slang
train.jsonl,274,life without ads when?,life without ads when,I just want a break.,,missing_slang,missing_slang
train.jsonl,275,"mask on, personality pending","mask on, personality pending",I hate always pretending.,,missing_slang,missing_slang
train.jsonl,276,"opacity: 30%, relevance: 0%","opacity 30 , relevance 0",I feel like I’m fading.,,missing_slang,missing_slang
train.jsonl,277,people pleaser with no battery,people pleaser with no battery,I don’t want to disappoint.,,missing_slang,missing_slang
train.jsonl,278,character dev arc turned villain,character dev arc turned villain,I hate who I’m becoming.,,missing_slang,missing_slang
train.jsonl,279,"Wi-Fi fine, soul offline","wi-fi fine, soul offline",I feel disconnected.,,missing_slang,missing_slang
train.jsonl,281,infinite fatigue mode,infinite fatigue mode,I’m tired of being tired.,,short_text|missing_slang,short_text
train.jsonl,282,certified background character,certified background character,I don’t belong anywhere.,,short_text|missing_slang,short_text
train.jsonl,283,thoughts doing CrossFit,thoughts doing crossfit,I keep overthinking.,,short_text|missing_slang,short_text
train.jsonl,284,can I swap characters please?,can i swap characters please,I want to be someone else.,,missing_slang,missing_slang
train.jsonl,285,difficulty: life set to nightmare mode,difficulty life set to nightmare mode,Why is it so hard to be okay?,,missing_slang,missing_slang
train.jsonl,286,emotional baggage in human form,emotional baggage in human form,I feel like a burden.,,missing_slang,missing_slang
train.jsonl,287,identity under construction,identity under construction,I’m scared of being myself.,,short_text|missing_slang,short_text
train.jsonl,288,sleep is the only safe place,sleep is the only safe place,I hate waking up.,,missing_slang,missing_slang
train.jsonl,289,"speaking feelings, receiving static","speaking feelings, receiving static",I just want to be understood.,,missing_slang,missing_slang
train.jsonl,290,"not everyone’s cup of tea, not even water","not everyone s cup of tea, not even water",I’m tired of being judged.,,missing_slang,missing_slang
train.jsonl,291,just wanna log out of consciousness,just wanna log out of consciousness,I want to stop existing.,,missing_slang,missing_slang
train.jsonl,292,hope got me clowned last time,hope got me clowned last time,I’m afraid to hope.,,missing_slang,missing_slang
train.jsonl,293,emotional flood warning in effect,emotional flood warning in effect,I feel too much.,,missing_slang,missing_slang
train.jsonl,294,mentally 404,mentally 404,I can’t handle this.,,short_text|missing_slang,short_text
train.jsonl,295,romance DLC not unlocked,romance dlc not unlocked,I feel unlovable.,,missing_slang,missing_slang
train.jsonl,296,don’t even show up in dreams,don t even show up in dreams,I’m scared of being forgotten.,,missing_slang,missing_slang
train.jsonl,297,pain turned permanent resident,pain turned permanent resident,I want to stop hurting.,,missing_slang,missing_slang
train.jsonl,298,cracked like an old iPhone screen,cracked like an old iphone screen,I feel broken.,,missing_slang,missing_slang
train.jsonl,299,expectations not compatible with current version,expectations not compatible with current version,I can’t be what they want.,,missing_slang,missing_slang
train.jsonl,300,fear.exe keeps booting up,fear.exe keeps booting up,I’m scared to try.,,missing_slang,missing_slang
train.jsonl,301,alt+F4 on self,alt f4 on self,I wish I wasn’t me.,,missing_slang,missing_slang
train.jsonl,302,emotionally underwater with no floaties,emotionally underwater with no floaties,I feel like I’m drowning.,,missing_slang,missing_slang
train.jsonl,303,casually considering becoming a myth,casually considering becoming a myth,I don’t want to exist.,,missing_slang,missing_slang
train.jsonl,304,visibility gives me allergic reactions,visibility gives me allergic reactions,I hate being seen.,,missing_slang,missing_slang
train.jsonl,306,chronically running out of motivation,chronically running out of motivation,I feel like I’m wasting time.,,missing_slang,missing_slang
train.jsonl,307,vanishing act pending,vanishing act pending,I want to disappear.,,short_text|missing_slang,short_text
train.jsonl,308,social skills expired,social skills expired,I can’t handle people.,,short_text|missing_slang,short_text
train.jsonl,309,value = null,value null,I feel like I’m not worth it.,,short_text|missing_slang,short_text
train.jsonl,310,door to Narnia when??,door to narnia when,I just want to escape.,,missing_slang,missing_slang
train.jsonl,311,freestyling life and it shows,freestyling life and it shows,I don’t know what I’m doing.,,missing_slang,missing_slang
train.jsonl,312,identity crisis: season 4,identity crisis season 4,I’m tired of being me.,,missing_slang,missing_slang
train.jsonl,313,factory reset but emotionally,factory reset but emotionally,I wish I could reset.,,missing_slang,missing_slang
train.jsonl,314,"mask off, chaos on","mask off, chaos on",I’m done pretending.,,missing_slang,missing_slang
train.jsonl,315,people proximity warning,people proximity warning,I hate being around people.,,short_text|missing_slang,short_text
train.jsonl,316,present but barely,present but barely,I feel like a shadow.,,short_text|missing_slang,short_text
train.jsonl,317,tears buffering,tears buffering,I want to cry but can’t.,,short_text|missing_slang,short_text
train.jsonl,318,emotionally low-res,emotionally low-res,I’m numb.,,short_text|missing_slang,short_text
train.jsonl,319,uninstalling brain pls wait,uninstalling brain pls wait,I hate feeling this way.,,missing_slang,missing_slang
train.jsonl,320,mentally in a frozen gif,mentally in a frozen gif,I feel stuck in time.,,missing_slang,missing_slang
train.jsonl,321,"notepad closed, story unsaved","notepad closed, story unsaved",I don’t want to explain myself.,,missing_slang,missing_slang
train.jsonl,322,locked like notes app at 3am,locked like notes app at 3am,I’m scared to open up.,,missing_slang,missing_slang
train.jsonl,323,flatlining feelings,flatlining feelings,I want to feel something.,,short_text|missing_slang,short_text
train.jsonl,324,game over vibes,game over vibes,I can’t do this anymore.,vibes,short_text,short_text
train.jsonl,325,disappear like a Snap story,disappear like a snap story,I want to stop existing.,,missing_slang,missing_slang
train.jsonl,326,glitched out of the womb,glitched out of the womb,I feel like a mistake.,,missing_slang,missing_slang
train.jsonl,327,independent but deeply codependent,independent but deeply codependent,I hate needing people.,,missing_slang,missing_slang
train.jsonl,328,silent mode: activated permanently,silent mode activated permanently,I feel like screaming but nothing comes out.,,missing_slang,missing_slang
train.jsonl,329,reality jumpscaring me daily,reality jumpscaring me daily,I’m scared to live.,,missing_slang,missing_slang
train.jsonl,330,normal? like those NPCs?,normal? like those npcs,I want to feel normal.,,missing_slang,missing_slang
train.jsonl,331,serotonin in witness protection,serotonin in witness protection,I wish I was happier.,,missing_slang,missing_slang
train.jsonl,332,brb dropping the act,brb dropping the act,I’m done being strong.,,missing_slang,missing_slang
train.jsonl,333,haunting my own narrative,haunting my own narrative,I feel like a ghost in my own life.,,missing_slang,missing_slang
train.jsonl,334,emotionally jailed with no bail,emotionally jailed with no bail,I want to feel free.,,missing_slang,missing_slang
train.jsonl,335,brain needs a spam filter,brain needs a spam filter,I hate my thoughts.,,missing_slang,missing_slang
train.jsonl,336,help me but don’t look at me,help me but don t look at me,I’m scared to ask for help.,,missing_slang,missing_slang
train.jsonl,337,comedy genre unlocked without consent,comedy genre unlocked without consent,I feel like a joke.,,missing_slang,missing_slang
train.jsonl,338,burnt out like a Tumblr gif,burnt out like a tumblr gif,I’m emotionally exhausted.,,missing_slang,missing_slang
train.jsonl,339,faith.exe missing,faith.exe missing,I want to believe in something.,,short_text|missing_slang,short_text
train.jsonl,340,normalcy not found,normalcy not found,I wish I felt okay.,,short_text|missing_slang,short_text
train.jsonl,341,simulation lagging again,simulation lagging again,I don’t feel real.,,short_text|missing_slang,short_text
train.jsonl,342,alternate universe me is thriving,alternate universe me is thriving,I want things to be different.,,missing_slang,missing_slang
train.jsonl,343,sadness set as default theme,sadness set as default theme,I hate always feeling sad.,,missing_slang,missing_slang
train.jsonl,344,passenger in my own chaos,passenger in my own chaos,I feel like I’m on autopilot.,,missing_slang,missing_slang
train.jsonl,345,cameo in my own biopic,cameo in my own biopic,I feel like a background character.,,missing_slang,missing_slang
train.jsonl,346,vintage me had more serotonin,vintage me had more serotonin,I miss the old me.,,missing_slang,missing_slang
train.jsonl,347,404: sanity not found,404 sanity not found,I'm not okay.,,missing_slang,missing_slang
train.jsonl,348,plotline written by a drunk author,plotline written by a drunk author,I wish things made sense.,,missing_slang,missing_slang
train.jsonl,349,microdosing existence,microdosing existence,I feel so small.,,short_text|missing_slang,short_text
train.jsonl,350,sleep schedule set to chaos,sleep schedule set to chaos,I can’t sleep again.,,missing_slang,missing_slang
train.jsonl,352,human interaction hitting patch limit,human interaction hitting patch limit,I’m tired of people.,,missing_slang,missing_slang
train.jsonl,353,ctrl+alt+delete everything,ctrl alt delete everything,I want a new life.,,missing_slang,missing_slang
train.jsonl,354,haunted house but it’s my brain,haunted house but it s my brain,I can’t escape my mind.,,missing_slang,missing_slang
train.jsonl,355,left on read by destiny,left on read by destiny,I feel unwanted.,,missing_slang,missing_slang
train.jsonl,357,autotune my trauma,autotune my trauma,I hate my voice.,,short_text|missing_slang,short_text
train.jsonl,358,danger is my emotional support pet,danger is my emotional support pet,I don’t feel safe.,,missing_slang,missing_slang
train.jsonl,359,void said 'seen' and dipped,void said 'seen' and dipped,I want to scream into the void.,,missing_slang,missing_slang
train.jsonl,360,looping like a cursed gif,looping like a cursed gif,I’m spiraling again.,,missing_slang,missing_slang
train.jsonl,361,vacancy sign permanently on,vacancy sign permanently on,I feel so empty.,,missing_slang,missing_slang
train.jsonl,362,emotional bluetooth not connecting,emotional bluetooth not connecting,I need to feel something.,,missing_slang,missing_slang
train.jsonl,363,existential limbo ft. static,existential limbo ft. static,I miss having purpose.,,missing_slang,missing_slang
train.jsonl,364,mood: expired,mood expired,I hate feeling this way.,mood,short_text,short_text
train.jsonl,366,camouflaged by my own sadness,camouflaged by my own sadness,I feel invisible.,,missing_slang,missing_slang
train.jsonl,367,mentally living in a Studio Ghibli scene,mentally living in a studio ghibli scene,I want to go far away.,,missing_slang,missing_slang
train.jsonl,368,solitude with boss music,solitude with boss music,I’m scared of being alone.,,missing_slang,missing_slang
train.jsonl,369,ghosted by life itself,ghosted by life itself,I feel unwanted.,,missing_slang,missing_slang
train.jsonl,370,talking in riddles no one solves,talking in riddles no one solves,I just want someone to understand.,,missing_slang,missing_slang
train.jsonl,371,identity not cached,identity not cached,I don’t know who I am anymore.,,short_text|missing_slang,short_text
train.jsonl,372,stats too low for emotional boss battle,stats too low for emotional boss battle,I’m not strong enough.,,missing_slang,missing_slang
train.jsonl,374,solo queue in emotional ranked,solo queue in emotional ranked,I can’t do this alone.,,missing_slang,missing_slang
train.jsonl,375,Google has failed me spiritually,google has failed me spiritually,I wish I had answers.,,missing_slang,missing_slang
train.jsonl,376,decaying in HD,decaying in hd,I feel like I’m rotting.,,short_text|missing_slang,short_text
train.jsonl,377,oxygen on cooldown,oxygen on cooldown,I can’t breathe properly.,,short_text|missing_slang,short_text
train.jsonl,378,self-roast turned permanent,self-roast turned permanent,I hate myself sometimes.,,short_text|missing_slang,short_text
train.jsonl,379,punchline with no setup,punchline with no setup,I feel like a joke.,,missing_slang,missing_slang
train.jsonl,380,identity hiding under the bed,identity hiding under the bed,I’m scared to be myself.,,missing_slang,missing_slang
train.jsonl,381,opacity: 5% and declining,opacity 5 and declining,I want to fade away.,,missing_slang,missing_slang
train.jsonl,382,past trauma on shuffle,past trauma on shuffle,I keep reliving my mistakes.,,missing_slang,missing_slang
train.jsonl,383,mental RAM is full,mental ram is full,I’m so overwhelmed.,,missing_slang,missing_slang
train.jsonl,384,hope.exe force closed,hope.exe force closed,I feel like giving up.,,short_text|missing_slang,short_text
train.jsonl,385,communication debuffed,communication debuffed,I can’t talk to anyone.,,short_text|missing_slang,short_text
train.jsonl,386,downloading self-upgrade pack,downloading self-upgrade pack,I want to be better.,,short_text|missing_slang,short_text
train.jsonl,387,valueError: self-worth not defined,valueerror self-worth not defined,I feel like I’m not enough.,,missing_slang,missing_slang
train.jsonl,388,attention seeker with no Wi-Fi,attention seeker with no wi-fi,I hate feeling ignored.,,missing_slang,missing_slang
train.jsonl,389,nostalgia hits harder than reality,nostalgia hits harder than reality,I miss when things were simple.,,missing_slang,missing_slang
train.jsonl,390,groundhog day but make it sad,groundhog day but make it sad,I feel like I’m stuck in a loop.,,missing_slang,missing_slang
train.jsonl,391,enemy: self | difficulty: extreme,enemy self difficulty extreme,I’m scared of myself.,,missing_slang,missing_slang
train.jsonl,392,mask cracked beyond repair,mask cracked beyond repair,I can’t keep pretending.,,missing_slang,missing_slang
train.jsonl,393,emotionless but aesthetically,emotionless but aesthetically,I don’t feel anything.,,short_text|missing_slang,short_text
train.jsonl,394,romantic interest still downloading,romantic interest still downloading,I want to feel loved.,,missing_slang,missing_slang
train.jsonl,395,soul's Wi-Fi: disconnected,soul's wi-fi disconnected,I feel disconnected.,,short_text|missing_slang,short_text
train.jsonl,396,"standards updated, still irrelevant","standards updated, still irrelevant",I’m tired of expectations.,,missing_slang,missing_slang
train.jsonl,397,internal screaming on mute,internal screaming on mute,I just want silence.,,missing_slang,missing_slang
train.jsonl,398,searching for zen in dark mode,searching for zen in dark mode,I can’t find peace.,,missing_slang,missing_slang
train.jsonl,399,abandonment issues but make it Y2K,abandonment issues but make it y2k,I’m scared of being left behind.,,missing_slang,missing_slang
train.jsonl,400,unavailable behind 37 layers of sarcasm,unavailable behind 37 layers of sarcasm,I wish people knew the real me.,,missing_slang,missing_slang
train.jsonl,401,error 502: perspective overload,error 502 perspective overload,I feel like I’m always wrong.,,missing_slang,missing_slang
train.jsonl,402,built different but not in a good way,built different but not in a good way,I’m not good enough.,,missing_slang,missing_slang
train.jsonl,403,ctrl+z life,ctrl z life,I want a reset button.,,short_text|missing_slang,short_text
train.jsonl,404,foresight.exe encountered a fatal error,foresight.exe encountered a fatal error,I’m scared of the future.,,missing_slang,missing_slang
train.jsonl,405,guest in every room I enter,guest in every room i enter,I feel like I don’t belong.,,missing_slang,missing_slang
train.jsonl,406,performance anxiety + realism = me,performance anxiety realism me,I’m scared I’ll fail.,,missing_slang,missing_slang
train.jsonl,407,no lifeguard in the emotional pool,no lifeguard in the emotional pool,I feel like I’m drowning.,,missing_slang,missing_slang
train.jsonl,408,"new tab, same chaos","new tab, same chaos",I just want a fresh start.,,missing_slang,missing_slang
train.jsonl,409,emotions set to factory default,emotions set to factory default,I feel like a robot.,,missing_slang,missing_slang
train.jsonl,410,exposure equals emotional lag,exposure equals emotional lag,I hate being vulnerable.,,missing_slang,missing_slang
train.jsonl,411,AI but with more bugs,ai but with more bugs,I don’t feel human.,,missing_slang,missing_slang
train.jsonl,412,door’s open but it’s booby trapped,door s open but it s booby trapped,I’m scared to let people in.,,missing_slang,missing_slang
train.jsonl,413,trust issues built like Fort Knox,trust issues built like fort knox,I want to trust people.,,missing_slang,missing_slang
train.jsonl,414,hero arc turned burnout arc,hero arc turned burnout arc,I’m tired of being strong.,,missing_slang,missing_slang
train.jsonl,415,happy.exe not responding,happy.exe not responding,I just want to be happy again.,,short_text|missing_slang,short_text
train.jsonl,416,mentally living in liminal spaces,mentally living in liminal spaces,I feel so distant.,,missing_slang,missing_slang
train.jsonl,417,numb with premium subscription,numb with premium subscription,I miss feeling something.,,missing_slang,missing_slang
train.jsonl,418,alarm hits harder than reality,alarm hits harder than reality,I don’t want to wake up.,,missing_slang,missing_slang
train.jsonl,419,princess arc with no castle,princess arc with no castle,I want someone to save me.,,missing_slang,missing_slang
train.jsonl,420,Oscar-worthy performance expired,oscar-worthy performance expired,I’m tired of pretending.,,short_text|missing_slang,short_text
train.jsonl,421,left in the drafts of existence,left in the drafts of existence,I feel forgotten.,,missing_slang,missing_slang
train.jsonl,422,walking ick compilation,walking ick compilation,I hate everything about me.,,short_text|missing_slang,short_text
train.jsonl,423,relevance set to airplane mode,relevance set to airplane mode,I feel like I don’t matter.,,missing_slang,missing_slang
train.jsonl,424,weighted blanket for the soul,weighted blanket for the soul,I just want comfort.,,missing_slang,missing_slang
train.jsonl,425,cringe in 4K,cringe in 4k,I’m scared of judgment.,cringe,short_text,short_text
train.jsonl,426,speaking Morse in emoji world,speaking morse in emoji world,I feel so misunderstood.,,missing_slang,missing_slang
train.jsonl,427,speedrun any% escape,speedrun any escape,I want to run away.,speedrun,short_text,short_text
train.jsonl,428,body snatched by anxiety,body snatched by anxiety,I don’t feel like myself.,,missing_slang,missing_slang
train.jsonl,429,boss battle fatigue unlocked,boss battle fatigue unlocked,I’m tired of fighting.,,missing_slang,missing_slang
train.jsonl,430,puzzle missing its final piece,puzzle missing its final piece,I want to feel whole again.,,missing_slang,missing_slang
train.jsonl,431,frame drops in my reality,frame drops in my reality,I feel like I’m glitching.,,missing_slang,missing_slang
train.jsonl,432,life with ads is too long,life with ads is too long,I just want a break.,,missing_slang,missing_slang
train.jsonl,433,affection.exe still installing,affection.exe still installing,I want to be cared for.,,short_text|missing_slang,short_text
train.jsonl,434,romance gave me a virus,romance gave me a virus,I’m scared of love.,,missing_slang,missing_slang
train.jsonl,435,hope left the group chat,hope left the group chat,I feel hopeless.,,missing_slang,missing_slang
train.jsonl,436,"mask slipped, chaos revealed","mask slipped, chaos revealed",I can’t fake a smile anymore.,,missing_slang,missing_slang
train.jsonl,438,screaming into a muted mic,screaming into a muted mic,I’m tired of being ignored.,,missing_slang,missing_slang
train.jsonl,440,"talkin to u got me giggling, twirling my hair, n rethinking childhood trauma all at once","talkin to u got me giggling, twirling my hair, n rethinking childhood trauma all at once",I love talking to you.,,missing_slang,missing_slang
train.jsonl,441,"wake, scroll, rot, sleep, repeat—my personal lil digital purgatory","wake, scroll, rot, sleep, repeat my personal lil digital purgatory",Life feels repetitive.,,missing_slang,missing_slang
train.jsonl,444,system error: brain.exe encountered feelings again,system error brain.exe encountered feelings again,Why am I like this?,,missing_slang,missing_slang
train.jsonl,446,"brain be running 28 tabs, 4 playlists, and a lil self-doubt","brain be running 28 tabs, 4 playlists, and a lil self-doubt",I think too much.,,missing_slang,missing_slang
train.jsonl,449,u did that?? ok starboy behavior 🫡,u did that. ok starboy behavior,I'm proud of you.,,missing_slang,missing_slang
train.jsonl,451,"ur not too much, they just got lil spoon energy","ur not too much, they just got lil spoon energy",You're not a burden.,,missing_slang,missing_slang
train.jsonl,452,me staring at walls at 3am like 'so this is the void huh',me staring at walls at 3am like 'so this is the void huh',Do you ever feel empty?,,missing_slang,missing_slang
train.jsonl,454,missing u like a serotonin molecule in my fried neural pathways,missing u like a serotonin molecule in my fried neural pathways,I miss you.,,missing_slang,missing_slang
train.jsonl,455,scrollin at 2:47am lookin for validation n memes to numb the spiraling,scrollin at 2 47am lookin for validation n memes to numb the spiraling,I can't sleep.,,missing_slang,missing_slang
train.jsonl,456,"and just like that, i fumbled peace again 😭","and just like that, i fumbled peace again",That was a mistake.,,missing_slang,missing_slang
train.jsonl,457,pull up let’s trauma bond over overpriced coffee n unreleased thoughts,pull up let s trauma bond over overpriced coffee n unreleased thoughts,Let's hang out.,,missing_slang,missing_slang
train.jsonl,462,tired of chaos. i want my lil cottagecore era of inner peace,tired of chaos. i want my lil cottagecore era of inner peace,I just want peace.,,missing_slang,missing_slang
train.jsonl,463,"u = human version of hoodie weather, playlists, n warm tea","u human version of hoodie weather, playlists, n warm tea",You're my comfort person.,,missing_slang,missing_slang
train.jsonl,465,appreciate u lettin me info dump my emotional save file,appreciate u lettin me info dump my emotional save file,Thanks for listening.,,missing_slang,missing_slang
train.jsonl,466,it's not sad it's just... crunchy inside yk?,it's not sad it's just. crunchy inside yk,I can't explain what I feel.,,missing_slang,missing_slang
train.jsonl,467,me after replying to 1 email: look at me go 😤,me after replying to 1 email look at me go,I'm proud of myself.,,missing_slang,missing_slang
train.jsonl,468,not healed but at least the wounds got lo-fi beats now,not healed but at least the wounds got lo-fi beats now,I'm healing.,,missing_slang,missing_slang
train.jsonl,470,brain said 'alt+f4 life pls',brain said 'alt f4 life pls',I need a break.,,missing_slang,missing_slang
train.jsonl,471,failure isn’t even scary anymore it’s just my default ending 💀,failure isn t even scary anymore it s just my default ending,I'm scared of failing.,,missing_slang,missing_slang
train.jsonl,472,"me: finally happy
also me: what if we ruin it for fun",me finally happy also me what if we ruin it for fun,Why do I sabotage myself?,,missing_slang,missing_slang
train.jsonl,475,u said that n my heart did a lil backflip,u said that n my heart did a lil backflip,That meant a lot.,,missing_slang,missing_slang
train.jsonl,476,brain be writing fanfic scenarios in 4K HD just to hurt me,brain be writing fanfic scenarios in 4k hd just to hurt me,I overthink everything.,,missing_slang,missing_slang
train.jsonl,477,alternate timeline me living peacefully while i rot here,alternate timeline me living peacefully while i rot here,I wish things were different.,,missing_slang,missing_slang
train.jsonl,479,emotionally overstimulated from doing the bare minimum today,emotionally overstimulated from doing the bare minimum today,This is too much.,,missing_slang,missing_slang
train.jsonl,480,me: alive but not really. like an unplugged fridge,me alive but not really. like an unplugged fridge,I feel numb.,,missing_slang,missing_slang
train.jsonl,481,"ur existence = rare pokemon drop rate, don’t forget","ur existence rare pokemon drop rate, don t forget",You matter.,,missing_slang,missing_slang
train.jsonl,483,mentally still arguing with someone from 2018,mentally still arguing with someone from 2018,I'm stuck in the past.,,missing_slang,missing_slang
train.jsonl,484,infinite loading screen of emotional development,infinite loading screen of emotional development,This feels never-ending.,,missing_slang,missing_slang
train.jsonl,485,not ghosting u just recharging in airplane mode,not ghosting u just recharging in airplane mode,I need space.,,missing_slang,missing_slang
train.jsonl,486,wanna ctrl+alt+del this connection n re-roll,wanna ctrl alt del this connection n re-roll,Can we start over?,,missing_slang,missing_slang
train.jsonl,487,back when i wasn’t fried n my spark still worked,back when i wasn t fried n my spark still worked,I miss the old me.,,missing_slang,missing_slang
train.jsonl,490,letting go is cute until ur brain makes a remix at 3am,letting go is cute until ur brain makes a remix at 3am,I’m trying to let go.,,missing_slang,missing_slang
train.jsonl,491,mentally chewing drywall n emotionally speedrunning sadness,mentally chewing drywall n emotionally speedrunning sadness,I'm not okay.,,missing_slang,missing_slang
train.jsonl,492,ik i act like idc but if u dip i’m collapsing like a wet taco,ik i act like idc but if u dip i m collapsing like a wet taco,Please don’t leave me.,,missing_slang,missing_slang
train.jsonl,493,me questioning reality like a sims character gaining awareness,me questioning reality like a sims character gaining awareness,Everything feels fake.,,missing_slang,missing_slang
train.jsonl,494,ghost mode activated but no one noticed anyway,ghost mode activated but no one noticed anyway,I feel invisible.,,missing_slang,missing_slang
train.jsonl,495,"over it, under it, around it—still suffering","over it, under it, around it still suffering",I’m over this.,,missing_slang,missing_slang
train.jsonl,496,yellin into the void hoping the void got ears,yellin into the void hoping the void got ears,Can you hear me?,,missing_slang,missing_slang
train.jsonl,498,now i just dream of 8 hours uninterrupted sleep,now i just dream of 8 hours uninterrupted sleep,I used to dream big.,,missing_slang,missing_slang
train.jsonl,500,wrong timeline. wrong quest. wrong multiverse.,wrong timeline. wrong quest. wrong multiverse,I don’t belong here.,,missing_slang,missing_slang
train.jsonl,501,u built different but like in a soft emo way,u built different but like in a soft emo way,You're different.,,missing_slang,missing_slang
train.jsonl,502,mentally waving a white flag but in lowercase,mentally waving a white flag but in lowercase,I need help.,,missing_slang,missing_slang
train.jsonl,503,been battling demons and they using cheat codes,been battling demons and they using cheat codes,I’m sorry for being distant.,,missing_slang,missing_slang
train.jsonl,505,emotional volume stuck at 200% n the mute button broke,emotional volume stuck at 200 n the mute button broke,I feel everything too much.,,missing_slang,missing_slang
train.jsonl,506,u belong in heaven and i’m out here goofin in purgatory,u belong in heaven and i m out here goofin in purgatory,You're too good for me.,,missing_slang,missing_slang
train.jsonl,507,battery low. soul buffering. pls wait...,battery low. soul buffering. pls wait,I can't go on like this.,,missing_slang,missing_slang
train.jsonl,508,do i pop up in ur intrusive thoughts too or nah,do i pop up in ur intrusive thoughts too or nah,Do you miss me?,,missing_slang,missing_slang
train.jsonl,509,haha yeah totally fine just sobbing in my 5-minute break,haha yeah totally fine just sobbing in my 5-minute break,Everything’s fine.,,missing_slang,missing_slang
train.jsonl,511,me: self-sabotaging like it’s a competitive sport,me self-sabotaging like it s a competitive sport,I ruined everything.,,missing_slang,missing_slang
train.jsonl,512,on a lil quest to find my peace and my charger,on a lil quest to find my peace and my charger,I just need time.,,missing_slang,missing_slang
train.jsonl,513,ik u left me on read and my soul too,ik u left me on read and my soul too,You never cared.,,missing_slang,missing_slang
train.jsonl,516,me comparing myself to pinterest boards again,me comparing myself to pinterest boards again,I'm not enough.,,missing_slang,missing_slang
train.jsonl,517,u need someone who doesn’t spiral daily at 2am,u need someone who doesn t spiral daily at 2am,You deserve better.,,missing_slang,missing_slang
train.jsonl,519,universe got me on repeat like a sad tiktok audio,universe got me on repeat like a sad tiktok audio,Why does this keep happening?,,missing_slang,missing_slang
train.jsonl,520,me looking at the stars n realizing my GPA too irrelevant,me looking at the stars n realizing my gpa too irrelevant,Nothing matters.,,missing_slang,missing_slang
train.jsonl,521,i’m chillin 😐 (internally in an emotional tornado),i m chillin internally in an emotional tornado,Don’t worry about me.,,missing_slang,missing_slang
train.jsonl,522,now i believe in doordash and seasonal depression,now i believe in doordash and seasonal depression,I used to believe in love.,,missing_slang,missing_slang
train.jsonl,523,"not living, just buffering through another episode","not living, just buffering through another episode",I'm just existing.,,missing_slang,missing_slang
train.jsonl,524,life crumbling like a cookie in warm milk,life crumbling like a cookie in warm milk,Everything’s falling apart.,,missing_slang,missing_slang
train.jsonl,525,identity.exe stopped responding,identity.exe stopped responding,I don't know who I am.,,short_text|missing_slang,short_text
train.jsonl,528,pls be my emotional support playlist,pls be my emotional support playlist,I need you.,,missing_slang,missing_slang
train.jsonl,529,default settings set to 'cry a lil and panic',default settings set to 'cry a lil and panic',Why am I always like this?,,missing_slang,missing_slang
train.jsonl,533,congrats u unlocked my villain arc,congrats u unlocked my villain arc,You broke me.,,missing_slang,missing_slang
train.jsonl,535,game over screen stuck on loop,game over screen stuck on loop,I’m done.,,missing_slang,missing_slang
train.jsonl,536,me: online 24/7. also me: emotionally unavailable,me online 24 7. also me emotionally unavailable,I feel unwanted.,,missing_slang,missing_slang
train.jsonl,537,if u leave i’m back to cuddling my intrusive thoughts,if u leave i m back to cuddling my intrusive thoughts,Please don’t go.,,missing_slang,missing_slang
train.jsonl,538,need an emotional co-op mode or sum,need an emotional co-op mode or sum,I can't do this alone.,,missing_slang,missing_slang
train.jsonl,539,u dipped and took all my remaining sanity with u,u dipped and took all my remaining sanity with u,I wish you stayed.,,missing_slang,missing_slang
train.jsonl,541,"not stable, not chaotic. just... there","not stable, not chaotic. just. there",I’m not okay anymore.,,missing_slang,missing_slang
train.jsonl,542,"me: overdelivered
u: undelivered",me overdelivered u undelivered,I gave my all.,,missing_slang,missing_slang
train.jsonl,544,error 404: emotional repair manual not found,error 404 emotional repair manual not found,I can't fix this.,,missing_slang,missing_slang
train.jsonl,545,new patch installed. personality deleted,new patch installed. personality deleted,I don't recognize myself.,,missing_slang,missing_slang
train.jsonl,546,we had a forever but in trial mode,we had a forever but in trial mode,I thought we had forever.,,missing_slang,missing_slang
train.jsonl,547,energy bar at 0%. charging through sad playlists,energy bar at 0 . charging through sad playlists,I’m emotionally drained.,,missing_slang,missing_slang
train.jsonl,548,settled for less. got crumbs. still said thank u,settled for less. got crumbs. still said thank u,I wanted more.,,missing_slang,missing_slang
train.jsonl,549,"me: emotionally invested
u: emotionally ghosted",me emotionally invested u emotionally ghosted,It was real to me.,,missing_slang,missing_slang
train.jsonl,550,u were my comfort character n i got cut from ur arc,u were my comfort character n i got cut from ur arc,You were everything.,,missing_slang,missing_slang
train.jsonl,551,"me: pleading
u: alt+f4 our whole connection",me pleading u alt f4 our whole connection,I begged you to stay.,,missing_slang,missing_slang
train.jsonl,552,like a scene from a movie i never auditioned for,like a scene from a movie i never auditioned for,I watched you leave.,,missing_slang,missing_slang
train.jsonl,553,"me holdin on like a bugged file, u hit delete","me holdin on like a bugged file, u hit delete",You let go too easily.,,missing_slang,missing_slang
train.jsonl,554,wish i wasn’t just background music in ur main plot,wish i wasn t just background music in ur main plot,I wish I mattered more.,,missing_slang,missing_slang
train.jsonl,555,patch notes updated n i didn’t make the cut,patch notes updated n i didn t make the cut,You changed.,,missing_slang,missing_slang
train.jsonl,556,back when we still texted like we cared,back when we still texted like we cared,I miss the way it was.,,missing_slang,missing_slang
train.jsonl,557,plot twist hurt more than the spoilers,plot twist hurt more than the spoilers,This isn't what I expected.,,missing_slang,missing_slang
train.jsonl,558,effort levels dropped faster than my will to exist,effort levels dropped faster than my will to exist,You stopped trying.,,missing_slang,missing_slang
train.jsonl,559,me: carrying the connection like a busted wifi router,me carrying the connection like a busted wifi router,I tried everything.,,missing_slang,missing_slang
train.jsonl,560,me: the scapegoat in every emotional group project,me the scapegoat in every emotional group project,It’s always my fault.,,missing_slang,missing_slang
train.jsonl,561,"thought u were the safe place, turns out it was a decoy","thought u were the safe place, turns out it was a decoy",You were supposed to care.,,missing_slang,missing_slang
train.jsonl,562,me: clown suit permanently equipped,me clown suit permanently equipped,I kept believing.,,missing_slang,missing_slang
train.jsonl,563,clock said no. u said never,clock said no. u said never,I waited.,,missing_slang,missing_slang
train.jsonl,564,"me: in ur dms
u: in someone else’s arms",me in ur dms u in someone else s arms,You never chose me.,,missing_slang,missing_slang
train.jsonl,566,memories stuck like browser history,memories stuck like browser history,I wish I could forget.,,missing_slang,missing_slang
train.jsonl,567,now it's just me n a playlist full of pain,now it's just me n a playlist full of pain,It was supposed to be us.,,missing_slang,missing_slang
train.jsonl,568,"gave my 110%, still didn’t make the leaderboard","gave my 110 , still didn t make the leaderboard",I’m sorry I wasn’t enough.,,missing_slang,missing_slang
train.jsonl,569,limited edition heartbreak sold separately,limited edition heartbreak sold separately,We had something special.,,missing_slang,missing_slang
train.jsonl,570,turns out the script was improv,turns out the script was improv,I thought you meant it.,,missing_slang,missing_slang
train.jsonl,571,truth got patched and u didn’t install the update,truth got patched and u didn t install the update,Why did you lie?,,missing_slang,missing_slang
train.jsonl,572,bad ending unlocked. retry unavailable,bad ending unlocked. retry unavailable,It didn’t have to end like this.,,missing_slang,missing_slang
train.jsonl,573,plot armor failed. feelings got wrecked,plot armor failed. feelings got wrecked,I never expected this.,,missing_slang,missing_slang
train.jsonl,574,comfort zone turned to loading zone,comfort zone turned to loading zone,I don’t feel safe anymore.,,missing_slang,missing_slang
train.jsonl,575,"me: raw af
u: ghost mode",me raw af u ghost mode,I was honest.,,missing_slang,missing_slang
train.jsonl,577,my serotonin levels are currently experiencing a major outage 😭,my serotonin levels are currently experiencing a major outage,I'm feeling a little down today.,,missing_slang,missing_slang
train.jsonl,578,that test was straight up demonic. my brain is fried 💀,that test was straight up demonic. my brain is fried,That was a really difficult test.,,missing_slang,missing_slang
train.jsonl,579,my battery is at 1% and needs a full recharge ASAP 😴,my battery is at 1 and needs a full recharge asap,I need to get some sleep.,,missing_slang,missing_slang
train.jsonl,581,new job who dis? manifesting a successful start ✨🤞,new job who dis? manifesting a successful start,I'm starting a new job next week.,,missing_slang,missing_slang
train.jsonl,582,my bank account is currently experiencing a severe drought 💸,my bank account is currently experiencing a severe drought,I'm broke.,,missing_slang,missing_slang
train.jsonl,583,this coffee is straight up LIFE. i'm fueled and ready to go 🚀,this coffee is straight up life. i'm fueled and ready to go,This coffee is amazing!,,missing_slang,missing_slang
train.jsonl,584,currently existing in a state of profound boredom. send ideas ✨,currently existing in a state of profound boredom. send ideas,I'm bored.,,missing_slang,missing_slang
train.jsonl,586,pulling up to the mall later. wish me luck finding cute fits ✨🛍️,pulling up to the mall later. wish me luck finding cute fits,I'm going to the mall later.,,missing_slang,missing_slang
train.jsonl,587,my brain is currently experiencing a severe lack of your presence 😭,my brain is currently experiencing a severe lack of your presence,I miss you.,,missing_slang,missing_slang
train.jsonl,588,my stomach is currently screaming for sustenance. send food 🍕,my stomach is currently screaming for sustenance. send food,I'm really hungry.,,missing_slang,missing_slang
train.jsonl,589,currently radiating pure joy and happiness! 😄🎉,currently radiating pure joy and happiness,I'm so happy!,,missing_slang,missing_slang
train.jsonl,591,my soul is tired and my body wants to hibernate 😴,my soul is tired and my body wants to hibernate,I'm exhausted.,,missing_slang,missing_slang
train.jsonl,592,my squad is my everything. i'm so grateful ❤️,my squad is my everything. i'm so grateful,I love my friends.,,missing_slang,missing_slang
train.jsonl,594,"driving test: 0, me: 0. i'm officially a disaster 🥲","driving test 0, me 0. i'm officially a disaster",I failed my driving test.,,missing_slang,missing_slang
train.jsonl,595,new phone who dis? unlocking new levels of clout 😎📱,new phone who dis? unlocking new levels of clout,I just got a new phone!,,missing_slang,missing_slang
train.jsonl,596,road trip mode activated! buckle up buttercup 🚗💨,road trip mode activated! buckle up buttercup,I'm going on a road trip!,,missing_slang,missing_slang
train.jsonl,597,my immune system is currently offline. send tissues and soup 🤧,my immune system is currently offline. send tissues and soup,I'm feeling under the weather.,,missing_slang,missing_slang
train.jsonl,598,"my mental health is screaming for a vacation. brb, escaping reality ✨","my mental health is screaming for a vacation. brb, escaping reality",I need a break.,,missing_slang,missing_slang
train.jsonl,599,I'm about to throw my phone across the room. this is UNACCEPTABLE 🤬,i'm about to throw my phone across the room. this is unacceptable,This is so frustrating!,,missing_slang,missing_slang
train.jsonl,600,currently engaged in the fine art of avoiding responsibility. my to-do list is judging me 👀,currently engaged in the fine art of avoiding responsibility. my to-do list is judging me,I'm procrastinating.,,missing_slang,missing_slang
train.jsonl,601,TGIF! weekend mode activated. let's gooo 🥳,tgif! weekend mode activated. let's goo,I'm looking forward to the weekend.,,missing_slang,missing_slang
train.jsonl,602,my schedule is more packed than a sardine can. send help (and coffee) ☕🤯,my schedule is more packed than a sardine can. send help and coffee,I'm so busy.,,missing_slang,missing_slang
train.jsonl,603,currently existing in a state of existential loneliness. send memes and virtual hugs 🤗,currently existing in a state of existential loneliness. send memes and virtual hugs,I'm lonely.,,missing_slang,missing_slang
train.jsonl,606,you slayed! keep shining bright ✨,you slayed! keep shining bright,I'm proud of you.,,missing_slang,missing_slang
train.jsonl,608,feeling incredibly blessed and grateful for everything. ✨🙏,feeling incredibly blessed and grateful for everything,I'm grateful.,,missing_slang,missing_slang
train.jsonl,609,currently buzzing with excitement! can't wait! 🤩,currently buzzing with excitement! can't wait,I'm excited.,,missing_slang,missing_slang
train.jsonl,610,my fight or flight response is currently on high alert. send courage (and maybe chocolate) 🍫,my fight or flight response is currently on high alert. send courage and maybe chocolate,I'm scared.,,missing_slang,missing_slang
train.jsonl,611,my brain is currently processing... or maybe short-circuiting. 🤔,my brain is currently processing. or maybe short-circuiting,I'm confused.,,missing_slang,missing_slang
train.jsonl,612,currently navigating the labyrinth of life. send directions (and maybe a map) 🗺️,currently navigating the labyrinth of life. send directions and maybe a map,I'm lost.,,missing_slang,missing_slang
train.jsonl,613,"help, I'm trapped in a void of boredom. Send memes. Send help. 😩","help, i'm trapped in a void of boredom. send memes. send help",I'm bored.,,missing_slang,missing_slang
train.jsonl,614,"hangry mode activated. send food, stat! 🍕","hangry mode activated. send food, stat",I'm hungry.,,missing_slang,missing_slang
train.jsonl,615,my eyelids are fighting a losing battle against gravity. send coffee (and maybe a nap) 😴,my eyelids are fighting a losing battle against gravity. send coffee and maybe a nap,I'm tired.,,missing_slang,missing_slang
train.jsonl,617,"my rage is at an all-time high. Back off, I'm about to unleash my inner dragon 🐉🔥","my rage is at an all-time high. back off, i'm about to unleash my inner dragon",I'm angry.,,missing_slang,missing_slang
train.jsonl,618,currently drowning in a sea of sadness. send tissues and comfort food 😭,currently drowning in a sea of sadness. send tissues and comfort food,I'm sad.,,missing_slang,missing_slang
train.jsonl,619,currently battling a villainous virus. send get-well wishes and chicken soup 🤒,currently battling a villainous virus. send get-well wishes and chicken soup,I'm sick.,,missing_slang,missing_slang
train.jsonl,620,my bank account is currently experiencing a severe drought. Send money (jk...unless?) 💸,my bank account is currently experiencing a severe drought. send money jk.unless,I'm broke.,,missing_slang,missing_slang
train.jsonl,621,"my heart is currently experiencing a major malfunction. It's called love, and it's awesome! 😍","my heart is currently experiencing a major malfunction. it's called love, and it's awesome",I'm in love.,,missing_slang,missing_slang
train.jsonl,622,my heart has officially been shattered into a million pieces. Send ice cream and sad movies 💔,my heart has officially been shattered into a million pieces. send ice cream and sad movies,I'm heartbroken.,,missing_slang,missing_slang
train.jsonl,624,Too much. Too much information. My brain is overloaded. 🤯,too much. too much information. my brain is overloaded,I'm overwhelmed.,,missing_slang,missing_slang
train.jsonl,625,Feeling super blessed and thankful for all the good things in my life. 🙏,feeling super blessed and thankful for all the good things in my life,I'm grateful.,,missing_slang,missing_slang
train.jsonl,626,Shook. Absolutely shook. My jaw is on the floor. 😲,shook. absolutely shook. my jaw is on the floor,I'm surprised.,,missing_slang,missing_slang
train.jsonl,627,Major letdown. My expectations were way higher.  😔,major letdown. my expectations were way higher,I'm disappointed.,,missing_slang,missing_slang
train.jsonl,628,Help me escape this void of nothingness. Send suggestions! 🤷‍♀️,help me escape this void of nothingness. send suggestions,I'm bored.,,missing_slang,missing_slang
train.jsonl,629,My body is rejecting the concept of 'awake'. Send sleep. 😴,my body is rejecting the concept of 'awake'. send sleep,I'm exhausted.,,missing_slang,missing_slang
train.jsonl,630,Pure joy. Unfiltered happiness. Feeling great! 😄,pure joy. unfiltered happiness. feeling great,I'm happy.,,missing_slang,missing_slang
train.jsonl,631,My anxiety is through the roof. Send calming thoughts. 🧘‍♀️,my anxiety is through the roof. send calming thoughts,I'm anxious.,,missing_slang,missing_slang
train.jsonl,632,Hype levels are off the charts! Can't wait! 🥳,hype levels are off the charts! can't wait,I'm excited.,,missing_slang,missing_slang
train.jsonl,633,Butterflies are currently staging a rave in my stomach. 🦋,butterflies are currently staging a rave in my stomach,I'm nervous.,,missing_slang,missing_slang
train.jsonl,634,Brain.exe has stopped working. Please restart. 😵,brain.exe has stopped working. please restart,I'm confused.,,missing_slang,missing_slang
train.jsonl,635,Directionally challenged. Send GPS coordinates and snacks. 🗺️,directionally challenged. send gps coordinates and snacks,I'm lost.,,missing_slang,missing_slang
train.jsonl,636,My fight or flight response has been activated. Send courage and maybe a hug. 🤗,my fight or flight response has been activated. send courage and maybe a hug,I'm scared.,,missing_slang,missing_slang
train.jsonl,637,I'm radiating pure rage. Back off. 😡,i'm radiating pure rage. back off,I'm angry.,,missing_slang,missing_slang
train.jsonl,638,Currently existing in a state of melancholy. Send comfort food and cuddles. 🥺,currently existing in a state of melancholy. send comfort food and cuddles,I'm sad.,,missing_slang,missing_slang
train.jsonl,639,My eyelids are getting heavy. Time for a nap. 💤,my eyelids are getting heavy. time for a nap,I'm sleepy.,,missing_slang,missing_slang
train.jsonl,640,My stomach is rumbling louder than a freight train. Send food! 🚂,my stomach is rumbling louder than a freight train. send food,I'm hungry.,,missing_slang,missing_slang
train.jsonl,641,My throat is drier than the Sahara desert. Send hydration! 💧,my throat is drier than the sahara desert. send hydration,I'm thirsty.,,missing_slang,missing_slang
train.jsonl,642,BRR! Send blankets and hot cocoa. 🥶,brr! send blankets and hot cocoa,I'm cold.,,missing_slang,missing_slang
train.jsonl,643,I'm melting! Send ice cream and AC. 🥵,i'm melting! send ice cream and ac,I'm hot.,,missing_slang,missing_slang
train.jsonl,644,My social skills are currently offline. Send apologies in advance. 😅,my social skills are currently offline. send apologies in advance,I'm awkward.,,missing_slang,missing_slang
train.jsonl,645,I've already tripped three times today. Send bandages and grace.🩹,i've already tripped three times today. send bandages and grace,I'm clumsy.,,missing_slang,missing_slang
train.jsonl,646,My life is a beautiful disaster. Don't judge. 🤷‍♀️,my life is a beautiful disaster. don't judge,I'm messy.,,missing_slang,missing_slang
train.jsonl,647,My planner is my bible. Everything is in its place. 👌,my planner is my bible. everything is in its place,I'm organized.,,missing_slang,missing_slang
train.jsonl,648,Social interaction is not my forte. Send books and quiet time. 📚,social interaction is not my forte. send books and quiet time,I'm introverted.,,missing_slang,missing_slang
train.jsonl,649,Let's party! I'm ready to socialize! 🎉,let's party! i'm ready to socialize,I'm extroverted.,,missing_slang,missing_slang
train.jsonl,650,Hello. I'm hiding behind this meme. 😅,hello. i'm hiding behind this meme,I'm shy.,,missing_slang,missing_slang
train.jsonl,651,I'm slaying it! Watch me shine! ✨,i'm slaying it! watch me shine,I'm confident.,,missing_slang,missing_slang
train.jsonl,652,My mind is a wonderland of ideas. Send inspiration! 💡,my mind is a wonderland of ideas. send inspiration,I'm creative.,,missing_slang,missing_slang
train.jsonl,653,Brain power activated. Let's solve some problems! 🧠,brain power activated. let's solve some problems,I'm intelligent.,,missing_slang,missing_slang
train.jsonl,654,Prepare for a laugh riot! 😂,prepare for a laugh riot,I'm funny.,,missing_slang,missing_slang
train.jsonl,655,No time for games. This is serious business. 🤨,no time for games. this is serious business,I'm serious.,,missing_slang,missing_slang
train.jsonl,657,Sharing is caring! 🤗,sharing is caring,I'm generous.,,short_text|missing_slang,short_text
train.jsonl,658,I've got all the time in the world. 😌,i've got all the time in the world,I'm patient.,,missing_slang,missing_slang
train.jsonl,659,Hurry up! I haven't got all day! ⏱️,hurry up! i haven't got all day,I'm impatient.,,missing_slang,missing_slang
train.jsonl,660,I'll get my way eventually. 😉,i'll get my way eventually,I'm stubborn.,,missing_slang,missing_slang
train.jsonl,661,Go with the flow! 😎,go with the flow,I'm flexible.,,missing_slang,missing_slang
train.jsonl,662,You can count on me! 👍,you can count on me,I'm reliable.,,missing_slang,missing_slang
train.jsonl,663,You never know what you're gonna get with me. 🤪,you never know what you're gonna get with me,I'm unpredictable.,,missing_slang,missing_slang
train.jsonl,664,I appreciate the little things. 🥰,i appreciate the little things,I'm thoughtful.,,missing_slang,missing_slang
train.jsonl,665,Oops. My bad. 🤷‍♀️,oops. my bad,I'm careless.,,short_text|missing_slang,short_text
train.jsonl,666,I take my duties seriously. 💼,i take my duties seriously,I'm responsible.,,missing_slang,missing_slang
train.jsonl,667,YOLO! 🥳,yolo,I'm irresponsible.,,short_text|missing_slang,short_text
train.jsonl,668,The glass is half full! 🥂,the glass is half full,I'm optimistic.,,missing_slang,missing_slang
train.jsonl,669,"The glass is half empty, and it's probably poisoned. 🧪","the glass is half empty, and it's probably poisoned",I'm pessimistic.,,missing_slang,missing_slang
train.jsonl,670,"It's not a big deal, unless it is. Then it's a HUGE deal. 🎭","it's not a big deal, unless it is. then it's a huge deal",I'm dramatic.,,missing_slang,missing_slang
train.jsonl,671,Zen master mode activated. 😌,zen master mode activated,I'm calm.,,missing_slang,missing_slang
train.jsonl,672,Currently experiencing a major meltdown. Send chocolate. 🍫,currently experiencing a major meltdown. send chocolate,I'm stressed.,,missing_slang,missing_slang
train.jsonl,673,Send help. I'm drowning in responsibilities. 🌊,send help. i'm drowning in responsibilities,I'm overwhelmed.,,missing_slang,missing_slang
train.jsonl,674,Chill vibes only. 🧘‍♀️,chill vibes only,I'm relaxed.,vibes|chill,short_text,short_text
train.jsonl,675,My muscles are tighter than a drum. Send massages! 💆‍♀️,my muscles are tighter than a drum. send massages,I'm tense.,,missing_slang,missing_slang
train.jsonl,676,Let's get this done! 💪,let's get this done,I'm motivated.,,missing_slang,missing_slang
train.jsonl,677,My motivation has left the building.  Send coffee. ☕,my motivation has left the building. send coffee,I'm unmotivated.,,missing_slang,missing_slang
train.jsonl,678,My creativity is flowing! 🎨,my creativity is flowing,I'm inspired.,,missing_slang,missing_slang
train.jsonl,679,My creative juices have dried up. Send inspiration! 💡,my creative juices have dried up. send inspiration,I'm uninspired.,,missing_slang,missing_slang
train.jsonl,680,I'm crushing it! 💯,i'm crushing it,I'm productive.,,short_text|missing_slang,short_text
train.jsonl,681,My to-do list is mocking me. 😩,my to-do list is mocking me,I'm unproductive.,,missing_slang,missing_slang
train.jsonl,682,Laser focus activated. 🎯,laser focus activated,I'm focused.,,short_text|missing_slang,short_text
train.jsonl,683,My attention span is shorter than a TikTok video. 💨,my attention span is shorter than a tiktok video,I'm unfocused.,,missing_slang,missing_slang
train.jsonl,684,My life is a masterpiece of efficiency. ✨,my life is a masterpiece of efficiency,I'm organized.,,missing_slang,missing_slang
train.jsonl,685,My life is a chaotic masterpiece. 🤷‍♀️,my life is a chaotic masterpiece,I'm disorganized.,,missing_slang,missing_slang
train.jsonl,686,"Time is money, and I'm saving it! 💰","time is money, and i'm saving it",I'm efficient.,,missing_slang,missing_slang
train.jsonl,687,I'm taking my sweet time. 😌,i'm taking my sweet time,I'm inefficient.,,missing_slang,missing_slang
train.jsonl,688,Always on time! ⌚,always on time,I'm punctual.,,short_text|missing_slang,short_text
train.jsonl,689,"Sorry, I'm fashionably late. (Or maybe just late.) ⏰","sorry, i'm fashionably late. or maybe just late",I'm late.,,missing_slang,missing_slang
train.jsonl,690,I'm a prepared person.  🤓,i'm a prepared person,I'm early.,,missing_slang,missing_slang
train.jsonl,691,Let's do this! 💪,let's do this,I'm ready.,,short_text|missing_slang,short_text
train.jsonl,692,Give me a moment! I need more time! ⏱️,give me a moment! i need more time,I'm not ready.,,missing_slang,missing_slang
train.jsonl,693,I've got this! 👍,i've got this,I'm prepared.,,short_text|missing_slang,short_text
train.jsonl,694,Send help! 🆘,send help,I'm unprepared.,,short_text|missing_slang,short_text
train.jsonl,695,I'm winning at life! 🎉,i'm winning at life,I'm successful.,,missing_slang,missing_slang
train.jsonl,696,It's a learning experience. 🎓,it's a learning experience,I'm unsuccessful.,,missing_slang,missing_slang
train.jsonl,697,I believe in myself! 💪,i believe in myself,I'm confident.,,missing_slang,missing_slang
train.jsonl,698,I need a confidence boost! Send compliments! 🥰,i need a confidence boost! send compliments,I'm insecure.,,missing_slang,missing_slang
train.jsonl,699,Fearless! 🦁,fearless,I'm brave.,,short_text|missing_slang,short_text
train.jsonl,700,Send courage! 🦸‍♀️,send courage,I'm scared.,,short_text|missing_slang,short_text
train.jsonl,701,Unbreakable! 💪,unbreakable,I'm strong.,,short_text|missing_slang,short_text
train.jsonl,702,I need support. 🤗,i need support,I'm weak.,,short_text|missing_slang,short_text
train.jsonl,703,I bounce back from setbacks! 🤸‍♀️,i bounce back from setbacks,I'm resilient.,,missing_slang,missing_slang
train.jsonl,704,I need gentle handling. 💔,i need gentle handling,I'm fragile.,,missing_slang,missing_slang
train.jsonl,705,I do my own thing! 😎,i do my own thing,I'm independent.,,missing_slang,missing_slang
train.jsonl,706,I need help! 🙏,i need help,I'm dependent.,,short_text|missing_slang,short_text
train.jsonl,707,Let's socialize! 🎉,let's socialize,I'm extroverted.,,short_text|missing_slang,short_text
train.jsonl,708,Me time is essential! 🧘‍♀️,me time is essential,I'm introverted.,,missing_slang,missing_slang
train.jsonl,709,I love people! 🤗,i love people,I'm social.,,short_text|missing_slang,short_text
train.jsonl,710,Leave me alone! 🤫,leave me alone,I'm antisocial.,,short_text|missing_slang,short_text
train.jsonl,711,I'm always up for an adventure! 🌍,i'm always up for an adventure,I'm outgoing.,,missing_slang,missing_slang
train.jsonl,712,I'm a wallflower. 🌸,i'm a wallflower,I'm shy.,,short_text|missing_slang,short_text
train.jsonl,713,I can talk for hours! 🗣️,i can talk for hours,I'm talkative.,,missing_slang,missing_slang
train.jsonl,714,I prefer to listen. 👂,i prefer to listen,I'm quiet.,,missing_slang,missing_slang
train.jsonl,715,Spreading kindness and positive vibes! 💖,spreading kindness and positive vibes,I'm kind.,vibes,duplicate_clean_text,duplicate_clean_text
train.jsonl,716,"I'm sorry, I'm just having a bad day. 🙁","i'm sorry, i'm just having a bad day",I'm mean.,,missing_slang,missing_slang
train.jsonl,717,Sharing is caring! 🤗,sharing is caring,I'm generous.,,short_text|missing_slang,short_text
train.jsonl,718,It's all about me! 😉,it's all about me,I'm selfish.,,missing_slang,missing_slang
train.jsonl,719,I always tell the truth. 🗣️,i always tell the truth,I'm honest.,,missing_slang,missing_slang
train.jsonl,720,Let's just say I bend the truth sometimes. 🤫,let's just say i bend the truth sometimes,I'm dishonest.,,missing_slang,missing_slang
train.jsonl,721,I'm always there for my friends.  ❤️,i'm always there for my friends,I'm loyal.,,missing_slang,missing_slang
train.jsonl,722,I've been known to betray my friends. (Jk...unless?) 😈,i've been known to betray my friends. jk.unless,I'm disloyal.,,missing_slang,missing_slang
train.jsonl,723,I'm all about honesty. 😇,i'm all about honesty,I'm truthful.,,missing_slang,missing_slang
train.jsonl,724,I'm a master of deception. 🦹‍♀️,i'm a master of deception,I'm deceptive.,,missing_slang,missing_slang
train.jsonl,725,I let go of grudges easily. 🕊️,i let go of grudges easily,I'm forgiving.,,missing_slang,missing_slang
train.jsonl,726,Don't mess with me. 😠,don't mess with me,I'm unforgiving.,,missing_slang,missing_slang
train.jsonl,727,I can wait. 😌,i can wait,I'm patient.,,short_text|missing_slang,short_text
train.jsonl,728,Hurry up! ⏱️,hurry up,I'm impatient.,,short_text|missing_slang,short_text
train.jsonl,729,I'm empathetic. 🤗,i'm empathetic,I'm understanding.,,short_text|missing_slang,short_text
train.jsonl,730,I'm not afraid to voice my opinions. 🗣️,i'm not afraid to voice my opinions,I'm judgmental.,,missing_slang,missing_slang
train.jsonl,731,I'm always willing to learn. 🧠,i'm always willing to learn,I'm open-minded.,,missing_slang,missing_slang
train.jsonl,732,I'm set in my ways. 🤷‍♀️,i'm set in my ways,I'm close-minded.,,missing_slang,missing_slang
train.jsonl,733,I can adapt to change. 🤸‍♀️,i can adapt to change,I'm flexible.,,missing_slang,missing_slang
train.jsonl,734,I don't like surprises. 🙅‍♀️,i don't like surprises,I'm inflexible.,,missing_slang,missing_slang
train.jsonl,735,I can handle anything life throws my way. 💪,i can handle anything life throws my way,I'm adaptable.,,missing_slang,missing_slang
train.jsonl,736,I don't like change. 💔,i don't like change,I'm rigid.,,missing_slang,missing_slang
train.jsonl,737,Let's go on an adventure! 🌍,let's go on an adventure,I'm spontaneous.,,missing_slang,missing_slang
train.jsonl,738,Everything is meticulously organized. 🗓️,everything is meticulously organized,I'm planned.,,missing_slang,missing_slang
train.jsonl,739,My imagination knows no bounds! ✨,my imagination knows no bounds,I'm creative.,,missing_slang,missing_slang
train.jsonl,740,My creative juices are currently on vacation. 😴,my creative juices are currently on vacation,I'm uncreative.,,missing_slang,missing_slang
train.jsonl,741,I express myself through art. 🎨,i express myself through art,I'm artistic.,,missing_slang,missing_slang
train.jsonl,742,I can't draw a stick figure. 😅,i can't draw a stick figure,I'm unartistic.,,missing_slang,missing_slang
train.jsonl,743,Music is my life! 🎶,music is my life,I'm musical.,,missing_slang,missing_slang
train.jsonl,745,I'm always up for a challenge! 💪,i'm always up for a challenge,I'm athletic.,,missing_slang,missing_slang
train.jsonl,746,Exercise is my nemesis.  nemesis!  nemesis! 😫,exercise is my nemesis. nemesis! nemesis,I'm unathletic.,,missing_slang,missing_slang
train.jsonl,747,I'm a brainiac! 🧠,i'm a brainiac,I'm intelligent.,,short_text|missing_slang,short_text
train.jsonl,748,I'm still learning. 🎓,i'm still learning,I'm unintelligent.,,short_text|missing_slang,short_text
train.jsonl,749,I've learned a lot in my lifetime. 🦉,i've learned a lot in my lifetime,I'm wise.,,missing_slang,missing_slang
train.jsonl,750,I've made some poor decisions. 🤫,i've made some poor decisions,I'm unwise.,,missing_slang,missing_slang
train.jsonl,751,I've been through a lot. 💪,i've been through a lot,I'm experienced.,,missing_slang,missing_slang
train.jsonl,752,I'm still learning. 🎓,i'm still learning,I'm inexperienced.,,short_text|missing_slang,short_text
train.jsonl,753,I'm a master of my craft! 🏆,i'm a master of my craft,I'm skilled.,,missing_slang,missing_slang
train.jsonl,754,I'm still practicing. 练习,i'm still practicing,I'm unskilled.,,short_text|missing_slang,short_text
train.jsonl,755,I'm naturally gifted! ✨,i'm naturally gifted,I'm talented.,,short_text|missing_slang,short_text
train.jsonl,756,I'm working on it. 😅,i'm working on it,I'm untalented.,,missing_slang,missing_slang
train.jsonl,757,I have natural abilities. 😇,i have natural abilities,I'm gifted.,,missing_slang,missing_slang
train.jsonl,758,I'm trying my best. 😉,i'm trying my best,I'm ungifted.,,missing_slang,missing_slang
train.jsonl,759,I'm capable of great things! ✨,i'm capable of great things,I'm capable.,,missing_slang,missing_slang
train.jsonl,760,I'm not good at that. 🤷‍♀️,i'm not good at that,I'm incapable.,,missing_slang,missing_slang
train.jsonl,761,I'm good at what I do. 👍,i'm good at what i do,I'm competent.,,missing_slang,missing_slang
train.jsonl,762,I'm still learning. 🎓,i'm still learning,I'm incompetent.,,short_text|missing_slang,short_text
train.jsonl,763,I get things done! 💪,i get things done,I'm effective.,,missing_slang,missing_slang
train.jsonl,764,I'm not very productive. 😩,i'm not very productive,I'm ineffective.,,missing_slang,missing_slang
train.jsonl,765,I make the most of my time. ⏰,i make the most of my time,I'm efficient.,,missing_slang,missing_slang
train.jsonl,766,I waste a lot of time. ⏱️,i waste a lot of time,I'm inefficient.,,missing_slang,missing_slang
train.jsonl,767,I get things done! 👍,i get things done,I'm productive.,,missing_slang,missing_slang
train.jsonl,768,I'm procrastinating. 😴,i'm procrastinating,I'm unproductive.,,short_text|missing_slang,short_text
train.jsonl,769,Everything is in its place. ✨,everything is in its place,I'm organized.,,missing_slang,missing_slang
train.jsonl,770,My life is a beautiful mess. 🤷‍♀️,my life is a beautiful mess,I'm disorganized.,,missing_slang,missing_slang
train.jsonl,771,I keep a tidy space. 🧹,i keep a tidy space,I'm clean.,,missing_slang,missing_slang
train.jsonl,772,My place is a bit of a disaster. 🤪,my place is a bit of a disaster,I'm messy.,,missing_slang,missing_slang
train.jsonl,773,I like things to be neat. 🗄️,i like things to be neat,I'm tidy.,,missing_slang,missing_slang
train.jsonl,774,Mess is my middle name. 😜,mess is my middle name,I'm untidy.,,missing_slang,missing_slang
train.jsonl,776,Things tend to get out of order around me.  desordenado,things tend to get out of order around me. desordenado,I'm unneat.,,missing_slang,missing_slang
train.jsonl,777,I pay attention to detail. 🧐,i pay attention to detail,I'm precise.,,missing_slang,missing_slang
train.jsonl,778,I'm a bit careless. 😅,i'm a bit careless,I'm imprecise.,,missing_slang,missing_slang
train.jsonl,779,I avoid risks. ⚠️,i avoid risks,I'm careful.,,short_text|missing_slang,short_text
train.jsonl,780,I take risks. 😎,i take risks,I'm careless.,,short_text|missing_slang,short_text
train.jsonl,781,I think before I act. 🤔,i think before i act,I'm cautious.,,missing_slang,missing_slang
train.jsonl,782,I live on the edge!  precipice! precipice!  precipice!  precipice! 🎢,i live on the edge! precipice! precipice! precipice! precipice,I'm reckless.,,missing_slang,missing_slang
train.jsonl,783,I avoid danger. 🙅‍♀️,i avoid danger,I'm risk-averse.,,short_text|missing_slang,short_text
train.jsonl,784,I embrace challenges! 💪,i embrace challenges,I'm risk-taking.,,short_text|missing_slang,short_text
train.jsonl,785,I love new experiences! 🌍,i love new experiences,I'm adventurous.,,missing_slang,missing_slang
train.jsonl,786,I prefer comfort and routine. 🏠,i prefer comfort and routine,I'm unadventurous.,,missing_slang,missing_slang
train.jsonl,787,I'm determined to succeed! ✨,i'm determined to succeed,I'm ambitious.,,missing_slang,missing_slang
train.jsonl,788,I'm happy with my current situation. 😌,i'm happy with my current situation,I'm unambitious.,,missing_slang,missing_slang
train.jsonl,789,I have a strong work ethic. 💪,i have a strong work ethic,I'm driven.,,missing_slang,missing_slang
train.jsonl,790,I lack motivation. 😩,i lack motivation,I'm undriven.,,short_text|missing_slang,short_text
train.jsonl,791,I'm always putting in the effort. 勤勉,i'm always putting in the effort,I'm hardworking.,,missing_slang,missing_slang
train.jsonl,792,I'm all about relaxation. 😴,i'm all about relaxation,I'm lazy.,,missing_slang,missing_slang
train.jsonl,793,I'm committed to my goals. 👍,i'm committed to my goals,I'm dedicated.,,missing_slang,missing_slang
train.jsonl,794,I easily lose interest. 😟,i easily lose interest,I'm undedicated.,,missing_slang,missing_slang
train.jsonl,795,I'm all in! 💪,i'm all in,I'm committed.,,short_text|missing_slang,short_text
train.jsonl,796,I'm indecisive. 🤔,i'm indecisive,I'm uncommitted.,,short_text|missing_slang,short_text
train.jsonl,797,I will not give up! 💪,i will not give up,I'm determined.,,missing_slang,missing_slang
train.jsonl,798,I'm unsure of what I want. 🤷‍♀️,i'm unsure of what i want,I'm undetermined.,,missing_slang,missing_slang
train.jsonl,799,I'm full of energy and enthusiasm! 🔥,i'm full of energy and enthusiasm,I'm passionate.,,missing_slang,missing_slang
train.jsonl,800,I lack enthusiasm. 😒,i lack enthusiasm,I'm unpassionate.,,short_text|missing_slang,short_text
train.jsonl,801,I'm excited and eager! 🤩,i'm excited and eager,I'm enthusiastic.,,missing_slang,missing_slang
train.jsonl,802,I'm not very excited. 😟,i'm not very excited,I'm unenthusiastic.,,missing_slang,missing_slang
train.jsonl,803,I'm driven to succeed! ✨,i'm driven to succeed,I'm motivated.,,missing_slang,missing_slang
train.jsonl,804,I'm lacking in drive. 😩,i'm lacking in drive,I'm unmotivated.,,missing_slang,missing_slang
train.jsonl,805,I'm full of creative ideas! 💡,i'm full of creative ideas,I'm inspired.,,missing_slang,missing_slang
train.jsonl,806,I'm lacking in creativity. 😴,i'm lacking in creativity,I'm uninspired.,,missing_slang,missing_slang
train.jsonl,807,I come up with new ideas! 💡,i come up with new ideas,I'm innovative.,,missing_slang,missing_slang
train.jsonl,808,I'm not very creative. 😟,i'm not very creative,I'm uninnovative.,,missing_slang,missing_slang
train.jsonl,809,I have a vivid imagination! ✨,i have a vivid imagination,I'm imaginative.,,missing_slang,missing_slang
train.jsonl,810,I lack imagination. 😔,i lack imagination,I'm unimaginative.,,short_text|missing_slang,short_text
train.jsonl,811,I express myself through art and ideas! 🎨,i express myself through art and ideas,I'm creative.,,missing_slang,missing_slang
train.jsonl,812,I'm not very artistic or imaginative. 🤷‍♀️,i'm not very artistic or imaginative,I'm uncreative.,,missing_slang,missing_slang
train.jsonl,813,I express myself through art! 🎨,i express myself through art,I'm artistic.,,missing_slang,missing_slang
train.jsonl,814,I'm not very good at art. 😅,i'm not very good at art,I'm unartistic.,,missing_slang,missing_slang
train.jsonl,815,I'm musically talented! 🎶,i'm musically talented,I'm musical.,,short_text|missing_slang,short_text
train.jsonl,816,I'm tone-deaf. 🎤,i'm tone-deaf,I'm unmusical.,,short_text|missing_slang,short_text
train.jsonl,818,I'm not very active. 😴,i'm not very active,I'm unathletic.,,missing_slang,missing_slang
train.jsonl,819,I'm quick-witted and smart! 🧠,i'm quick-witted and smart,I'm intelligent.,,missing_slang,missing_slang
train.jsonl,820,I'm not very bright. 🤷‍♀️,i'm not very bright,I'm unintelligent.,,missing_slang,missing_slang
train.jsonl,821,I have a lot of life experience. 🦉,i have a lot of life experience,I'm wise.,,missing_slang,missing_slang
train.jsonl,822,I make poor decisions sometimes. 😟,i make poor decisions sometimes,I'm unwise.,,missing_slang,missing_slang
train.jsonl,823,I've been there and done that. 👍,i've been there and done that,I'm experienced.,,missing_slang,missing_slang
train.jsonl,824,I'm still learning. 🎓,i'm still learning,I'm inexperienced.,,short_text|missing_slang,short_text
train.jsonl,825,I'm highly competent in my field. 🏆,i'm highly competent in my field,I'm skilled.,,missing_slang,missing_slang
train.jsonl,826,I need more training. 🚧,i need more training,I'm unskilled.,,missing_slang,missing_slang
train.jsonl,827,I'm naturally gifted. ✨,i'm naturally gifted,I'm talented.,,short_text|missing_slang,short_text
train.jsonl,828,I'm not very skilled. 🤷‍♀️,i'm not very skilled,I'm untalented.,,missing_slang,missing_slang
train.jsonl,829,I possess exceptional abilities. 😇,i possess exceptional abilities,I'm gifted.,,missing_slang,missing_slang
train.jsonl,830,I'm not particularly talented. 😟,i'm not particularly talented,I'm ungifted.,,missing_slang,missing_slang
train.jsonl,831,I'm able to accomplish great things! 💪,i'm able to accomplish great things,I'm capable.,,missing_slang,missing_slang
train.jsonl,832,I'm not able to do that. 🙅‍♀️,i'm not able to do that,I'm incapable.,,missing_slang,missing_slang
train.jsonl,833,I'm fully capable and qualified. 👍,i'm fully capable and qualified,I'm competent.,,missing_slang,missing_slang
train.jsonl,834,I'm not qualified for this. 😥,i'm not qualified for this,I'm incompetent.,,missing_slang,missing_slang
train.jsonl,835,I get results! 💯,i get results,I'm effective.,,short_text|missing_slang,short_text
train.jsonl,836,My efforts aren't paying off. 😔,my efforts aren't paying off,I'm ineffective.,,missing_slang,missing_slang
train.jsonl,837,I make the most of my time and resources. ⏱️,i make the most of my time and resources,I'm efficient.,,missing_slang,missing_slang
train.jsonl,838,I waste a lot of time and resources. 😩,i waste a lot of time and resources,I'm inefficient.,,missing_slang,missing_slang
train.jsonl,839,I'm highly productive! 📈,i'm highly productive,I'm productive.,,short_text|missing_slang,short_text
train.jsonl,840,I'm not getting much done. 📉,i'm not getting much done,I'm unproductive.,,missing_slang,missing_slang
train.jsonl,841,I'm very organized and methodical. 🗄️,i'm very organized and methodical,I'm organized.,,missing_slang,missing_slang
train.jsonl,842,I'm messy and chaotic. 🤪,i'm messy and chaotic,I'm disorganized.,,missing_slang,missing_slang
train.jsonl,845,I like things to be neat and orderly. 🧹,i like things to be neat and orderly,I'm tidy.,,missing_slang,missing_slang
train.jsonl,846,I'm messy and unorganized. 🙈,i'm messy and unorganized,I'm untidy.,,missing_slang,missing_slang
train.jsonl,848,I'm not very neat or organized. 🙈,i'm not very neat or organized,I'm unneat.,,missing_slang,missing_slang
train.jsonl,855,that meeting went on FOREVER 💀 now im behind schedule for the rest of the week. send help and coffee ☕😩,that meeting went on forever now im behind schedule for the rest of the week. send help and coffee,"The meeting ran significantly longer than anticipated, leading to a backlog of unfinished tasks and a feeling of being behind schedule for the rest of the week.",,missing_slang,missing_slang
train.jsonl,856,we faced so many obstacles but we stayed committed to our goals and never gave up. resilience is key ✨💪,we faced so many obstacles but we stayed committed to our goals and never gave up. resilience is key,"Despite the many obstacles and setbacks encountered along the way, we remained committed to our goals, demonstrating resilience and unwavering determination.",,missing_slang,missing_slang
train.jsonl,857,im so hyped for my work trip overseas! gonna explore new cultures and expand my network ✨✈️,im so hyped for my work trip overseas! gonna explore new cultures and expand my network,"I'm excited about the upcoming opportunity to travel overseas for work, experiencing a new culture and expanding my professional network.",,missing_slang,missing_slang
train.jsonl,859,weeks of planning and prep and the event was a HUGE success! exceeded all expectations ✨🎉,weeks of planning and prep and the event was a huge success! exceeded all expectations,"After weeks of intense preparation and meticulous planning, the event was finally a resounding success, exceeding all expectations and leaving a lasting positive impression.",,missing_slang,missing_slang
train.jsonl,860,work life balance is currently nonexistent 💀 constantly juggling priorities and feeling stretched thin 😩,work life balance is currently nonexistent constantly juggling priorities and feeling stretched thin,"I'm struggling to balance my professional and personal life, feeling stretched thin and constantly juggling competing priorities and demands.",,missing_slang,missing_slang
train.jsonl,864,teamwork made the dream work ✨ we all used our skills and expertise to deliver amazing results. slayyyyy💅,teamwork made the dream work we all used our skills and expertise to deliver amazing results. slayy,"The team worked collaboratively and efficiently, leveraging each member's unique skills and expertise to overcome challenges and deliver exceptional results.",,missing_slang,missing_slang
train.jsonl,867,proud of myself for all i accomplished this year. overcame so many challenges ✨💪,proud of myself for all i accomplished this year. overcame so many challenges,"I'm proud of my accomplishments this year, overcoming challenges and achieving goals that once seemed unattainable.",,missing_slang,missing_slang
train.jsonl,868,unexpected tech issues during the presentation 💀 but we recovered quickly and minimized the impact. phew ✨,unexpected tech issues during the presentation but we recovered quickly and minimized the impact. phew,"The unexpected technical difficulties during the presentation caused a significant disruption, but we quickly adapted and recovered, minimizing the impact on the audience.",,missing_slang,missing_slang
train.jsonl,869,long hours and a demanding workload but the team maintained a positive atmosphere. teamwork makes the dream work ✨,long hours and a demanding workload but the team maintained a positive atmosphere. teamwork makes the dream work,"Despite the long hours and demanding workload, the team maintained a positive and supportive atmosphere, fostering collaboration and camaraderie.",,missing_slang,missing_slang
train.jsonl,870,excited to start a new chapter in my life! embracing new challenges and opportunities with open arms ✨,excited to start a new chapter in my life! embracing new challenges and opportunities with open arms,"I'm excited to embark on a new chapter in my life, embracing new challenges and opportunities with enthusiasm and optimism.",,missing_slang,missing_slang
train.jsonl,871,customer feedback was amazing! validates all our hard work ✨💅,customer feedback was amazing! validates all our hard work,"The feedback received from customers was overwhelmingly positive, validating our efforts and providing valuable insights for future product development.",,missing_slang,missing_slang
train.jsonl,872,so grateful for the opportunities ive been given. recognizing the privilege and responsibility ✨🙏,so grateful for the opportunities ive been given. recognizing the privilege and responsibility,"I'm grateful for the opportunities I've been given, recognizing the privilege and responsibility that comes with them.",,missing_slang,missing_slang
train.jsonl,873,that project was intense 💀 but the final result was worth all the hard work ✨,that project was intense but the final result was worth all the hard work,"The project required a significant amount of dedication, perseverance, and attention to detail, but the final result was well worth the effort.",,missing_slang,missing_slang
train.jsonl,874,always learning and growing ✨ striving for self-improvement. never stop learning 🤓,always learning and growing striving for self-improvement. never stop learning,"I'm continually learning and growing, both professionally and personally, striving for self-improvement and expanding my horizons.",,missing_slang,missing_slang
train.jsonl,875,unexpected crisis 💀 but we acted quickly and mitigated the damage. crisis averted ✨,unexpected crisis but we acted quickly and mitigated the damage. crisis averted,"The unexpected crisis required immediate action and decisive leadership, effectively mitigating the potential damage and ensuring a swift recovery.",,missing_slang,missing_slang
train.jsonl,876,proud of the impact our work has made on the community. making a difference ✨❤️,proud of the impact our work has made on the community. making a difference,"I'm proud of the impact our work has had on the community, making a positive difference and contributing to social progress.",,missing_slang,missing_slang
train.jsonl,878,committed to lifelong learning ✨ constantly seeking new knowledge and skills. never stop growing 🤓,committed to lifelong learning constantly seeking new knowledge and skills. never stop growing,"I'm committed to lifelong learning, constantly seeking new knowledge and skills to enhance my capabilities and stay ahead of the curve.",,missing_slang,missing_slang
train.jsonl,879,meticulous planning led to significant improvements in key performance indicators ✨💅 we slayed,meticulous planning led to significant improvements in key performance indicators we slayed,"The comprehensive strategy, implemented meticulously, resulted in significant improvements across all key performance indicators.",,missing_slang,missing_slang
train.jsonl,880,always working on improving my communication skills ✨ its so important for teamwork 🤝,always working on improving my communication skills its so important for teamwork,"I'm continually striving to improve my communication skills, recognizing their importance in fostering collaboration and achieving shared goals.",,missing_slang,missing_slang
train.jsonl,881,unexpected market changes 💀 but we adapted quickly and mitigated the risks. we survived ✨,unexpected market changes but we adapted quickly and mitigated the risks. we survived,"The unexpected change in market conditions required a swift and strategic response, adapting our plans and mitigating potential risks.",,missing_slang,missing_slang
train.jsonl,882,passionate about my work ✨ finding fulfillment in making a difference. thats what matters ❤️,passionate about my work finding fulfillment in making a difference. thats what matters,"I'm passionate about my work, finding fulfillment and purpose in contributing to something meaningful and impactful.",,missing_slang,missing_slang
train.jsonl,884,committed to maintaining a healthy work-life balance ✨ prioritizing my well-being. self-care is key 💖,committed to maintaining a healthy work-life balance prioritizing my well-being. self-care is key,"I'm committed to maintaining a healthy work-life balance, prioritizing my well-being and ensuring sustainable long-term success.",,missing_slang,missing_slang
train.jsonl,886,grateful for the opportunities to learn from my mistakes ✨ growing and improving. never stop learning 🤓,grateful for the opportunities to learn from my mistakes growing and improving. never stop learning,"I'm grateful for the opportunities I've had to learn from my mistakes, growing as a result and becoming a more effective professional.",,missing_slang,missing_slang
train.jsonl,888,always looking for ways to improve efficiency and productivity ✨ streamlining workflows. lets gooo 💪,always looking for ways to improve efficiency and productivity streamlining workflows. lets goo,"I'm always seeking ways to improve my efficiency and productivity, streamlining workflows and optimizing processes.",,missing_slang,missing_slang
train.jsonl,889,unexpected obstacle 💀 but we came up with innovative solutions. we slayed💅,unexpected obstacle but we came up with innovative solutions. we slayed,"The unexpected obstacle required innovative solutions and creative thinking, ultimately leading to a breakthrough.",,missing_slang,missing_slang
train.jsonl,890,committed to continuous improvement ✨ constantly seeking feedback and implementing changes. lets gooo 💪,committed to continuous improvement constantly seeking feedback and implementing changes. lets goo,"I'm committed to continuous improvement, constantly seeking feedback and actively implementing changes to enhance my performance.",,missing_slang,missing_slang
train.jsonl,891,new system implementation was a success! improved efficiency and saved money ✨💅,new system implementation was a success! improved efficiency and saved money,The successful implementation of the new system resulted in significant improvements in efficiency and cost savings.,,missing_slang,missing_slang
train.jsonl,892,passionate about making a positive impact on the world ✨ using my skills to contribute to something meaningful. thats what matters ❤️,passionate about making a positive impact on the world using my skills to contribute to something meaningful. thats what matters,"I'm passionate about making a positive impact on the world, using my skills and talents to contribute to something meaningful.",,missing_slang,missing_slang
train.jsonl,893,training program was a success! enhanced employee performance and boosted productivity ✨💪,training program was a success! enhanced employee performance and boosted productivity,"The comprehensive training program provided valuable skills and knowledge, enhancing employee performance and boosting overall productivity.",,missing_slang,missing_slang
train.jsonl,894,dedicated to fostering a positive and inclusive work environment ✨ promoting collab and mutual respect. teamwork makes the dream work ✨,dedicated to fostering a positive and inclusive work environment promoting collab and mutual respect. teamwork makes the dream work,"I'm dedicated to fostering a positive and inclusive work environment, promoting collaboration and mutual respect among team members.",,missing_slang,missing_slang
train.jsonl,896,driven by a desire to learn and grow ✨ constantly seeking new challenges. never stop learning 🤓,driven by a desire to learn and grow constantly seeking new challenges. never stop learning,"I'm driven by a desire to learn and grow, constantly seeking new challenges and opportunities to expand my knowledge and skills.",,missing_slang,missing_slang
train.jsonl,897,effective communication strategy kept everyone informed and engaged ✨ facilitated collab and achieved shared goals. teamwork makes the dream work ✨,effective communication strategy kept everyone informed and engaged facilitated collab and achieved shared goals. teamwork makes the dream work,"The effective communication strategy ensured all stakeholders were informed and engaged, facilitating collaboration and achieving shared goals.",,missing_slang,missing_slang
train.jsonl,898,committed to professional development ✨ investing in my education and training. lets gooo 💪,committed to professional development investing in my education and training. lets goo,"I'm committed to professional development, investing in my education and training to enhance my skills and advance my career.",,missing_slang,missing_slang
train.jsonl,900,passionate about sustainability ✨ actively seeking ways to minimize my environmental impact. lets protect our planet 🌎,passionate about sustainability actively seeking ways to minimize my environmental impact. lets protect our planet,"I'm passionate about sustainability, actively seeking ways to minimize my environmental impact and promote responsible practices.",,missing_slang,missing_slang
train.jsonl,901,meticulous project plan kept us on track and within budget ✨💅 we slayed,meticulous project plan kept us on track and within budget we slayed,"The detailed project plan, meticulously executed, ensured the project stayed on track and delivered on time and within budget.",,missing_slang,missing_slang
train.jsonl,902,committed to building strong relationships ✨ fostering trust and mutual respect. teamwork makes the dream work ✨,committed to building strong relationships fostering trust and mutual respect. teamwork makes the dream work,"I'm committed to building strong relationships with colleagues, clients, and stakeholders, fostering trust and mutual respect.",,missing_slang,missing_slang
train.jsonl,903,marketing campaign was a success! reached the target audience and drove sales ✨💅,marketing campaign was a success! reached the target audience and drove sales,"The comprehensive marketing campaign effectively reached the target audience, generating significant interest and driving sales.",,missing_slang,missing_slang
train.jsonl,904,dedicated to continuous learning and personal growth ✨ constantly seeking opportunities. never stop learning 🤓,dedicated to continuous learning and personal growth constantly seeking opportunities. never stop learning,"I'm dedicated to continuous learning and personal growth, constantly seeking opportunities to expand my knowledge and skills.",,missing_slang,missing_slang
train.jsonl,906,committed to ethical and responsible business practices ✨ ensuring transparency and accountability. integrity matters 💯,committed to ethical and responsible business practices ensuring transparency and accountability. integrity matters,"I'm committed to ethical and responsible business practices, ensuring transparency and accountability in all my actions.",,missing_slang,missing_slang
train.jsonl,908,driven by a strong sense of purpose ✨ seeking to make a positive contribution to society. thats what matters ❤️,driven by a strong sense of purpose seeking to make a positive contribution to society. thats what matters,"I'm driven by a strong sense of purpose, seeking to make a positive contribution to society and leave a lasting legacy.",,missing_slang,missing_slang
train.jsonl,909,"collaborative effort led to a functional, aesthetically pleasing, and user-friendly product ✨💅 we slayed","collaborative effort led to a functional, aesthetically pleasing, and user-friendly product we slayed",The collaborative effort resulted in a product that was not only functional but also aesthetically pleasing and user-friendly.,,missing_slang,missing_slang
train.jsonl,910,always seeking new challenges and opportunities ✨ pushing myself beyond my comfort zone. never stop growing 🤓,always seeking new challenges and opportunities pushing myself beyond my comfort zone. never stop growing,"I'm always seeking new challenges and opportunities to learn and grow, pushing myself beyond my comfort zone to achieve my full potential.",,missing_slang,missing_slang
train.jsonl,912,dedicated to achieving my goals ✨ setting realistic expectations and working diligently. lets gooo 💪,dedicated to achieving my goals setting realistic expectations and working diligently. lets goo,"I'm dedicated to achieving my goals, setting realistic expectations and working diligently to overcome any obstacles that arise.",,missing_slang,missing_slang
train.jsonl,913,innovative design solution addressed a critical problem ✨ simple and elegant solution. we slayed💅,innovative design solution addressed a critical problem simple and elegant solution. we slayed,"The innovative design solution addressed a critical problem, providing a simple and elegant solution that was both functional and visually appealing.",,missing_slang,missing_slang
train.jsonl,914,committed to fostering a culture of innovation and creativity ✨ encouraging experimentation and risk-taking. lets gooo 💪,committed to fostering a culture of innovation and creativity encouraging experimentation and risk-taking. lets goo,"I'm committed to fostering a culture of innovation and creativity, encouraging experimentation and risk-taking within the team.",,missing_slang,missing_slang
train.jsonl,916,passionate about making a difference in the world ✨ using my skills and talents to contribute to something meaningful. thats what matters ❤️,passionate about making a difference in the world using my skills and talents to contribute to something meaningful. thats what matters,"I'm passionate about making a difference in the world, using my skills and talents to contribute to something meaningful and impactful.",,missing_slang,missing_slang
train.jsonl,917,"comprehensive strategy, carefully planned and meticulously executed, resulted in achieving all key performance indicators ✨💅 we slayed","comprehensive strategy, carefully planned and meticulously executed, resulted in achieving all key performance indicators we slayed","The comprehensive strategy, carefully planned and meticulously executed, resulted in the achievement of all key performance indicators.",,missing_slang,missing_slang
train.jsonl,918,committed to lifelong learning ✨ continually seeking new knowledge and skills. never stop learning 🤓,committed to lifelong learning continually seeking new knowledge and skills. never stop learning,"I'm committed to lifelong learning, continually seeking new knowledge and skills to stay ahead in my field and adapt to changing circumstances.",,missing_slang,missing_slang
train.jsonl,919,effective communication strategy kept everyone informed and engaged ✨ fostered collaboration and trust. teamwork makes the dream work ✨,effective communication strategy kept everyone informed and engaged fostered collaboration and trust. teamwork makes the dream work,"The effective communication strategy ensured all stakeholders were kept informed and engaged throughout the project, fostering collaboration and trust.",,missing_slang,missing_slang
train.jsonl,920,driven by a passion for innovation ✨ constantly seeking new ways to improve processes. lets gooo 💪,driven by a passion for innovation constantly seeking new ways to improve processes. lets goo,"I'm driven by a passion for innovation, constantly seeking new ways to improve processes and create better solutions for our customers.",,missing_slang,missing_slang
train.jsonl,922,"dedicated to building strong relationships ✨ fostering trust, collaboration, and mutual respect. teamwork makes the dream work ✨","dedicated to building strong relationships fostering trust, collaboration, and mutual respect. teamwork makes the dream work","I'm dedicated to building strong relationships with my colleagues, clients, and partners, fostering trust, collaboration, and mutual respect.",,missing_slang,missing_slang
train.jsonl,923,comprehensive research and development led to a groundbreaking product ✨ transformed the industry. we slayed💅,comprehensive research and development led to a groundbreaking product transformed the industry. we slayed,The comprehensive research and development process led to the creation of a groundbreaking product that transformed the industry.,,missing_slang,missing_slang
train.jsonl,924,passionate about continuous improvement ✨ constantly seeking feedback and actively implementing changes. lets gooo 💪,passionate about continuous improvement constantly seeking feedback and actively implementing changes. lets goo,"I'm passionate about continuous improvement, constantly seeking feedback and actively implementing changes to enhance my performance and efficiency.",,missing_slang,missing_slang
train.jsonl,925,"meticulous planning and execution ensured the project was completed on time, within budget, and to the highest standards ✨💅 we slayed","meticulous planning and execution ensured the project was completed on time, within budget, and to the highest standards we slayed","The meticulous planning and execution of the project ensured it was completed on time, within budget, and to the highest standards of quality.",,missing_slang,missing_slang
train.jsonl,934,this revision guide has my brain doing the blue screen of death 💀 how am i supposed to download ALL this info before the exam?? requesting cheat codes pls 🙏😭,this revision guide has my brain doing the blue screen of death how am i supposed to download all this info before the exam. requesting cheat codes pls,"The sheer amount of information covered in the revision guide feels overwhelming, and I'm questioning my ability to retain it all before the final examination.",,missing_slang,missing_slang
train.jsonl,935,"battling flat-pack furniture was my personal boss fight this afternoon  Furniture 1, Me 0 😭✋ send help and maybe an adultier adult who can read instructions","battling flat-pack furniture was my personal boss fight this afternoon furniture 1, me 0 send help and maybe an adultier adult who can read instructions","I spent the afternoon attempting to assemble flat-pack furniture, an endeavor that tested my patience and spatial reasoning skills to their absolute limits.",,missing_slang,missing_slang
train.jsonl,943,trust falls at the work thingy? my anxiety said ABSOLUTELY NOT 💀 team building? more like team trauma bonding over near-death experiences 😭✋,trust falls at the work thingy? my anxiety said absolutely not team building? more like team trauma bonding over near-death experiences,"Participating in the team-building exercise involved some trust falls, which frankly felt more anxiety-inducing than camaraderie-building.",,missing_slang,missing_slang
train.jsonl,944,rereading that book and the foreshadowing is slapping me in the face omg 🤯 the author was dropping hints like breadcrumbs and i was just a clueless bird first time round 🐦🍞,rereading that book and the foreshadowing is slapping me in the face omg the author was dropping hints like breadcrumbs and i was just a clueless bird first time round,"The subtle foreshadowing in the early chapters of the novel became strikingly apparent upon a second reading, enriching the overall narrative.",,missing_slang,missing_slang
train.jsonl,948,"my DIY attempt vs the tutorial pic is the biggest 'expectation vs reality' fail EVER 💀 pinterest lied to me again, my creation is… abstract ✨😭","my diy attempt vs the tutorial pic is the biggest 'expectation vs reality' fail ever pinterest lied to me again, my creation is abstract",Attempting to follow an online D.I.Y. tutorial resulted in a final product that looked absolutely nothing like the professionally styled example shown.,,missing_slang,missing_slang
train.jsonl,952,"volunteering with the puppers and kittens hit my feels HARD 😭💔 but seeing them get adopted? okay FINE my heart can take it, best feeling ever ❤️🐾","volunteering with the puppers and kittens hit my feels hard but seeing them get adopted? okay fine my heart can take it, best feeling ever","Volunteering at the animal shelter was emotionally taxing at times, but incredibly rewarding seeing the animals find loving homes.",,missing_slang,missing_slang
train.jsonl,955,"they DISCONTINUED my fav snack??? the betrayal is UNREAL 😭 it was my emotional support cronch, how dare they?! 💔 corporate snakes 🐍","they discontinued my fav snack. the betrayal is unreal it was my emotional support cronch, how dare they. corporate snakes",Finding out that my favorite niche snack food has been discontinued felt like a personal betrayal by the company.,,missing_slang,missing_slang
train.jsonl,961,"the mini heart attack when u cant find ur phone then its literally IN UR HAND 🫠💀 happens everytime istg, my brain cells working overtime for nothing 😭","the mini heart attack when u cant find ur phone then its literally in ur hand happens everytime istg, my brain cells working overtime for nothing","That feeling of sudden panic when you momentarily think you've lost your phone, only to find it in your pocket, is a universal experience.",,missing_slang,missing_slang
train.jsonl,964,"trying to understand quantum physics got my brain doing backflips 🤯 like what even IS reality?? simultaneously fascinated and utterly confused, send notes 😵‍💫🔭","trying to understand quantum physics got my brain doing backflips like what even is reality. simultaneously fascinated and utterly confused, send notes","The complexity of quantum physics concepts is mind-boggling, leaving me feeling simultaneously fascinated and completely bewildered.",,missing_slang,missing_slang
train.jsonl,969,seeing the typo the MILLISECOND after hitting send on that important email 🫠 the dread is IMMEDIATE and FATAL 💀 ctrl+z where art thou 😭,seeing the typo the millisecond after hitting send on that important email the dread is immediate and fatal ctrl z where art thou,Finding a typo in an important email immediately after hitting send induces a unique form of irreversible dread.,,missing_slang,missing_slang
train.jsonl,972,"brain went full goldfish mode and forgot their name 0.2 seconds after they said it 🐠🫠 now trapped in awkward convo limbo forever, send escape rope 🙏","brain went full goldfish mode and forgot their name 0.2 seconds after they said it now trapped in awkward convo limbo forever, send escape rope",Forgetting someone's name immediately after they introduced themselves creates an inescapable vortex of social awkwardness.,,missing_slang,missing_slang
train.jsonl,977,me midway thru a story realizing ive ALREADY told them this exact tea 💀 swift 'anywayyyy' pivot deployed 💨🫠 maximum awkwardness averted (barely) 🙏,me midway thru a story realizing ive already told them this exact tea swift 'anywayy' pivot deployed maximum awkwardness averted barely,Realizing mid-story that you've already told this exact anecdote to the same person requires a swift and skillful topic change.,,missing_slang,missing_slang
train.jsonl,983,"getting deja vu and wondering if the simulation just repeated a cutscene 🤔❓ feels like i pre-played this level, weird af but kinda cool? 👽✨","getting deja vu and wondering if the simulation just repeated a cutscene feels like i pre-played this level, weird af but kinda cool","That feeling of déjà vu, the uncanny sensation of having experienced the current moment before, is a perplexing neurological phenomenon.",,missing_slang,missing_slang
train.jsonl,984,"found an old pic and the nostalgia hit like a TRUCK 😭💖 so many mems unlocked, kinda sad kinda sweet?? feels weird being a history exhibit of my own life ✨","found an old pic and the nostalgia hit like a truck so many mems unlocked, kinda sad kinda sweet. feels weird being a history exhibit of my own life",Finding an old photograph that instantly brings back a flood of vivid memories can be both heartwarming and slightly melancholic.,,missing_slang,missing_slang
train.jsonl,991,"pulled up to my fav foodie spot and its CLOSED?? 😭 the world is ending, my day is ruined, my disappointment is immeasurable 💔 send comfort food elsewhere 🙏","pulled up to my fav foodie spot and its closed. the world is ending, my day is ruined, my disappointment is immeasurable send comfort food elsewhere",The distinct disappointment of arriving at your favorite restaurant only to find it unexpectedly closed for the day.,,missing_slang,missing_slang
train.jsonl,994,"started looking up 'how to tie a tie', ended up 3 hours later watching documentaries about competitive dog grooming 🐶🎩 the internet rabbit hole got me GOOD 🐇💨 no regrets tho","started looking up 'how to tie a tie', ended up 3 hours later watching documentaries about competitive dog grooming the internet rabbit hole got me good no regrets tho",Spending an entire afternoon falling down an internet rabbit hole of increasingly obscure topics is a common modern pastime.,,missing_slang,missing_slang
train.jsonl,995,seeing the typing bubbles (...) appear then vanish is psychological warfare istg 💬 whats the tea?? what did u delete?? the suspense is KILLING me 😭,seeing the typing bubbles . appear then vanish is psychological warfare istg whats the tea. what did u delete. the suspense is killing me,The anxiety induced by seeing '...' appear and disappear while someone is typing a response can be surprisingly intense.,,missing_slang,missing_slang
train.jsonl,997,unsubscribing from spam emails is my act of rebellion for the day 💪😤 take THAT capitalism! cleansing the inbox feels like a digital detox ✨,unsubscribing from spam emails is my act of rebellion for the day take that capitalism! cleansing the inbox feels like a digital detox,The quiet satisfaction of unsubscribing from a flood of unwanted marketing emails provides a small sense of reclaiming control.,,missing_slang,missing_slang
train.jsonl,998,caught myself vibing to elevator muzak 💀 when did i become this person?? send help my coolness levels are critical 📉🆘,caught myself vibing to elevator muzak when did i become this person. send help my coolness levels are critical,Realizing you've been automatically singing along to elevator music requires a moment of profound self-reflection.,,missing_slang,missing_slang
train.jsonl,999,"trying to scrub to the exact second in a video? IMPOSSIBLE 😩 the progress bar jumps like its possessed, forever cursed to miss the good part 😭💔","trying to scrub to the exact second in a video? impossible the progress bar jumps like its possessed, forever cursed to miss the good part",The very specific frustration of trying to skip to a precise moment in a video or audio track using a clumsy progress bar.,,missing_slang,missing_slang
train.jsonl,1000,pretending i dont want the free sample bc im too awkward to just say no 🚶‍♀️💨 doing the polite 'oh no thank u im good' shuffle 🙏 internally screaming 'just take it!',pretending i dont want the free sample bc im too awkward to just say no doing the polite 'oh no thank u im good' shuffle internally screaming 'just take it!',Politely declining a free sample you absolutely do not want often involves an awkward dance of feigned disinterest.,,missing_slang,missing_slang
train.jsonl,1002,"fighting the plastic packaging and the packaging winning 😭😩 got war wounds just trying to open snacks, why is it fort knox level secure?? 💥✂️","fighting the plastic packaging and the packaging winning got war wounds just trying to open snacks, why is it fort knox level secure",Struggling to open stubborn plastic packaging often results in minor injuries and questions about the necessity of such fortress-like containers.,,missing_slang,missing_slang
train.jsonl,1003,"made a perfect cuppa then got distracted... now its cold sadness in a mug 😭☕️ my adhd strikes again, RIP hot beverage dream 💔","made a perfect cuppa then got distracted. now its cold sadness in a mug my adhd strikes again, rip hot beverage dream",The unique disappointment of brewing a cup of tea or coffee only to forget about it until it becomes cold.,,missing_slang,missing_slang
train.jsonl,1006,phone at 3% and i need google maps NOW?? stress levels: MAXIMUM 🚨🤯 praying for battery miracles and strong signal 🙏 pls dont die on me phone 😭,phone at 3 and i need google maps now. stress levels maximum praying for battery miracles and strong signal pls dont die on me phone,Discovering your phone battery is critically low when you urgently need to use GPS navigation induces immediate stress.,,missing_slang,missing_slang
train.jsonl,1014,"my fridge is lookin tragically empty, grocery run is screaming my name 😩🛒💨","my fridge is lookin tragically empty, grocery run is screaming my name",I need to buy groceries soon.,,missing_slang,missing_slang
train.jsonl,1016,ew this coffee tastes like sadness and burnt dreams ☕️💀 send help & a refund,ew this coffee tastes like sadness and burnt dreams send help a refund,This coffee tastes burnt.,,missing_slang,missing_slang
train.jsonl,1020,her laugh acc makes ME laugh?? contagious af in the best way 😂✨,her laugh acc makes me laugh. contagious af in the best way,She has a really infectious laugh.,,missing_slang,missing_slang
train.jsonl,1026,my earbuds are DEAD 💀💀 raw dogging reality with no soundtrack today 😭 send Fs in chat,my earbuds are dead raw dogging reality with no soundtrack today send fs in chat,I forgot to charge my earbuds.,,missing_slang,missing_slang
train.jsonl,1028,currently in my 'trying to convince myself salad is yummy' era 🌱🥲 #health (but also i want pizza 🍕),currently in my 'trying to convince myself salad is yummy' era health but also i want pizza,I'm trying to eat healthier lately.,,missing_slang,missing_slang
train.jsonl,1029,"this meeting draining my social battery for NO reason 😩 literally couldve been an email, my soul has left my body 📧👻","this meeting draining my social battery for no reason literally couldve been an email, my soul has left my body",This meeting could have been an email.,,missing_slang,missing_slang
train.jsonl,1036,counting down the seconds til the weekend 🙏 freedom is calling my NAME 🥳💃,counting down the seconds til the weekend freedom is calling my name,I can't wait for the weekend.,,missing_slang,missing_slang
train.jsonl,1039,his jokes are criminal 💀 the secondhand embarrassment i feel is INTENSE 🫠 bless his heart tho? 🙏,his jokes are criminal the secondhand embarrassment i feel is intense bless his heart tho,He always tells the worst jokes.,,missing_slang,missing_slang
train.jsonl,1041,THAT CONCERT WAS LIFE CHANGING 🔥🤯 vibing so hard i think i left my soul there ✨🎶 10/10 would transcend again,that concert was life changing vibing so hard i think i left my soul there 10 10 would transcend again,That concert was absolutely incredible.,,missing_slang,missing_slang
train.jsonl,1042,replied ALL to the work email with my unhinged thoughts 💀 CAN I REWIND TIME PLS 😭🔥 SEND HELP,replied all to the work email with my unhinged thoughts can i rewind time pls send help,I accidentally replied all to that email.,,missing_slang,missing_slang
train.jsonl,1050,pretty sure my plants are ghosting me 🌱👻 sending them prayers and water 🙏 pls dont die besties 😭,pretty sure my plants are ghosting me sending them prayers and water pls dont die besties,I think my plants are dying.,,missing_slang,missing_slang
train.jsonl,1053,"awww that gift was SO sweet 😭🎁 genuinely thoughtful, right in the feels ✨🥹","aww that gift was so sweet genuinely thoughtful, right in the feels",That was a really thoughtful gift.,,missing_slang,missing_slang
train.jsonl,1054,my keys have entered the void 🔑💨 SOS where did they go?? panik mode engaged 😩,my keys have entered the void sos where did they go. panik mode engaged,I can't find my keys anywhere.,,missing_slang,missing_slang
train.jsonl,1060,"her cookies are sent from the heavens istg 🍪✨ literally taste like happiness, 10/10 would inhale again 🤤","her cookies are sent from the heavens istg literally taste like happiness, 10 10 would inhale again",She makes the best cookies.,,missing_slang,missing_slang
train.jsonl,1061,my laptop is BEGGING for an update 🙏 procrastination hitting hard tho 😩 maybe later ✨,my laptop is begging for an update procrastination hitting hard tho maybe later,I need to update my software.,,missing_slang,missing_slang
train.jsonl,1065,her internal compass is broken af 🧭💀 gets lost in her own house prob 😂 bless her tho 🙏,her internal compass is broken af gets lost in her own house prob bless her tho,She has a terrible sense of direction.,,missing_slang,missing_slang
train.jsonl,1066,"TGIF OMG 🙏🙏🙏 SURVIVED the week, ready to cease all brain activity ✨🥳","tgif omg survived the week, ready to cease all brain activity",I'm so glad it's Friday.,,missing_slang,missing_slang
train.jsonl,1067,gloomy weather got me wanting to hibernate 😴🌧️ need caffeine transfusion STAT or i will nap here 😩,gloomy weather got me wanting to hibernate need caffeine transfusion stat or i will nap here,This weather is making me sleepy.,,missing_slang,missing_slang
train.jsonl,1069,"my room looks like a bomb hit it 💣😬 the 'chair' is overflowing, cleaning goblin mode needed ASAP 😩","my room looks like a bomb hit it the 'chair' is overflowing, cleaning goblin mode needed asap",I should probably clean my room.,,missing_slang,missing_slang
train.jsonl,1070,"hanging on her every word when she tells stories ✨ captivating af, she could narrate paint drying and id listen 🤩","hanging on her every word when she tells stories captivating af, she could narrate paint drying and id listen",She tells the most fascinating stories.,,missing_slang,missing_slang
train.jsonl,1071,"my browser tabs are a cry for help 💻💥 each tab is a different rabbit hole, my RAM is sobbing 😭","my browser tabs are a cry for help each tab is a different rabbit hole, my ram is sobbing",I have too many tabs open on my browser.,,missing_slang,missing_slang
train.jsonl,1074,doing this task feels like watching paint dry in slow motion ⏳😩 send distractions pls 🙏,doing this task feels like watching paint dry in slow motion send distractions pls,This task is incredibly tedious.,,missing_slang,missing_slang
train.jsonl,1075,"her hugs literally heal my soul ✨💖 10/10 comfort levels, therapeutic af 🤗","her hugs literally heal my soul 10 10 comfort levels, therapeutic af",She gives the best hugs.,,missing_slang,missing_slang
train.jsonl,1076,DEADLINE? WHAT DEADLINE? 💀 oops. time to activate panic mode 🔥😬 send caffeine & miracles 🙏,deadline? what deadline? oops. time to activate panic mode send caffeine miracles,I completely forgot about that deadline.,,missing_slang,missing_slang
train.jsonl,1078,my bank account is crying after that online shopping spree 💸🛒😭 dopamine hit was worth it tho? (asking for a friend 👀),my bank account is crying after that online shopping spree dopamine hit was worth it tho? asking for a friend,I spent too much money shopping online.,,missing_slang,missing_slang
train.jsonl,1079,"look at this sleepy floof 🥺🐶 melts my heart every time, ultimate cuteness overload ✨😴","look at this sleepy floof melts my heart every time, ultimate cuteness overload",The dog looks so cute when it's sleeping.,,missing_slang,missing_slang
train.jsonl,1081,this puzzle got my brain in a pretzel 🥨💀 is it broken or am i dumb?? requesting hints 🙏😭,this puzzle got my brain in a pretzel is it broken or am i dumb. requesting hints,I can't solve this puzzle.,,missing_slang,missing_slang
train.jsonl,1083,remembering i have plants to keep alive 🌿💧 oops sry lil guys 🙏 pls accept this hydration offering,remembering i have plants to keep alive oops sry lil guys pls accept this hydration offering,I need to water my plants.,,missing_slang,missing_slang
train.jsonl,1086,woke up b4 my alarm? am i... thriving? 🤔 body clock said LETS GO ✨ probably gonna crash later tho 💀,woke up b4 my alarm? am i. thriving? body clock said lets go probably gonna crash later tho,I woke up before my alarm.,,missing_slang,missing_slang
train.jsonl,1090,her handwriting looks like a font?? ✨🖋️ meanwhile mine looks like spider crawled thru ink 🕷️😭,her handwriting looks like a font. meanwhile mine looks like spider crawled thru ink,She has perfect handwriting.,,missing_slang,missing_slang
train.jsonl,1093,"saw it, wanted it, bought it ✨💸 impulsive purchase unlocked 🔓 oops my wallet hates me now 😭","saw it, wanted it, bought it impulsive purchase unlocked oops my wallet hates me now",I made an impulsive purchase.,,missing_slang,missing_slang
train.jsonl,1097,he makes hard stuff look easy af?? ✨😎 like how?? teach me ur ways senpai 🙏,he makes hard stuff look easy af. like how. teach me ur ways senpai,He makes everything seem effortless.,,missing_slang,missing_slang
train.jsonl,1099,"spiders = IMMEDIATE panic mode 🕷️😱 nope nope nope, send backup pls 😭","spiders immediate panic mode nope nope nope, send backup pls",She is afraid of spiders.,,missing_slang,missing_slang
train.jsonl,1107,my brain knows i should gym but my body says 'lol no' 🏋️‍♀️🙅‍♀️ the internal conflict is loud today 😩,my brain knows i should gym but my body says 'lol no' the internal conflict is loud today,I should go to the gym.,,missing_slang,missing_slang
train.jsonl,1110,my desk looks like a papernado hit it 🌪️📄 organization where?? send help (and maybe a bigger desk) 🙏,my desk looks like a papernado hit it organization where. send help and maybe a bigger desk,I need to organize my desk.,,missing_slang,missing_slang
train.jsonl,1115,wait what was i saying?? 🤔💭 brain buffer overflow error 💀 thought deleted itself lol oops 😅,wait what was i saying. brain buffer overflow error thought deleted itself lol oops,I forgot what I was going to say.,,missing_slang,missing_slang
train.jsonl,1117,caffeine levels critical ☕️📉 send another cup stat or i cease to function 🙏✨,caffeine levels critical send another cup stat or i cease to function,I need more coffee.,,missing_slang,missing_slang
train.jsonl,1125,phone storage warning got me sweating 📱💦 time for the great photo/app purge 😭💀 which memes gotta go??,phone storage warning got me sweating time for the great photo app purge which memes gotta go,My phone's storage is almost full.,,missing_slang,missing_slang
train.jsonl,1126,his stories have like 17 side quests 🐢💀 love him but pls get to the point challenge?? 🙏😂,his stories have like 17 side quests love him but pls get to the point challenge,He tells stories that go on forever.,,missing_slang,missing_slang
train.jsonl,1127,adding 'learn new language' to my list of hobbies i start and abandon ✨🌍 duolingo owl haunting me already 🦉,adding 'learn new language' to my list of hobbies i start and abandon duolingo owl haunting me already,I want to learn a new language.,,missing_slang,missing_slang
train.jsonl,1128,"this sweater feels like wearing fiberglass insulation 😩👕 itchy af, regret this purchase immensly 😭","this sweater feels like wearing fiberglass insulation itchy af, regret this purchase immensly",This sweater is incredibly itchy.,,missing_slang,missing_slang
train.jsonl,1132,my car is currently fifty shades of dirt 🚗💨 looks like it went off-roading in a mud pit 😬 wash needed asap ✨,my car is currently fifty shades of dirt looks like it went off-roading in a mud pit wash needed asap,I need to get my car washed.,,missing_slang,missing_slang
train.jsonl,1138,finished the puzzle BUT ONE PIECE IS MISSING??? 🧩🤬 the betrayal is unreal 😭 absolute tragedy.,finished the puzzle but one piece is missing. the betrayal is unreal absolute tragedy,This puzzle is missing a piece.,,missing_slang,missing_slang
train.jsonl,1139,"she's in her experimental chef era ✨👩‍🍳 always cooking up something new, sometimes hits sometimes misses lol 🙏","she's in her experimental chef era always cooking up something new, sometimes hits sometimes misses lol",She's always trying new recipes.,,missing_slang,missing_slang
train.jsonl,1146,bro's approved food list has like 5 items 🗒️ picky eater supreme 👑 making dinner plans = impossible 😩,bro's approved food list has like 5 items picky eater supreme making dinner plans impossible,He's very picky about his food.,,missing_slang,missing_slang
train.jsonl,1147,finished something hard and feeling like a BOSS ✨💪 accomplishment dopamine hit >>>> 💯 LET'S GOOO,finished something hard and feeling like a boss accomplishment dopamine hit let's goo,I love the feeling of accomplishment.,,missing_slang,missing_slang
train.jsonl,1150,my inbox is begging for mercy 📧💀 unsubscribing from spam is my self-care today ✨ bless the unsubscribe button 🙏,my inbox is begging for mercy unsubscribing from spam is my self-care today bless the unsubscribe button,I need to unsubscribe from these emails.,,missing_slang,missing_slang
train.jsonl,1152,urge to rewatch the whole series loading... 📺🔁 ready for the emotional damage again ✨🍿 here we go,urge to rewatch the whole series loading. ready for the emotional damage again here we go,I want to rewatch that entire series.,,missing_slang,missing_slang
train.jsonl,1155,"my laptop sounds like its preparing for takeoff ✈️💨 fan goin crazy, she's working HARD (or dying? 🤔)","my laptop sounds like its preparing for takeoff fan goin crazy, she's working hard or dying",My computer fan is really loud.,,missing_slang,missing_slang
train.jsonl,1158,ugh the effort level required? astronomical 📈 is there an easier way?? asking for me (lazy) 🙏😭,ugh the effort level required? astronomical is there an easier way. asking for me lazy,This requires too much effort.,,missing_slang,missing_slang
train.jsonl,1160,"wait what just happened? 😶 zoned out HARD for a sec there, brain went offline 💀 sorry repeat that?","wait what just happened? zoned out hard for a sec there, brain went offline sorry repeat that",I completely zoned out for a second.,,missing_slang,missing_slang
train.jsonl,1162,buying a guitar knowing i'll practice for 3 days then it becomes decoration ✨🎸 another hobby loading... ⏳,buying a guitar knowing i'll practice for 3 days then it becomes decoration another hobby loading,I want to learn how to play guitar.,,missing_slang,missing_slang
train.jsonl,1165,pretty sure im 80 years old?? my back is killing me 👵🦴 cracked like a glowstick getting up 😩 send icyhot 🙏,pretty sure im 80 years old. my back is killing me cracked like a glowstick getting up send icyhot,My back hurts.,,missing_slang,missing_slang
train.jsonl,1178,"umm this is NOT fair?? 🤨 the audacity is astronomical, complaining online immediately 😤 #unfair","umm this is not fair. the audacity is astronomical, complaining online immediately unfair",This feels really unfair.,,missing_slang,missing_slang
train.jsonl,1183,"these instructions were written by satan himself 😈📄 makes ZERO sense, winging it now 🙏 wish me luck 💀","these instructions were written by satan himself makes zero sense, winging it now wish me luck",This instruction manual is confusing.,,missing_slang,missing_slang
train.jsonl,1185,having a bad hair day is an understatement 😩 my hair has CHOSEN violence today 🔥 refused to be tamed 🦁,having a bad hair day is an understatement my hair has chosen violence today refused to be tamed,My hair won't cooperate today.,,missing_slang,missing_slang
train.jsonl,1188,"pretty sure ive aged 5 years waiting at this red light 🚦⏳ eternal suffering, just let me GOOO 😭","pretty sure ive aged 5 years waiting at this red light eternal suffering, just let me goo",This traffic light takes forever.,,missing_slang,missing_slang
train.jsonl,1195,autocorrect is trying to RUIN MY LIFE 🤬📱 autocorrect fail compilation incoming 😭 just let me type DUCKING 🙏,autocorrect is trying to ruin my life autocorrect fail compilation incoming just let me type ducking,My phone keeps autocorrecting incorrectly.,,missing_slang,missing_slang
train.jsonl,1200,"betrayal by my water bottle 💧😭 leaking everywhere, Soggy Bag Syndrome activated 😩 #fail","betrayal by my water bottle leaking everywhere, soggy bag syndrome activated fail",My water bottle is leaking.,,missing_slang,missing_slang
train.jsonl,1203,thought this would be quick but NOPE 😩 task decided to take its sweet time ⏳ forever pending...,thought this would be quick but nope task decided to take its sweet time forever pending,This is taking longer than expected.,,missing_slang,missing_slang
train.jsonl,1205,"neighbors chose ✨maximum volume✨ tonight 🔊💀 thin walls curse activated, send noise cancelling headphones pls 🙏","neighbors chose maximum volume tonight thin walls curse activated, send noise cancelling headphones pls",My neighbors are being loud.,,missing_slang,missing_slang
train.jsonl,1210,"allergies decided my eyes should be ✨waterfalls✨ today 😭 itchy and watery af, help 😩","allergies decided my eyes should be waterfalls today itchy and watery af, help",My allergies make my eyes itchy.,,missing_slang,missing_slang
train.jsonl,1220,"tripped over literally AIR 💨🤡 clumsy activated, grace level: zero 😭 embarrassing af","tripped over literally air clumsy activated, grace level zero embarrassing af",I tripped over nothing.,,missing_slang,missing_slang
train.jsonl,1223,"that movie just emotionally wrecked me 😭💔 sobbing uncontrollably, send tissues & hugs pls ✨ need recovery time","that movie just emotionally wrecked me sobbing uncontrollably, send tissues hugs pls need recovery time",This movie is emotionally devastating.,,missing_slang,missing_slang
train.jsonl,1228,this app update is CRIMINAL 🤬 why change the layout?? it was fine! revert pls 🙏😭 hate it here,this app update is criminal why change the layout. it was fine! revert pls hate it here,This app update changed everything.,,missing_slang,missing_slang
train.jsonl,1233,"this project got me STRESSED stressed 😩 overwhelmed is an understatement, send snacks & moral support 🙏😭","this project got me stressed stressed overwhelmed is an understatement, send snacks moral support",This project feels overwhelming.,,missing_slang,missing_slang
train.jsonl,1235,"saw the text, mentally replied, forgot to actually text back 🫠 ADHD core activated 💀 oops sry!","saw the text, mentally replied, forgot to actually text back adhd core activated oops sry",I forgot to reply to that text.,,missing_slang,missing_slang
train.jsonl,1236,"his morning routine is like a military operation ☀️⏰ specific af, kinda impressive kinda scary 🤔✨","his morning routine is like a military operation specific af, kinda impressive kinda scary",He has a very specific morning routine.,,missing_slang,missing_slang
train.jsonl,1239,"she has the superpower of instant sleep ✨😴 head hits pillow = OUT COLD, jealous doesn't cover it 🙏 teach me how!","she has the superpower of instant sleep head hits pillow out cold, jealous doesn't cover it teach me how",She can fall asleep instantly.,,missing_slang,missing_slang
train.jsonl,1244,stackin bread for a new whip 🚗💨 gotta get the bag right before i pull up flexin 💰💯,stackin bread for a new whip gotta get the bag right before i pull up flexin,I'm saving money for a new car.,,missing_slang,missing_slang
train.jsonl,1249,"over this petty drama frfr 🙄 too old for this playground shi, stayin out the mix ✌️","over this petty drama frfr too old for this playground shi, stayin out the mix",I'm tired of dealing with this drama.,,missing_slang,missing_slang
train.jsonl,1257,"on my grind frfr 💪 tryna level up and reach these goals, ain't nun stoppin me 💯🚀","on my grind frfr tryna level up and reach these goals, ain't nun stoppin me",I'm working hard to achieve my goals.,,missing_slang,missing_slang
train.jsonl,1267,that was a risky play frfr 🔥 but he ran it up and it hit? bold move cotton 💯🎲,that was a risky play frfr but he ran it up and it hit? bold move cotton,"That was a risky move, but it paid off.",,missing_slang,missing_slang
train.jsonl,1282,"that was extra af for no reason 💀 doing way too much, completely unnecessary frfr 🙄","that was extra af for no reason doing way too much, completely unnecessary frfr",That was completely unnecessary.,,missing_slang,missing_slang
train.jsonl,1287,"aight we ain't seein eye-to-eye, it is what it is 🤷‍♀️ agree to disagree and keep it pushin 🙏","aight we ain't seein eye-to-eye, it is what it is agree to disagree and keep it pushin",Let's agree to disagree.,,missing_slang,missing_slang
train.jsonl,1290,he gotta own up to his shi frfr 💯 stop blaming others and take responsibility 🙏 stand on it,he gotta own up to his shi frfr stop blaming others and take responsibility stand on it,He needs to take responsibility for his actions.,,missing_slang,missing_slang
train.jsonl,1295,"aight keep this on the low frfr 🤫 between me and u, don't need everyone knowing our business 🙏","aight keep this on the low frfr between me and u, don't need everyone knowing our business",Let's keep this between us.,,missing_slang,missing_slang
train.jsonl,1305,"gotta work on how i say shi frfr 🗣️ tryna communicate better, level up my convo game 🙏","gotta work on how i say shi frfr tryna communicate better, level up my convo game",I need to work on my communication skills.,,missing_slang,missing_slang
train.jsonl,1308,"she got a big heart frfr ❤️ always lookin out for ppl, tryna help where she can 🙏 genuine good soul ✨","she got a big heart frfr always lookin out for ppl, tryna help where she can genuine good soul",She's always trying to help others.,,missing_slang,missing_slang
train.jsonl,1313,"tryna play it smart frfr 🙏 avoiding unnecessary risks, moving strategic not reckless 💯 chess not checkers","tryna play it smart frfr avoiding unnecessary risks, moving strategic not reckless chess not checkers",I'm avoiding unnecessary risks.,,missing_slang,missing_slang
train.jsonl,1316,"she don't get punked easy frfr 💪 ain't easily intimidated, stands her ground 💯💯","she don't get punked easy frfr ain't easily intimidated, stands her ground",She's not easily intimidated.,,missing_slang,missing_slang
train.jsonl,1328,nah ppl respect her heavy frfr ✨ got a good name in these streets (or offices lol) 💯 earned it,nah ppl respect her heavy frfr got a good name in these streets or offices lol earned it,She's very well-respected.,,missing_slang,missing_slang
train.jsonl,1330,"they tryna get a reaction but he stay cool af 😎 ain't fallin for the bait, composure on 💯","they tryna get a reaction but he stay cool af ain't fallin for the bait, composure on",He keeps his cool when provoked.,,missing_slang,missing_slang
train.jsonl,1334,"he stand on his principles frfr 💯 got a code and he lives by it, solid dude 🙏","he stand on his principles frfr got a code and he lives by it, solid dude",He sticks to his principles.,,missing_slang,missing_slang
train.jsonl,1337,"gotta set some boundaries frfr 🙏 protect my peace, ppl needa respect the lines 💯🚫","gotta set some boundaries frfr protect my peace, ppl needa respect the lines",I need to establish boundaries.,,missing_slang,missing_slang
train.jsonl,1338,"he go hard for his friends frfr 🔥 fiercely loyal, always ready to defend the squad 💯🛡️","he go hard for his friends frfr fiercely loyal, always ready to defend the squad",He defends his friends fiercely.,,missing_slang,missing_slang
train.jsonl,1347,"nah that took guts frfr 🔥 mad courage to pull that off, respect 🙏💯","nah that took guts frfr mad courage to pull that off, respect",That took a lot of courage.,,missing_slang,missing_slang
train.jsonl,1351,"aight squad gotta stick together frfr 🤝 united front, we stronger together 💯💪","aight squad gotta stick together frfr united front, we stronger together",Let's stick together on this.,,missing_slang,missing_slang
train.jsonl,1359,"aight move light on this one frfr 🙏 proceed with caution, gotta be careful 👀💯","aight move light on this one frfr proceed with caution, gotta be careful",Let's proceed with caution.,,missing_slang,missing_slang
train.jsonl,1365,"gotta level up frfr 🔥 time to step my game up, mediocrity cancelled 🚫💯 LFG","gotta level up frfr time to step my game up, mediocrity cancelled lfg",I need to step up my game.,,missing_slang,missing_slang
train.jsonl,1378,"if he commit, he gon follow through 💯 reliable af, always does what he says 🙏 solid","if he commit, he gon follow through reliable af, always does what he says solid",He always follows through on his commitments.,,missing_slang,missing_slang
train.jsonl,1383,"aight lets run straight at this challenge 💪 no duckin, tackle it head-on frfr 🔥💯 LFG","aight lets run straight at this challenge no duckin, tackle it head-on frfr lfg",Let's tackle this challenge head-on.,,missing_slang,missing_slang
train.jsonl,1384,"chaos everywhere but she stay calm af 🧘‍♀️ eye of the storm energy, mad composure ✨💯","chaos everywhere but she stay calm af eye of the storm energy, mad composure",She remains calm amidst chaos.,,missing_slang,missing_slang
train.jsonl,1385,"gotta build my network frfr 🤝 strengthen connections, build bridges not walls 🙏","gotta build my network frfr strengthen connections, build bridges not walls",I need to build stronger connections.,,missing_slang,missing_slang
train.jsonl,1389,"my consistency is lackin frfr 😩 gotta be more steady wit it, build those habits 🙏💯 day by day","my consistency is lackin frfr gotta be more steady wit it, build those habits day by day",I need to work on my consistency.,,missing_slang,missing_slang
train.jsonl,1393,"gotta manage my expectations frfr 🙏 keep it realistic, dont set myself up for disappointment 💯🧘‍♀️","gotta manage my expectations frfr keep it realistic, dont set myself up for disappointment",I need to manage my expectations.,,missing_slang,missing_slang
train.jsonl,1394,"he ain't afraid to take calculated risks frfr 🎲 gotta risk it for the biscuit sometimes, smart plays 💯","he ain't afraid to take calculated risks frfr gotta risk it for the biscuit sometimes, smart plays",He takes calculated risks to get ahead.,,missing_slang,missing_slang
train.jsonl,1406,"they grillin him but he stay cool af 😎 calm under interrogation, ain't breakin frfr 💯 ice cold","they grillin him but he stay cool af calm under interrogation, ain't breakin frfr ice cold",He stays calm under interrogation.,,missing_slang,missing_slang
train.jsonl,1412,"she ALWAYS comes through frfr 💪 consistently delivers, reliable af 🙏 gets the job done 💯","she always comes through frfr consistently delivers, reliable af gets the job done",She consistently delivers results.,,missing_slang,missing_slang
train.jsonl,1414,"he lock it down frfr 🔒 keeps confidential shi on the low, trustworthy af 🙏 vault energy","he lock it down frfr keeps confidential shi on the low, trustworthy af vault energy",He keeps sensitive information confidential.,,missing_slang,missing_slang
train.jsonl,1416,"nah she hold the community down frfr ❤️ pillar of strength, always lookin out 🙏💯 backbone","nah she hold the community down frfr pillar of strength, always lookin out backbone",She is a pillar of her community.,,missing_slang,missing_slang
train.jsonl,1433,"gotta get my point across better frfr 🗣️ workin on effective communication, clarity is key 🙏💯","gotta get my point across better frfr workin on effective communication, clarity is key",I need to communicate more effectively.,,missing_slang,missing_slang
train.jsonl,1435,"nah that dedication is DIFFERENT frfr 🔥 rare breed, commitment on another level 💯💪 respect","nah that dedication is different frfr rare breed, commitment on another level respect",That level of dedication is rare.,,missing_slang,missing_slang
train.jsonl,1447,"nah we ain't slippin frfr 🙅‍♀️ gotta maintain high standards, excellence only 💯🔥 aim high","nah we ain't slippin frfr gotta maintain high standards, excellence only aim high",Let's maintain high standards.,,missing_slang,missing_slang
train.jsonl,1448,"she always stands up for those who can't 🙏 defends the vulnerable, protector energy ✨❤️ guardian angel","she always stands up for those who can't defends the vulnerable, protector energy guardian angel",She defends the vulnerable.,,missing_slang,missing_slang
train.jsonl,1449,"gotta trust the process frfr 🙏 have faith in the journey, it's unfolding ✨🧘‍♀️ patience loading...","gotta trust the process frfr have faith in the journey, it's unfolding patience loading",I need to trust the process.,,missing_slang,missing_slang
train.jsonl,1452,"she give ppl hope frfr ✨ beacon of light energy, inspires ppl to keep goin 🙏💖 leader","she give ppl hope frfr beacon of light energy, inspires ppl to keep goin leader",She inspires hope in others.,,missing_slang,missing_slang
train.jsonl,1454,"his loyalty is rock solid frfr 💯 unwavering, ride or die til the wheels fall off 🙏💯 trustworthy","his loyalty is rock solid frfr unwavering, ride or die til the wheels fall off trustworthy",He is unwavering in his loyalty.,,missing_slang,missing_slang
train.jsonl,1466,"he got vision frfr ✨ sees potential nobody else does, ahead of the curve 🙏💯 innovator","he got vision frfr sees potential nobody else does, ahead of the curve innovator",He sees potential where others don't.,,missing_slang,missing_slang
train.jsonl,1481,"gotta watch what i say frfr 🙏 be mindful of my words, impact matters 💯🗣️ choose wisely","gotta watch what i say frfr be mindful of my words, impact matters choose wisely",I need to be mindful of my words.,,missing_slang,missing_slang
train.jsonl,1483,nah that strategy is a marathon not a sprint 🏃‍♂️ requires patience AND persistence frfr 🙏💯 long game,nah that strategy is a marathon not a sprint requires patience and persistence frfr long game,That strategy requires patience and persistence.,,missing_slang,missing_slang
train.jsonl,1487,"gotta build that trust frfr 🙏 team gotta be solid, trust is key 🤝💯 foundation","gotta build that trust frfr team gotta be solid, trust is key foundation",Let's build trust within the team.,,missing_slang,missing_slang
train.jsonl,1497,"well-being check-in ✨ gotta focus on takin care of myself, mentally & physically 🙏💯 priority one","well-being check-in gotta focus on takin care of myself, mentally physically priority one",I need to focus on my well-being.,,missing_slang,missing_slang
train.jsonl,1506,"he stand firm in his beliefs frfr 🙏 steadfast, ain't easily swayed 💯 rock solid","he stand firm in his beliefs frfr steadfast, ain't easily swayed rock solid",He remains steadfast in his beliefs.,,missing_slang,missing_slang
train.jsonl,1509,"on my inner peace journey ✨ cultivating that zen, letting go of stress 🙏🧘‍♀️ calm loading...","on my inner peace journey cultivating that zen, letting go of stress calm loading",I'm cultivating inner peace.,,missing_slang,missing_slang
train.jsonl,1528,"nah she knows her shi frfr 🧠 respected heavy for her expertise, go-to expert 🙏💯 top tier","nah she knows her shi frfr respected heavy for her expertise, go-to expert top tier",She is respected for her expertise.,,missing_slang,missing_slang
train.jsonl,1530,"his integrity untouchable frfr 🙏 never compromises, stays true to his code 💯 solid dude","his integrity untouchable frfr never compromises, stays true to his code solid dude",He never compromises his integrity.,,missing_slang,missing_slang
train.jsonl,1542,"don't disrespect his team frfr 😤 defends their honor hard, loyal captain 🙏💯 protect the squad","don't disrespect his team frfr defends their honor hard, loyal captain protect the squad",He defends his team's honor.,,missing_slang,missing_slang
train.jsonl,1604,"oops she spilled the tea unintentionally ☕️🤫 secret got leaked, damage control incoming? 😬","oops she spilled the tea unintentionally secret got leaked, damage control incoming",She accidentally revealed a secret.,,missing_slang,missing_slang
train.jsonl,1610,"ugh the DMV is calling 😩 gotta renew my license soon, send patience & snacks 🙏🚦 bureaucracy nightmare","ugh the dmv is calling gotta renew my license soon, send patience snacks bureaucracy nightmare",I need to renew my driver's license soon.,,missing_slang,missing_slang
train.jsonl,1614,"this phone battery got the lifespan of a mayfly 💀 drains SO fast, livin life on 10% 🔋🔌 #struggle","this phone battery got the lifespan of a mayfly drains so fast, livin life on 10 struggle",My phone battery drains incredibly quickly.,,missing_slang,missing_slang
train.jsonl,1616,"tryna get my finances less chaotic ✨💸 mindful spending attempt #37, wish my impulse control luck 🙏😩","tryna get my finances less chaotic mindful spending attempt 37, wish my impulse control luck",I'm trying to be more mindful of my spending.,,missing_slang,missing_slang
train.jsonl,1619,did i leave the oven on??? 😳 sudden panic activated 🔥 pls manifest it being off 🙏🏠 anxiety spike,did i leave the oven on. sudden panic activated pls manifest it being off anxiety spike,I think I left the oven on.,,missing_slang,missing_slang
train.jsonl,1625,"copped the wrong size like a clown 🤡😭 online shopping betrayal, the return hassle begins 😩","copped the wrong size like a clown online shopping betrayal, the return hassle begins",I accidentally bought the wrong size.,,missing_slang,missing_slang
train.jsonl,1629,post-workout endorphins SLAP 💪✨ feeling accomplished & slightly dead? perfect combo 💯😌,post-workout endorphins slap feeling accomplished slightly dead? perfect combo,I love the feeling of accomplishment after finishing a workout.,,missing_slang,missing_slang
train.jsonl,1637,"started the day by baptizing my shirt in coffee ☕️😭 stain game strong, send Tide pen pls 🙏 #fail","started the day by baptizing my shirt in coffee stain game strong, send tide pen pls fail",I spilled coffee on my shirt.,,missing_slang,missing_slang
train.jsonl,1639,"resume looking dusty af 📄 gotta polish that shi up, job market ain't playin 🙏💻 glow up time","resume looking dusty af gotta polish that shi up, job market ain't playin glow up time",I need to update my resume.,,missing_slang,missing_slang
train.jsonl,1640,"finally finished that demonic puzzle 🧩😭 took HOURS, my brain is mush but victory is sweet 🙏💯","finally finished that demonic puzzle took hours, my brain is mush but victory is sweet",That puzzle took hours to solve.,,missing_slang,missing_slang
train.jsonl,1660,"how tf does this feature work?? 🤔 app is confusing af, needs a tutorial for dummies (me) 😩💻","how tf does this feature work. app is confusing af, needs a tutorial for dummies me",This app feature is confusing.,,missing_slang,missing_slang
train.jsonl,1667,left my reusable bags at home... again 😩😭 planet forgive me 🙏 plastic bag guilt incoming,left my reusable bags at home. again planet forgive me plastic bag guilt incoming,I forgot my reusable shopping bags again.,,missing_slang,missing_slang
train.jsonl,1687,aaaand my screen is cracked 😭📱 spiderweb aesthetic unlocked (tragically) 😩 RIP pristine screen 🙏,aand my screen is cracked spiderweb aesthetic unlocked tragically rip pristine screen,My phone screen is cracked.,,missing_slang,missing_slang
train.jsonl,1692,"moved wrong & now my back is speaking ✨elderly✨ 😩🦴 stiff af, need yoga & maybe a new spine 🙏","moved wrong now my back is speaking elderly stiff af, need yoga maybe a new spine",My back feels stiff.,,missing_slang,missing_slang
train.jsonl,1702,"emergency: my GOOD pen is GONE 🖊️😭 panic is setting in, where could it be?? the betrayal 🙏","emergency my good pen is gone panic is setting in, where could it be. the betrayal",My favorite pen is missing.,,missing_slang,missing_slang
train.jsonl,1704,"rain on the roof = ASMR heaven ✨🌧️ ultimate cozy sound, makes me wanna nap instantly 😌😴","rain on the roof asmr heaven ultimate cozy sound, makes me wanna nap instantly",I love the sound of rain on the roof.,,missing_slang,missing_slang
train.jsonl,1707,my wallet feelin suspiciously light 🤔💸 where did the money go?? spontaneous evaporation? 😭 broke era continues,my wallet feelin suspiciously light where did the money go. spontaneous evaporation? broke era continues,My wallet feels lighter than usual.,,missing_slang,missing_slang
train.jsonl,1717,"headphone cables choose chaos DAILY 🎧😠 tangled mess again, the eternal struggle 🙏😭 wireless where u at?","headphone cables choose chaos daily tangled mess again, the eternal struggle wireless where u at",My headphones are tangled again.,,missing_slang,missing_slang
train.jsonl,1737,time for the dreaded bank account check 🫣💸 praying for good news (delusional) 🙏💰 manifest abundance,time for the dreaded bank account check praying for good news delusional manifest abundance,I need to check my bank account balance.,,missing_slang,missing_slang
train.jsonl,1742,"they CANCELLED my comfort show??? 😭💔 devastated, betrayed, distraught 🙏 send emotional support 📺","they cancelled my comfort show. devastated, betrayed, distraught send emotional support",My favorite show was cancelled.,,missing_slang,missing_slang
train.jsonl,1752,"realizing i haven't had water all day 💧😩 dehydrated raisin mode activated, chug chug chug 🙏 stay hydrated!","realizing i haven't had water all day dehydrated raisin mode activated, chug chug chug stay hydrated",I need to drink water.,,missing_slang,missing_slang
train.jsonl,1755,"wait what?? this instruction makes zero sense 😵‍💫 unclear af, requesting clarification pls 🙏 confusion activated","wait what. this instruction makes zero sense unclear af, requesting clarification pls confusion activated",This instruction is unclear.,,missing_slang,missing_slang
train.jsonl,1757,"this laptop battery last like 5 mins istg 🔋💀 constantly plugged in, freedom WHERE?? 😩 send new battery pls","this laptop battery last like 5 mins istg constantly plugged in, freedom where. send new battery pls",My laptop battery life is terrible.,,missing_slang,missing_slang
train.jsonl,1762,"INTERNET DOWN?? panic mode: engaged 😱😭 cut off from the matrix, how do i survive?? 🙏 send wifi signals ✨","internet down. panic mode engaged cut off from the matrix, how do i survive. send wifi signals",My internet is down.,,missing_slang,missing_slang
train.jsonl,1767,"havent backed up my files in ages 🫣 praying my laptop doesnt die 🙏 backing up NOW, panic averted (hopefully) 💾","havent backed up my files in ages praying my laptop doesnt die backing up now, panic averted hopefully",I need to backup my files.,,missing_slang,missing_slang
train.jsonl,1779,cozy reading time is my fav ✨📚 blanket + book + tea = heaven 🙏 introvert paradise 😌,cozy reading time is my fav blanket book tea heaven introvert paradise,I enjoy cozying up with a good book.,,missing_slang,missing_slang
train.jsonl,1825,"ooh this drink HITS ✨💦 refreshing af, perfect thirst quencher 🙏💯 *sip* ahhh","ooh this drink hits refreshing af, perfect thirst quencher sip ahh",This beverage is refreshing.,,missing_slang,missing_slang
train.jsonl,1834,"art supply stores are dangerous territory ✨🎨 wanna buy EVERYTHING, creativity overload 🙏💸 send budget help","art supply stores are dangerous territory wanna buy everything, creativity overload send budget help",I enjoy browsing art supply stores.,,missing_slang,missing_slang
train.jsonl,1864,peaceful mornings before the world wakes up? priceless ✨🌅 quiet coffee time is sacred 🙏 introverting,peaceful mornings before the world wakes up? priceless quiet coffee time is sacred introverting,I enjoy peaceful mornings.,,missing_slang,missing_slang
train.jsonl,1865,"this warranty written in legalese? 🤔 confusing af, what does it even COVER?? 😩 scam likely?","this warranty written in legalese? confusing af, what does it even cover. scam likely",This warranty is confusing.,,missing_slang,missing_slang
train.jsonl,1867,"aaand the flight's delayed 😩✈️ airport purgatory activated, send snacks & patience 🙏 travel gods hate me","aand the flight's delayed airport purgatory activated, send snacks patience travel gods hate me",My flight got delayed.,,missing_slang,missing_slang
train.jsonl,1869,that petrichor hitting after dry weather? HEAVEN ✨🌧️ earth smellin fresh af 🙏😌 satisfying,that petrichor hitting after dry weather? heaven earth smellin fresh af satisfying,I love the smell of rain after a dry spell.,,missing_slang,missing_slang
train.jsonl,1877,emotional support water bottle got a dent 😭💔 tragic backstory unlocked 🙏 clumsy me strikes again,emotional support water bottle got a dent tragic backstory unlocked clumsy me strikes again,My water bottle has a dent.,,missing_slang,missing_slang
train.jsonl,1882,they changed the menu & removed my FAV dish?? 😭💔 betrayal of the highest order 🙏 devastation,they changed the menu removed my fav dish. betrayal of the highest order devastation,My favorite restaurant changed its menu.,,missing_slang,missing_slang
train.jsonl,1884,those cleaning vids are weirdly satisfying?? ✨🧹 watching grime disappear calms my soul 🙏 sensory bliss,those cleaning vids are weirdly satisfying. watching grime disappear calms my soul sensory bliss,I enjoy watching satisfying cleaning videos.,,missing_slang,missing_slang
train.jsonl,1909,"fresh bread smell = literal heaven ✨🍞 cozy carbs calling my name, want some NOW 🙏🤤","fresh bread smell literal heaven cozy carbs calling my name, want some now",I love the smell of baking bread.,,missing_slang,missing_slang
train.jsonl,1910,"nah this policy ain't right 🤔 seems unfair af, who thought this was okay?? 🤨 make it make sense","nah this policy ain't right seems unfair af, who thought this was okay. make it make sense",This policy seems unfair.,,missing_slang,missing_slang
train.jsonl,1917,"sticky keyboard nightmare ⌨️😩 typing feels gross, snack crumbs strike again? 😭 send cleaning supplies","sticky keyboard nightmare typing feels gross, snack crumbs strike again? send cleaning supplies",My keyboard keys are sticky.,,missing_slang,missing_slang
train.jsonl,1927,autocorrect BUTCHERING names again 🤬📱 leave karen alone pls!! 😭 let me type! 🙏,autocorrect butchering names again leave karen alone pls. let me type,My phone keeps autocorrecting names incorrectly.,,missing_slang,missing_slang
train.jsonl,1929,food sizzling = music to my ears ✨🍳 *tssss* sound means good eats are coming 🙏🤤 Pavlovian response,food sizzling music to my ears tss sound means good eats are coming pavlovian response,I love the sound of sizzling food.,,missing_slang,missing_slang
train.jsonl,1939,finding easter eggs in art is my fav ✨🎨 hidden messages & symbols? detective mode activated 🙏 intriguing af,finding easter eggs in art is my fav hidden messages symbols? detective mode activated intriguing af,I love finding hidden messages in art.,,missing_slang,missing_slang
train.jsonl,1944,"mountain hikes hit different ✨⛰️ challenging & rewarding, views are worth the climb 🙏 nature therapy","mountain hikes hit different challenging rewarding, views are worth the climb nature therapy",I enjoy hiking in the mountains.,,missing_slang,missing_slang
train.jsonl,1964,"phone died when i needed it MOST?? 😭💀 worst timing ever, betrayed by technology 🙏 FML","phone died when i needed it most. worst timing ever, betrayed by technology fml",My phone battery died at the worst time.,,missing_slang,missing_slang
train.jsonl,1984,went shopping & forgot the ONE thing i needed: milk 😩🥛 #fail brain left the chat 🙏,went shopping forgot the one thing i needed milk fail brain left the chat,I forgot to buy milk.,,missing_slang,missing_slang
train.jsonl,1989,"this coffee taste like sad bean water 😩 weak af, needed that kick but got none 🙏 send espresso","this coffee taste like sad bean water weak af, needed that kick but got none send espresso",My coffee tastes weak.,,missing_slang,missing_slang
train.jsonl,2019,"hair decided to have zero volume today 😩 flat af, gravity won this round 🙏 send volumizer pls","hair decided to have zero volume today flat af, gravity won this round send volumizer pls",My hair looks flat today.,,missing_slang,missing_slang
train.jsonl,2039,"skin decided to be an oil rig today 😩 oily af, blotting papers needed STAT 🙏 glow or grease?","skin decided to be an oil rig today oily af, blotting papers needed stat glow or grease",My skin feels oily.,,missing_slang,missing_slang
train.jsonl,2052,"wait hold up NEED CLARIFICATION NOW 🤔 ambiguity level high, explain pls 🙏 emergency confusion","wait hold up need clarification now ambiguity level high, explain pls emergency confusion",This needs clarification immediately.,,missing_slang,missing_slang
train.jsonl,2056,finding a perfect quiet reading nook? heaven ✨📖 peace & quiet + good book = bliss 🙏 introverting goal,finding a perfect quiet reading nook? heaven peace quiet good book bliss introverting goal,I love finding a quiet spot to read.,,missing_slang,missing_slang
train.jsonl,2074,"plants lookin pale af 🌱😩 need more sunlight besties 🙏 shuffling them around again, pls thrive","plants lookin pale af need more sunlight besties shuffling them around again, pls thrive",My plants need more sunlight.,,missing_slang,missing_slang
train.jsonl,2084,"laptop fan sounds like a jet engine prepping for takeoff ✈️😩 noisy af, distractin my focus 🙏 send silence","laptop fan sounds like a jet engine prepping for takeoff noisy af, distractin my focus send silence",My laptop fan is noisy.,,missing_slang,missing_slang
train.jsonl,2094,"wait my allergies aren't attacking today?? 🙏😭 blessed relief, can actually BREATHE ✨ small wins","wait my allergies aren't attacking today. blessed relief, can actually breathe small wins",My allergies are better today.,,missing_slang,missing_slang
train.jsonl,2109,"mouse laggin like its stuck in molasses 🖱️😩 frustrating af, affecting my workflow 🙏 tech struggles","mouse laggin like its stuck in molasses frustrating af, affecting my workflow tech struggles",My computer mouse is lagging.,,missing_slang,missing_slang
train.jsonl,2122,"this plan got WAY too many moving parts 🤔 complicated af, simplify it maybe?? 😩 easy mode pls","this plan got way too many moving parts complicated af, simplify it maybe. easy mode pls",This plan seems too complicated.,,missing_slang,missing_slang
train.jsonl,2124,plants lookin droopy af 🌱😩 thirsty besties need water STAT 🙏 SOS hydration,plants lookin droopy af thirsty besties need water stat sos hydration,My plants look thirsty.,,missing_slang,missing_slang
train.jsonl,2132,"boredom level high on this task 😩 repetitive af, brain switched off hours ago 🫠 send stimulating shi pls","boredom level high on this task repetitive af, brain switched off hours ago send stimulating shi pls",This task is repetitive and boring.,,missing_slang,missing_slang
train.jsonl,2151,"solving that puzzle feels like a superpower unlocked ✨🧩 brain workout complete, satisfaction maxed out 🙏 smarty pants moment","solving that puzzle feels like a superpower unlocked brain workout complete, satisfaction maxed out smarty pants moment",I love the feeling of solving a puzzle.,,missing_slang,missing_slang
train.jsonl,2181,old library smell = magical ✨📚 smells like history & paper & quiet knowledge 🙏 comforting af,old library smell magical smells like history paper quiet knowledge comforting af,I love the smell of old libraries.,,missing_slang,missing_slang
train.jsonl,2189,"my voice decided to peace out today 🗣️🚫 hoarse af, sounding like batman's grandma 🙏 send tea & honey","my voice decided to peace out today hoarse af, sounding like batman's grandma send tea honey",My voice is hoarse.,,missing_slang,missing_slang
train.jsonl,2191,perfect reading nook located? bliss ✨📚 comfy spot + book = happy introvert 🙏 my sanctuary,perfect reading nook located? bliss comfy spot book happy introvert my sanctuary,I love finding a comfortable reading spot.,,missing_slang,missing_slang
train.jsonl,2199,"crisis: coffee cup empty ☕️😩 refill needed STAT, need caffeine infusion 🙏 fuel levels critical","crisis coffee cup empty refill needed stat, need caffeine infusion fuel levels critical",My coffee cup is empty.,,missing_slang,missing_slang
train.jsonl,2201,finishing a big project?? unmatched satisfaction ✨🎉 relief + pride = best combo 🙏 accomplishment unlocked,finishing a big project. unmatched satisfaction relief pride best combo accomplishment unlocked,I love the feeling of finishing a project.,,missing_slang,missing_slang
train.jsonl,2214,"where tf did i park?? 🤔🚗 brain fart activated, lost car saga begins 🙏 send help (and my car)","where tf did i park. brain fart activated, lost car saga begins send help and my car",I forgot where I parked my car.,,missing_slang,missing_slang
train.jsonl,2216,astronomy makes my brain feel ✨infinite✨🔭 learning about stars & galaxies? mind blowing 🙏 cosmic perspective,astronomy makes my brain feel infinite learning about stars galaxies? mind blowing cosmic perspective,I enjoy learning about astronomy.,,missing_slang,missing_slang
train.jsonl,2219,phone storage perpetually FULL 😩📱 delete apps or photos? the daily struggle 🙏 digital hoarder,phone storage perpetually full delete apps or photos? the daily struggle digital hoarder,My phone storage is constantly full.,,missing_slang,missing_slang
train.jsonl,2229,tryna ditch the fizzy sugar juice 🥤🚫 less soda challenge accepted (difficulty: high) 🙏 healthier choices,tryna ditch the fizzy sugar juice less soda challenge accepted difficulty high healthier choices,I need to drink less soda.,,missing_slang,missing_slang
train.jsonl,2234,"NOOO my fav jeans RIPPED 😭👖 ultimate betrayal by denim 🙏 RIP comfy companion, tragic loss","noo my fav jeans ripped ultimate betrayal by denim rip comfy companion, tragic loss",My favorite pair of jeans ripped.,,missing_slang,missing_slang
train.jsonl,2271,"wait my plants are actually LIVING their best life?? 🌱✨ thriving kings/queens, guess i didnt unalive them 🙏 proud plant parent","wait my plants are actually living their best life. thriving kings queens, guess i didnt unalive them proud plant parent",My plants seem to be thriving.,,missing_slang,missing_slang
train.jsonl,2313,"discovering a binge-worthy podcast? yes pls ✨🎧 hours of content unlocked, ear food ready 🙏 happy commute","discovering a binge-worthy podcast? yes pls hours of content unlocked, ear food ready happy commute",I love finding interesting podcasts.,,missing_slang,missing_slang
train.jsonl,2321,"phone yellin bout a software update again 🙄📲 fine, initiating the waiting game 🙏 update time","phone yellin bout a software update again fine, initiating the waiting game update time",My phone needs a software update.,,missing_slang,missing_slang
train.jsonl,2331,"tragedy: holy socks status achieved (not the good kind) 😩🧦 holes in fav socks, RIP comfort 🙏 time to let go?","tragedy holy socks status achieved not the good kind holes in fav socks, rip comfort time to let go",My favorite socks have holes.,,missing_slang,missing_slang
train.jsonl,2336,"eyes screamin from screen time overload 😩 strained af, needa look at a tree or smthn 🙏 digital fatigue","eyes screamin from screen time overload strained af, needa look at a tree or smthn digital fatigue",My eyes feel strained.,,missing_slang,missing_slang
train.jsonl,2338,finding a cool shiny rock? dopamine hit ✨ geologist mode activated 🪨 pocket fulla rocks gang 🙏 simple joys,finding a cool shiny rock? dopamine hit geologist mode activated pocket fulla rocks gang simple joys,I love finding cool rocks.,,missing_slang,missing_slang
train.jsonl,2351,tryna get on that calming herbal tea wave ✨🍵 less caffeine more zen 🙏 healthy habits loading...,tryna get on that calming herbal tea wave less caffeine more zen healthy habits loading,I need to drink more herbal tea.,,missing_slang,missing_slang
train.jsonl,2366,skin decided today is ✨itchy day✨ 😩 send anti-itch cream STAT 🙏 irritating af,skin decided today is itchy day send anti-itch cream stat irritating af,My skin feels itchy.,,missing_slang,missing_slang
train.jsonl,2378,finding old letters like uncovering treasure ✨💌 nostalgia hit + personal history = special af 🙏 keep forever,finding old letters like uncovering treasure nostalgia hit personal history special af keep forever,I love finding old letters.,,missing_slang,missing_slang
train.jsonl,2383,science museums make my brain go 'ooooh!' ✨🔬 learnin cool shi interactively? yes pls 🙏 nerdy fun times,science museums make my brain go 'ooh!' learnin cool shi interactively? yes pls nerdy fun times,I enjoy visiting science museums.,,missing_slang,missing_slang
train.jsonl,2396,"throat feelin ✨spicy✨ thx to allergies 😩 itchy af, need cough drops & antihistamines STAT 🙏 annoying","throat feelin spicy thx to allergies itchy af, need cough drops antihistamines stat annoying",My allergies are making my throat itchy.,,missing_slang,missing_slang
train.jsonl,2406,NO my fav mug is CRACKED 😭💔 heartbreak in ceramic form 🙏 farewell trusty mug,no my fav mug is cracked heartbreak in ceramic form farewell trusty mug,My favorite mug has a crack.,,missing_slang,missing_slang
train.jsonl,2428,"wind rustling leaves = nature's ASMR ✨🌲 peaceful af, forest whispers 🙏😌 calming soundtrack","wind rustling leaves nature's asmr peaceful af, forest whispers calming soundtrack",I love the sound of wind through trees.,,missing_slang,missing_slang
train.jsonl,2436,"pretty sure i need stronger glasses 🤓 world lookin fuzzy, vision correction time 🙏 optometrist calling","pretty sure i need stronger glasses world lookin fuzzy, vision correction time optometrist calling",My vision needs correction.,,missing_slang,missing_slang
train.jsonl,2456,went for coffee & my spot CLOSED EARLY?? 😭💔 betrayal by opening hours 🙏 caffeine dreams crushed,went for coffee my spot closed early. betrayal by opening hours caffeine dreams crushed,My favorite cafe closed early.,,missing_slang,missing_slang
train.jsonl,2478,finding new walking routes feels like exploring ✨🚶‍♀️ discovering hidden paths in the city/nature 🙏 new views,finding new walking routes feels like exploring discovering hidden paths in the city nature new views,I love discovering new walking paths.,,missing_slang,missing_slang
train.jsonl,2481,nail biting habit gotta STOP 😩 anxious habit breaking challenge activated 🙏 send fidget toys,nail biting habit gotta stop anxious habit breaking challenge activated send fidget toys,I need to stop biting my nails.,,missing_slang,missing_slang
train.jsonl,2506,workout gear reached toxic smell levels 😩 gotta wash that funk STAT 🙏 biohazard situation lol,workout gear reached toxic smell levels gotta wash that funk stat biohazard situation lol,My workout clothes smell bad.,,missing_slang,missing_slang
train.jsonl,2516,"NOOO my last hair tie just SNAPPED 😭😩 bad hair day activated, emergency scrunchie needed 🙏SOS","noo my last hair tie just snapped bad hair day activated, emergency scrunchie needed sos",My hair tie snapped.,,missing_slang,missing_slang
train.jsonl,2533,"those organizing vids scratch an itch in my brain ✨<0xF0><0x9F><0x97><0x84>️ satisfying af, bringing order to chaos 🙏 ASMR for the soul","those organizing vids scratch an itch in my brain 0xf0 0x9f 0x97 0x84 satisfying af, bringing order to chaos asmr for the soul",I enjoy watching satisfying organizational videos.,,missing_slang,missing_slang
train.jsonl,2548,philosophy makes brain go ?!!?! ✨🤯 learning bout different ways of thinking? fascinating af 🙏 expand ur mind,philosophy makes brain go . learning bout different ways of thinking? fascinating af expand ur mind,I love learning about different philosophies.,,missing_slang,missing_slang
train.jsonl,2551,"stain on my FAV jacket noooo 😭💔 mystery stain appeared, emergency cleaning needed 🙏 tragic fashion news","stain on my fav jacket noo mystery stain appeared, emergency cleaning needed tragic fashion news",My favorite jacket is stained.,,missing_slang,missing_slang
train.jsonl,2561,keyboard lookin dusty af ⌨️🤢 time for spring cleaning (for my electronics) 🙏 send compressed air,keyboard lookin dusty af time for spring cleaning for my electronics send compressed air,My keyboard is dusty.,,missing_slang,missing_slang
train.jsonl,2598,finding vibrant murals makes my day ✨🎨 bursts of color in the city? yes pls 🙏 street art appreciation,finding vibrant murals makes my day bursts of color in the city? yes pls street art appreciation,I love finding colorful murals.,,missing_slang,missing_slang
train.jsonl,2636,"CHIPPED MY FAV MUG, DAY RUINED 😭💔 minor tragedy struck, farewell perfect mug 🙏 pour one out","chipped my fav mug, day ruined minor tragedy struck, farewell perfect mug pour one out",My favorite mug got chipped.,,missing_slang,missing_slang
train.jsonl,2641,"laptop battery blinkin red 😩 gotta charge it STAT, dont die on me pls 🙏 plug in time","laptop battery blinkin red gotta charge it stat, dont die on me pls plug in time",I need to charge my laptop.,,missing_slang,missing_slang
train.jsonl,2648,discovering hidden waterfalls feels magical ✨🏞️ nature's secret spots are the best 🙏 adventure reward,discovering hidden waterfalls feels magical nature's secret spots are the best adventure reward,I love finding hidden waterfalls.,,missing_slang,missing_slang
train.jsonl,2699,"this plan playing it TOO safe 🤔 conservative af, need more ambition maybe? ✨ take a risk?","this plan playing it too safe conservative af, need more ambition maybe? take a risk",This approach seems too conservative.,,missing_slang,missing_slang
train.jsonl,2701,"TRAGEDY: MY FAVORITE MUG IS DEAD 😭💔 shattered dreams (and ceramic), morning ruined 🙏RIP","tragedy my favorite mug is dead shattered dreams and ceramic , morning ruined rip",My favorite coffee mug broke.,,missing_slang,missing_slang
train.jsonl,2706,"gym playlist feelin stale af 😩 need new hype tracks STAT, workout energy low 🙏🎶 send bangers","gym playlist feelin stale af need new hype tracks stat, workout energy low send bangers",My workout playlist needs new songs.,,missing_slang,missing_slang
train.jsonl,2708,"finding rare spices feels like discovering treasure ✨🌶️ unique flavor unlocked, culinary adventure time 🙏 taste bud party","finding rare spices feels like discovering treasure unique flavor unlocked, culinary adventure time taste bud party",I love finding unique spices.,,missing_slang,missing_slang
train.jsonl,2711,"watch stopped... battery died?? 😩⌚ time stood still (literally), gotta replace it 🙏 energy needed","watch stopped. battery died. time stood still literally , gotta replace it energy needed",I need to replace my watch battery.,,missing_slang,missing_slang
train.jsonl,2728,old postcards are like tiny time capsules ✨💌 finding vintage gems is cool af 🙏 history mail,old postcards are like tiny time capsules finding vintage gems is cool af history mail,I love finding vintage postcards.,,missing_slang,missing_slang
train.jsonl,2731,"car squeaking like an angry mouse 🐭🚗 annoying af sound, needs investigation STAT 🙏 fix me pls","car squeaking like an angry mouse annoying af sound, needs investigation stat fix me pls",My car is making a squeaking noise.,,missing_slang,missing_slang
train.jsonl,2773,fireflies blinking are pure summer magic ✨🐞 little light show in the dark? mesmerizing 🙏 childhood wonder,fireflies blinking are pure summer magic little light show in the dark? mesmerizing childhood wonder,I enjoy watching fireflies.,,missing_slang,missing_slang
train.jsonl,2779,"gotta choose words carefully for this convo 🙏 precise wording needed, dont miscommunicate ✨🗣️ tactful approach","gotta choose words carefully for this convo precise wording needed, dont miscommunicate tactful approach",This needs careful wording.,,missing_slang,missing_slang
train.jsonl,2786,"autocorrect inventin new words again 🤬📱 makes my texts make zero sense, just stop pls 🙏 typing struggle","autocorrect inventin new words again makes my texts make zero sense, just stop pls typing struggle",My phone keeps autocorrecting to weird words.,,missing_slang,missing_slang
train.jsonl,2796,"check engine light of doom appeared 😩🚗 car screaming for help, anxiety activated 🙏 pls be minor","check engine light of doom appeared car screaming for help, anxiety activated pls be minor",My car's check engine light is on.,,missing_slang,missing_slang
train.jsonl,2811,"world lookin fuzzier than usual 🧐 glasses prescription probably outdated, vision check needed 🙏 new specs time?","world lookin fuzzier than usual glasses prescription probably outdated, vision check needed new specs time",My glasses prescription needs updating.,,missing_slang,missing_slang
train.jsonl,2821,"NEW ALBUM DROPPED LFG!! 🔥🎶 fav artist blessed us, canceling all plans to listen on repeat 🙏 ear feast","new album dropped lfg. fav artist blessed us, canceling all plans to listen on repeat ear feast",My favorite artist released a new album.,,missing_slang,missing_slang
train.jsonl,2831,"wait my posture gettin better?? 🙏 spinal glow up maybe? ✨🦴 less shrimp mode, more stand tall energy","wait my posture gettin better. spinal glow up maybe? less shrimp mode, more stand tall energy",My back posture is improving.,,missing_slang,missing_slang
train.jsonl,2839,"🚨 RED ALERT 🚨 situation needs immediate attention frfr, can't ignore this 🔥 handle it NOW","red alert situation needs immediate attention frfr, can't ignore this handle it now",This situation demands immediate attention.,,missing_slang,missing_slang
train.jsonl,2889,"choose words carefully like defusing a bomb 🙏 sensitive situation, tact needed ✨🗣️ precise language","choose words carefully like defusing a bomb sensitive situation, tact needed precise language",This situation requires careful wording.,,missing_slang,missing_slang
train.jsonl,2891,"voice slowly returning from the shadow realm 🙏 recovering from hoarseness, testing testing 🗣️ almost normal!","voice slowly returning from the shadow realm recovering from hoarseness, testing testing almost normal",My voice is recovering.,,missing_slang,missing_slang
train.jsonl,2898,cicada drone IS summer energy ✨☀️ loud af but nostalgic summer sound 🙏 nature's intense buzzing,cicada drone is summer energy loud af but nostalgic summer sound nature's intense buzzing,I love the sound of cicadas in the summer.,,missing_slang,missing_slang
train.jsonl,2908,hummingbirds movin faster than my wifi 💨 tiny speedy bois are mesmerizing ✨🐦 nature's fighter jets,hummingbirds movin faster than my wifi tiny speedy bois are mesmerizing nature's fighter jets,I love watching hummingbirds zoom around.,,missing_slang,missing_slang
train.jsonl,2916,"squeaky door driving me INSANE 😩🚪 needs oil STAT, jumpscare everytime it opens 🙏 silent operation needed","squeaky door driving me insane needs oil stat, jumpscare everytime it opens silent operation needed",I need to fix this squeaky door.,,missing_slang,missing_slang
train.jsonl,2934,"this plan vague af 🤔 need specifics pls, fill in the details 🙏 what's the actual move?","this plan vague af need specifics pls, fill in the details what's the actual move",This plan lacks specifics.,,missing_slang,missing_slang
train.jsonl,2938,"finding old pics = instant nostalgia trip ✨📸 blast from the past feels, wholesome & bittersweet 🙏 mems","finding old pics instant nostalgia trip blast from the past feels, wholesome bittersweet mems",I love finding old photographs.,,missing_slang,missing_slang
train.jsonl,2966,"keyboard got more crumbs than a bakery 😩⌨️ needs deep cleaning STAT, grossness level high 🙏 hygienic tech pls","keyboard got more crumbs than a bakery needs deep cleaning stat, grossness level high hygienic tech pls",I need to clean my keyboard.,,missing_slang,missing_slang
train.jsonl,2991,"this keyboard layout throwin off my typing flow 😩 feels weird af, muscle memory confused 🙏 adjusting...","this keyboard layout throwin off my typing flow feels weird af, muscle memory confused adjusting",My keyboard layout feels weird.,,missing_slang,missing_slang
train.jsonl,2993,"science centers make learning fun again ✨🔬 interactive exhibits ftw, inner child happy 🙏 geek out time","science centers make learning fun again interactive exhibits ftw, inner child happy geek out time",I enjoy visiting science centers.,,missing_slang,missing_slang
train.jsonl,2994,"need good mediation skills for this drama 🙏 conflict resolution time, find peace ✨🤝 bridge builder","need good mediation skills for this drama conflict resolution time, find peace bridge builder",This needs conflict resolution skills.,,missing_slang,missing_slang
train.jsonl,2998,finding unique handmade pottery? aesthetic score ✨🏺 cool ceramics make space feel special 🙏 artisan love,finding unique handmade pottery? aesthetic score cool ceramics make space feel special artisan love,I love finding unique pieces of pottery.,,missing_slang,missing_slang
train.jsonl,3001,"muscles feelin refreshed & strong 💪✨ rejuvenated energy activated, recovery feels good 🙏 let's go!","muscles feelin refreshed strong rejuvenated energy activated, recovery feels good let's go",My muscles feel rejuvenated.,,missing_slang,missing_slang
train.jsonl,3014,"gotta make the right ethical call here 🙏 check ur morals, choose wisely ✨💯 integrity test","gotta make the right ethical call here check ur morals, choose wisely integrity test",This requires ethical judgment.,,missing_slang,missing_slang
train.jsonl,3021,wait my back actually feels... aligned?? ✨🦴 rare non-pain moment achieved 🙏 savour it!,wait my back actually feels. aligned. rare non-pain moment achieved savour it,My back feels aligned.,,missing_slang,missing_slang
train.jsonl,3023,"learning little phrases in other languages? fun af ✨🗣️ tiny polyglot moment, expand ur world 🙏 hello bonjour hola","learning little phrases in other languages? fun af tiny polyglot moment, expand ur world hello bonjour hola",I enjoy learning foreign phrases.,,missing_slang,missing_slang
train.jsonl,3036,"wait my allergies are actually getting better?? 🙏😭 feels like a miracle, can breathe again ✨ blessed!","wait my allergies are actually getting better. feels like a miracle, can breathe again blessed",My allergies are improving.,,missing_slang,missing_slang
train.jsonl,3048,"hike treasure = cool pretty rocks ✨💎 geologist mode activated again, pockets fulla rocks 🙏 nature's gems","hike treasure cool pretty rocks geologist mode activated again, pockets fulla rocks nature's gems",I love finding pretty rocks on hikes.,,missing_slang,missing_slang
train.jsonl,3056,"tech acting weird? the ol' turn it off & on again 🙏 computer restart time, hope it fixes it ✨🤞","tech acting weird? the ol' turn it off on again computer restart time, hope it fixes it",My computer needs restarting.,,missing_slang,missing_slang
train.jsonl,3061,"lifted wrong & now my back is screaming 😩 strained af, ouch mode activated 🙏 send heat packs","lifted wrong now my back is screaming strained af, ouch mode activated send heat packs",My back feels strained.,,missing_slang,missing_slang
train.jsonl,3071,THEY DISCONTINUED MY SNACK?! 😭 world = over. devastation. betrayal. send condolences & dupes 🙏💔,they discontinued my snack. world over. devastation. betrayal. send condolences dupes,My favorite snack is discontinued.,,missing_slang,missing_slang
train.jsonl,3076,wait did i sit up straight today? posture feels better! ✨🦴 small win unlocked 🙏 progress!,wait did i sit up straight today? posture feels better! small win unlocked progress,My posture feels better today.,,missing_slang,missing_slang
train.jsonl,3101,"this chair actively attacking my spine 😩🪑 uncomfortable af, need an upgrade STAT 🙏 pain","this chair actively attacking my spine uncomfortable af, need an upgrade stat pain",My chair is uncomfortable.,,missing_slang,missing_slang
train.jsonl,3103,learning code feels like unlocking superpowers ✨💻 new language = new possibilities 🙏 geeky fun,learning code feels like unlocking superpowers new language new possibilities geeky fun,I enjoy learning coding languages.,,missing_slang,missing_slang
train.jsonl,3108,handmade ceramics just feel special ✨🏺 finding unique pottery pieces? aesthetic win 🙏 support artists,handmade ceramics just feel special finding unique pottery pieces? aesthetic win support artists,I love finding unique handcrafted ceramics.,,missing_slang,missing_slang
train.jsonl,3116,new packaging for my fav snack?? 🤔 hope the recipe the same 🙏 nervous bout change lol,new packaging for my fav snack. hope the recipe the same nervous bout change lol,My favorite snack has new packaging.,,missing_slang,missing_slang
train.jsonl,3136,"wait my muscles actually feel stronger?? 💪✨ gains check passed, hard work payin off 🙏 LFG!","wait my muscles actually feel stronger. gains check passed, hard work payin off lfg",My muscles feel stronger.,,missing_slang,missing_slang
train.jsonl,3146,betrayal: my fav chair suddenly uncomfortable 😩😭 how?? body changed or chair did? sad times 🙏,betrayal my fav chair suddenly uncomfortable how. body changed or chair did? sad times,My favorite chair is uncomfortable.,,missing_slang,missing_slang
train.jsonl,3148,finding cool unique stones on the ground? geology treasure hunt ✨💎 pocket rocks collection growing 🙏 nature's art,finding cool unique stones on the ground? geology treasure hunt pocket rocks collection growing nature's art,I love finding unique stones.,,missing_slang,missing_slang
train.jsonl,3191,"laptop fan soundin like a 747 takin off ✈️😩 loud af, boutta levitate? 🙏 hope it dont explode","laptop fan soundin like a 747 takin off loud af, boutta levitate? hope it dont explode",My computer fan is loud.,,missing_slang,missing_slang
train.jsonl,3221,eyes burnin like i stared at the sun 😩 screen time overdose maybe? 🙏 send eye drops & rest,eyes burnin like i stared at the sun screen time overdose maybe? send eye drops rest,My eyes hurt.,,missing_slang,missing_slang
train.jsonl,3231,"WHERE IS MY GOOD PEN?? 😭🖊️ panic stations activated, favorite writing tool vanished 🙏 the disrespect","where is my good pen. panic stations activated, favorite writing tool vanished the disrespect",My favorite pen is missing.,,missing_slang,missing_slang
train.jsonl,3251,"voice soundin like fran drescher today? 😩 nasally af, allergies maybe? 🙏 send tissues","voice soundin like fran drescher today? nasally af, allergies maybe? send tissues",My voice sounds nasally.,,missing_slang,missing_slang
train.jsonl,3253,finding cool vintage jewelry? ultimate treasure ✨💍 unique old school bling adds character 🙏 one-of-a-kind style,finding cool vintage jewelry? ultimate treasure unique old school bling adds character one-of-a-kind style,I love finding vintage jewelry.,,missing_slang,missing_slang
train.jsonl,3306,hair feelin dry & brittle like straw 😩 needs deep moisture treatment STAT 🙏 hydration SOS for hair,hair feelin dry brittle like straw needs deep moisture treatment stat hydration sos for hair,My hair feels brittle.,,missing_slang,missing_slang
train.jsonl,3318,mindful walking helps clear my head ✨🚶‍♀️ focusin on steps & surroundings = mobile meditation 🙏 peaceful movement,mindful walking helps clear my head focusin on steps surroundings mobile meditation peaceful movement,I enjoy mindful walking.,,missing_slang,missing_slang
train.jsonl,3326,"voice assistant pretendin it dont know me 🤖🗣️ recognition failin hard, tech stubborn af 🙏 just listen!","voice assistant pretendin it dont know me recognition failin hard, tech stubborn af just listen",My voice recognition is failing.,,missing_slang,missing_slang
train.jsonl,3338,history museums make the past feel alive ✨📜 walking thru exhibits? cool learning experience 🙏 knowledge quest,history museums make the past feel alive walking thru exhibits? cool learning experience knowledge quest,I enjoy visiting history museums.,,missing_slang,missing_slang
train.jsonl,3339,"data entry gotta be PERFECT, no typos allowed 🙏 meticulous work needed, details matter big time ✨⌨️ focus!","data entry gotta be perfect, no typos allowed meticulous work needed, details matter big time focus",This needs meticulous data entry.,,missing_slang,missing_slang
train.jsonl,3351,"these headphones feel like a head vise 😩🎧 uncomfortable af, need new ones STAT 🙏 ear pain","these headphones feel like a head vise uncomfortable af, need new ones stat ear pain",My headphones are uncomfortable.,,missing_slang,missing_slang
train.jsonl,3371,"phone battery at 1% blinking red 😩🔋 charging needed URGENTLY, find outlet STAT 🙏 panic mode","phone battery at 1 blinking red charging needed urgently, find outlet stat panic mode",My phone needs charging urgently.,,missing_slang,missing_slang
train.jsonl,3411,"GAME DAY LFG!! 🔥 fav team playin tonight, gotta rep the colors ✨🏈 nervous excitement activated 🙏 come on!","game day lfg. fav team playin tonight, gotta rep the colors nervous excitement activated come on",My favorite team is playing tonight.,,missing_slang,missing_slang
train.jsonl,3431,"these shoes are torturing my feet 😩👠 pinching af, regretting this fashion choice 🙏 agony","these shoes are torturing my feet pinching af, regretting this fashion choice agony",My shoes are pinching my feet.,,missing_slang,missing_slang
train.jsonl,3438,river rocks got cool patterns & colors ✨🏞️ finding pretty ones = nature's treasure hunt 🙏 pocket gems,river rocks got cool patterns colors finding pretty ones nature's treasure hunt pocket gems,I love finding colorful rocks by the river.,,missing_slang,missing_slang
train.jsonl,3441,"spacebar actin sticky & slow 😩⌨️ annoying af typing experience, needs cleaning prob 🙏 tech grime","spacebar actin sticky slow annoying af typing experience, needs cleaning prob tech grime",My keyboard spacebar is sticking.,,missing_slang,missing_slang
train.jsonl,3458,finding cool unique buttons feels like discovering tiny art pieces ✨🔘 crafting treasure unlocked 🙏 adding flair,finding cool unique buttons feels like discovering tiny art pieces crafting treasure unlocked adding flair,I love finding unique buttons.,,missing_slang,missing_slang
train.jsonl,3459,"need backup resources just in case plan A fails 🙏 contingency plan essential, have shi ready ✨🛡️ prepare","need backup resources just in case plan a fails contingency plan essential, have shi ready prepare",This plan requires backup resources.,,missing_slang,missing_slang
train.jsonl,3498,old maps are cool af time capsules ✨🗺️ finding vintage maps feels like discovering treasure 🙏 cartography appreciation,old maps are cool af time capsules finding vintage maps feels like discovering treasure cartography appreciation,I love finding vintage maps.,,missing_slang,missing_slang
train.jsonl,3528,finding handmade unique pottery feels special ✨🏺 support artists + get cool shi? yes pls 🙏 aesthetic home goals,finding handmade unique pottery feels special support artists get cool shi? yes pls aesthetic home goals,I love finding unique pottery.,,missing_slang,missing_slang
train.jsonl,3541,"water bottle betrayal! its leaking AGAIN 😩💧 soggy bag incoming, faulty seal probs 🙏 trash time?","water bottle betrayal! its leaking again soggy bag incoming, faulty seal probs trash time",My water bottle leaks.,,missing_slang,missing_slang
train.jsonl,3548,"finding old photos feels like time traveling ✨📸 glimpses into past lives, kinda melancholic cool 🙏 story prompts","finding old photos feels like time traveling glimpses into past lives, kinda melancholic cool story prompts",I love finding vintage photographs.,,missing_slang,missing_slang
train.jsonl,3591,tryna help him level up but he dont appreciate the feedback? 🙄 stay mad then ig 🤷‍♂️ can't help ppl who dont wanna grow,tryna help him level up but he dont appreciate the feedback? stay mad then ig can't help ppl who dont wanna grow,He doesn't appreciate constructive feedback.,,missing_slang,missing_slang
train.jsonl,3592,"aight keep it professional yall ✨ handle business proper, maintain the composure 🙏💯 stay cool","aight keep it professional yall handle business proper, maintain the composure stay cool",Let's maintain a professional demeanor.,,missing_slang,missing_slang
train.jsonl,3632,"aight never settle, keep improvin frfr 💪 constant growth mindset, level up daily 🙏💯 grind don't stop","aight never settle, keep improvin frfr constant growth mindset, level up daily grind don't stop",Let's keep improving.,,missing_slang,missing_slang
train.jsonl,3657,"aight stay woke frfr 👀 remain vigilant, gotta be aware of the surroundings 🙏 stay sharp","aight stay woke frfr remain vigilant, gotta be aware of the surroundings stay sharp",Let's remain vigilant.,,missing_slang,missing_slang
train.jsonl,3681,"throat feelin like sandpaper thx to allergies 😩 sore af, need tea & honey STAT 🙏 annoying","throat feelin like sandpaper thx to allergies sore af, need tea honey stat annoying",My allergies are making my throat sore.,,missing_slang,missing_slang
train.jsonl,3691,"phone battery goin down faster than my motivation 📉😩 droppin fast af, panic loading 🙏🔌","phone battery goin down faster than my motivation droppin fast af, panic loading",My phone battery percentage is dropping fast.,,missing_slang,missing_slang
train.jsonl,3836,"car sounding like a tractor suddenly?? 😩🚜 loud af, somethin wrong probably 🙏 hope its not expensive","car sounding like a tractor suddenly. loud af, somethin wrong probably hope its not expensive",My car sounds louder than usual.,,missing_slang,missing_slang
train.jsonl,3856,"workout shoes smell like actual death 😩👟 gotta wash/deodorize STAT, biohazard alert 🙏 foot funk","workout shoes smell like actual death gotta wash deodorize stat, biohazard alert foot funk",My workout shoes smell awful.,,missing_slang,missing_slang
train.jsonl,3876,back soreness activated 😩 maybe slept wrong or workout went too hard? ouch 🙏 send relief,back soreness activated maybe slept wrong or workout went too hard? ouch send relief,My back feels sore.,,missing_slang,missing_slang
train.jsonl,3926,"my butt goin numb in this chair 😩🪑 uncomfortable af, need better ergonomics STAT 🙏 spinal health pls","my butt goin numb in this chair uncomfortable af, need better ergonomics stat spinal health pls",My chair is uncomfortable.,,missing_slang,missing_slang
train.jsonl,3936,skin feelin tight like its shrinking 😩 dry winter air maybe? need moisturizer ASAP 🙏 hydration check,skin feelin tight like its shrinking dry winter air maybe? need moisturizer asap hydration check,My skin feels tight.,,missing_slang,missing_slang
train.jsonl,4026,"eyes swollen af thx to allergies 😩 puffy monster look activated, send cold compress 🙏 itchy pain","eyes swollen af thx to allergies puffy monster look activated, send cold compress itchy pain",My allergies are making my eyes swell.,,missing_slang,missing_slang
train.jsonl,4036,"phone screen decided to stop working?? 😩📱 unresponsive brick mode, tech said NOPE 🙏 restart hope","phone screen decided to stop working. unresponsive brick mode, tech said nope restart hope",My phone screen is unresponsive.,,missing_slang,missing_slang
train.jsonl,4091,"wobbly chair leg making me seasick 😩🪑 gotta fix it STAT, annoyance level high 🙏 DIY repair?","wobbly chair leg making me seasick gotta fix it stat, annoyance level high diy repair",I need to fix this wobbly chair leg.,,missing_slang,missing_slang
train.jsonl,4096,"feet screaming for insoles in these shoes 😩👟 need arch support STAT, comfort upgrade required 🙏 pain","feet screaming for insoles in these shoes need arch support stat, comfort upgrade required pain",My shoes need insoles.,,missing_slang,missing_slang
train.jsonl,4123,lightning storms kinda epic (from safety) ✨⛈️ nature's light show is powerful & cool 🙏 respect the danger tho,lightning storms kinda epic from safety nature's light show is powerful cool respect the danger tho,I enjoy watching lightning storms (from inside).,,missing_slang,missing_slang
train.jsonl,4133,"brain feels buff after learning new language stuff ✨🗣️ polyglot goals activated, cool skill to have 🙏 expand ur world","brain feels buff after learning new language stuff polyglot goals activated, cool skill to have expand ur world",I enjoy learning new languages.,,missing_slang,missing_slang
train.jsonl,4171,"bike chain lookin orange & rusty 😩⛓️ needs cleaning & lube STAT, rough ride incoming 🙏 maintenance fail","bike chain lookin orange rusty needs cleaning lube stat, rough ride incoming maintenance fail",My bike chain is rusty.,,missing_slang,missing_slang
train.jsonl,4198,finding intricate unique seashells? beachcomber jackpot ✨🐚 nature's tiny sculptures are amazing 🙏 ocean art,finding intricate unique seashells? beachcomber jackpot nature's tiny sculptures are amazing ocean art,I love finding unique seashells.,,missing_slang,missing_slang
train.jsonl,4213,just focusing on breath meditation really works tho ✨🧘‍♀️ mindful breathing = quick zen state 🙏 calms the mind,just focusing on breath meditation really works tho mindful breathing quick zen state calms the mind,I enjoy mindful breathing meditation.,,missing_slang,missing_slang
train.jsonl,4231,"voice soundin like a cat dragged it thru gravel 😩🐱 scratchy af, allergies or sick? send tea 🙏 rough audio day","voice soundin like a cat dragged it thru gravel scratchy af, allergies or sick? send tea rough audio day",My voice sounds scratchy.,,missing_slang,missing_slang
train.jsonl,4241,"OMG my fav band tourin nearby?? LFG! 🔥🎸 gotta cop tickets STAT, live music energy needed 🙏🤘","omg my fav band tourin nearby. lfg! gotta cop tickets stat, live music energy needed",My favorite band is touring nearby.,,missing_slang,missing_slang
train.jsonl,4281,rockin the mismatched sock look today (unintentionally) 😩🧦 where is the other one?? sock dimension strikes again 🙏 laundry fail,rockin the mismatched sock look today unintentionally where is the other one. sock dimension strikes again laundry fail,My favorite socks are mismatched.,,missing_slang,missing_slang
train.jsonl,4333,finding the perfect cozy reading nook? introvert heaven ✨📚 quiet escapism activated 🙏 happy place,finding the perfect cozy reading nook? introvert heaven quiet escapism activated happy place,I enjoy quiet reading nooks.,,missing_slang,missing_slang
train.jsonl,4336,"AC blastin kinda funky smell?? 😩👃 car air weirdness activated, filter change needed maybe? 🙏 pls dont be mold","ac blastin kinda funky smell. car air weirdness activated, filter change needed maybe? pls dont be mold",My car's AC smells weird.,,missing_slang,missing_slang
train.jsonl,4431,sticky keys making typing a struggle 😩⌨️ coffee spill residue maybe? needs cleaning STAT 🙏 tech hygiene fail,sticky keys making typing a struggle coffee spill residue maybe? needs cleaning stat tech hygiene fail,My laptop keys are sticky.,,missing_slang,missing_slang
train.jsonl,4528,vintage postcards are cool glimpses into history ✨💌 finding old ones? treasure hunt complete 🙏 aesthetic mail,vintage postcards are cool glimpses into history finding old ones? treasure hunt complete aesthetic mail,I love finding vintage postcards.,,missing_slang,missing_slang
train.jsonl,4541,"phone battery lasts approx 2 hours 😩🔋 dies way too fast, constant charger life 🙏 portable needed","phone battery lasts approx 2 hours dies way too fast, constant charger life portable needed",My phone battery dies quickly.,,missing_slang,missing_slang
train.jsonl,4566,fav coffee cup got a permanent stain?? 😩☕️ character flaw or tragic mark? 🙏 battle scar lol,fav coffee cup got a permanent stain. character flaw or tragic mark? battle scar lol,My favorite coffee cup has a stain.,,missing_slang,missing_slang
train.jsonl,4591,phone battery draining faster than my motivation today 😩🔋 tech aging maybe? time for upgrade soon? 🙏 power struggle,phone battery draining faster than my motivation today tech aging maybe? time for upgrade soon? power struggle,My phone battery is draining faster.,,missing_slang,missing_slang
train.jsonl,4608,finding quirky cool buttons feels like tiny art collecting ✨🔘 crafting supplies or outfit flair? yes 🙏 small treasures,finding quirky cool buttons feels like tiny art collecting crafting supplies or outfit flair? yes small treasures,I love finding unique buttons.,,missing_slang,missing_slang
train.jsonl,4748,finding cool handmade cards feels personal af ✨💌 support artists + thoughtful gesture? win win 🙏 special mail,finding cool handmade cards feels personal af support artists thoughtful gesture? win win special mail,I love finding unique handmade cards.,,missing_slang,missing_slang
train.jsonl,4766,back feelin so outta wack it needs professional cracking 😩🦴 chiro visit pending maybe? 🙏 alignment SOS,back feelin so outta wack it needs professional cracking chiro visit pending maybe? alignment sos,My back needs a chiropractor.,,missing_slang,missing_slang
train.jsonl,4776,"NEW SINGLE DROPPING FROM FAV ARTIST?! 🔥🎶 cancelling all plans, ready to stream on repeat 🙏 music bless","new single dropping from fav artist. cancelling all plans, ready to stream on repeat music bless",My favorite musician is releasing a single.,,missing_slang,missing_slang
train.jsonl,4779,yo where the link up later tho? 🤔📍 send addy.,yo where the link up later tho? send addy,Where are we meeting later?,,missing_slang,missing_slang
train.jsonl,4789,nah she got TALENT frfr ✨ skill level unmatched 💯,nah she got talent frfr skill level unmatched,She is very talented.,,missing_slang,missing_slang
train.jsonl,4795,nah that ain't fair whatsoever 🤨 the math ain't mathin.,nah that ain't fair whatsoever the math ain't mathin,That's not fair at all.,,missing_slang,missing_slang
train.jsonl,4892,"tryna cook sum new tonight ✨ new recipe attempt, wish me luck (or send takeout menu) 🙏🤞","tryna cook sum new tonight new recipe attempt, wish me luck or send takeout menu",I'm trying a new recipe.,,missing_slang,missing_slang
train.jsonl,4917,reminder to self: HYDRATE or diedrate 💧 drink more water fool 🙏 health first,reminder to self hydrate or diedrate drink more water fool health first,I need to drink more water.,,missing_slang,missing_slang
train.jsonl,5009,heard good things bout that cafe 🤔 wanna try it out? ☕️✨ foodie explore mission,heard good things bout that cafe wanna try it out? foodie explore mission,Let's try that cafe.,,missing_slang,missing_slang
train.jsonl,5027,"need a mental health day BADLY 😩 burnt out af, need one vacay day pls 🙏 recharge essential","need a mental health day badly burnt out af, need one vacay day pls recharge essential",I need a vacation day.,,missing_slang,missing_slang
train.jsonl,5045,smelling spice in the air 🔥🌶️ food gonna have kick maybe? nervous excitement 🙏 hope its good,smelling spice in the air food gonna have kick maybe? nervous excitement hope its good,That food smells spicy.,,missing_slang,missing_slang
train.jsonl,5102,phone dying & charger MIA 😭 need a charger STAT pls 🙏 power bank where u at?,phone dying charger mia need a charger stat pls power bank where u at,I need a phone charger.,,missing_slang,missing_slang
train.jsonl,5167,"my charger officially gave up the ghost 👻 need a new one STAT, phone dying 🙏 power required","my charger officially gave up the ghost need a new one stat, phone dying power required",I need a new charger.,,missing_slang,missing_slang
train.jsonl,5210,ooh yeah this feels calming af ✨😌 anxiety melting away 🙏 zen mode achieved,ooh yeah this feels calming af anxiety melting away zen mode achieved,That feels calming.,,missing_slang,missing_slang
train.jsonl,5489,"new cafe popped up, wanna check it out? ☕️✨ aesthetic maybe? foodie explore mission 🙏 hope coffee good","new cafe popped up, wanna check it out? aesthetic maybe? foodie explore mission hope coffee good",Let's try that new cafe.,,missing_slang,missing_slang
train.jsonl,5640,ooh yeah that feels instantly calming af ✨😌 anxiety levels droppin 🙏 zen moment achieved,ooh yeah that feels instantly calming af anxiety levels droppin zen moment achieved,That feels calming.,,missing_slang,missing_slang
validation.jsonl,35,bro givin big fr 🎁 generous king got heart 🙏 selfless vibes,bro givin big fr generous king got heart selfless vibes,He's very generous.,vibes|king|bro|fr,duplicate_clean_text,duplicate_clean_text
validation.jsonl,110,she keepin it 100 fr 🙌 authentic queen no fake vibes 🙏 real energy,she keepin it 100 fr authentic queen no fake vibes real energy,She's very authentic.,vibes|queen|real|fr,duplicate_clean_text,duplicate_clean_text
validation.jsonl,118,bro pushin everyone up fr 💪 motivator king inspires all 🙏 hype legend,bro pushin everyone up fr motivator king inspires all hype legend,He's a great motivator.,king|bro|fr,duplicate_clean_text,duplicate_clean_text
validation.jsonl,121,vibes all good fr 😌 content king chillin happy 🙏 peace overload,vibes all good fr content king chillin happy peace overload,I'm feeling content.,vibes|king|fr,duplicate_clean_text,duplicate_clean_text
validation.jsonl,126,this granola snappin loud fr 🥜 crunchy king vibes 🙏 snack elite,this granola snappin loud fr crunchy king vibes snack elite,This granola is so crunchy.,vibes|king|fr,duplicate_clean_text,duplicate_clean_text
validation.jsonl,127,tryna bounce back fr 💪 resilient king stayin strong 🙏 comeback grind,tryna bounce back fr resilient king stayin strong comeback grind,I'm trying to be more resilient.,king|fr,duplicate_clean_text,duplicate_clean_text
validation.jsonl,128,she lightin up souls fr 🔥 inspiring queen motivates all 🙏 vibe lifter,she lightin up souls fr inspiring queen motivates all vibe lifter,She's very inspiring.,queen|vibe|fr,duplicate_clean_text,duplicate_clean_text
validation.jsonl,130,bro droppin bangers fr 😂 comedian king got us rollin 🙏 humor legend,bro droppin bangers fr comedian king got us rollin humor legend,He's a great comedian.,king|bro|fr,duplicate_clean_text,duplicate_clean_text
validation.jsonl,133,vibes all sunny fr 😎 optimistic king seein bright days 🙏 hope overload,vibes all sunny fr optimistic king seein bright days hope overload,I'm feeling optimistic.,vibes|king|fr,duplicate_clean_text,duplicate_clean_text
validation.jsonl,134,she makin moves first fr 🚀 proactive queen stays ahead 🙏 action legend,she makin moves first fr proactive queen stays ahead action legend,She's very proactive.,queen|fr,duplicate_clean_text,duplicate_clean_text
validation.jsonl,136,bro keepin it real fr 🙌 genuine king no fake vibes 🙏 authentic energy,bro keepin it real fr genuine king no fake vibes authentic energy,He's really genuine.,vibes|real|king|bro|fr,duplicate_clean_text,duplicate_clean_text
validation.jsonl,139,tryna face fears fr 🦁 courageous king steppin up 🙏 bravery grind,tryna face fears fr courageous king steppin up bravery grind,I'm trying to be more courageous.,king|fr,duplicate_clean_text,duplicate_clean_text
validation.jsonl,140,she carin deep fr 😇 compassionate queen got love 🙏 empathy legend,she carin deep fr compassionate queen got love empathy legend,She's very compassionate.,queen|fr,duplicate_clean_text,duplicate_clean_text
validation.jsonl,145,vibes sky high fr 🚀 uplifted king feelin great 🙏 positivity overload,vibes sky high fr uplifted king feelin great positivity overload,I'm feeling uplifted.,vibes|king|fr,duplicate_clean_text,duplicate_clean_text
validation.jsonl,146,she thinkin of others fr 💭 considerate queen got heart 🙏 kindness champ,she thinkin of others fr considerate queen got heart kindness champ,She's very considerate.,queen|fr,duplicate_clean_text,duplicate_clean_text
validation.jsonl,158,she keepin it 100 fr 🙌 authentic queen no fake vibes 🙏 real energy,she keepin it 100 fr authentic queen no fake vibes real energy,She's very authentic.,vibes|queen|real|fr,duplicate_clean_text,duplicate_clean_text
validation.jsonl,160,bro hyped for everything fr 🎉 enthusiastic king got energy 🙏 vibe machine,bro hyped for everything fr enthusiastic king got energy vibe machine,He's really enthusiastic.,vibe|king|bro|fr,duplicate_clean_text,duplicate_clean_text
validation.jsonl,163,tryna stay present fr 🧘 mindful king livin now 🙏 awareness grind,tryna stay present fr mindful king livin now awareness grind,I'm trying to be more mindful.,king|fr,duplicate_clean_text,duplicate_clean_text
validation.jsonl,169,feelin brand new fr 🌟 refreshed king ready to roll 🙏 energy reset,feelin brand new fr refreshed king ready to roll energy reset,I'm feeling refreshed.,king|fr,duplicate_clean_text,duplicate_clean_text
validation.jsonl,170,she carin deep fr 😇 compassionate queen got love 🙏 empathy legend,she carin deep fr compassionate queen got love empathy legend,She's very compassionate.,queen|fr,duplicate_clean_text,duplicate_clean_text
validation.jsonl,172,bro charmin everyone fr 😎 charismatic king got vibes 🙏 crowd magnet,bro charmin everyone fr charismatic king got vibes crowd magnet,He's really charismatic.,vibes|king|bro|fr,duplicate_clean_text,duplicate_clean_text
validation.jsonl,175,tryna see the bright side fr 😎 optimistic king chasin hope 🙏 good vibes grind,tryna see the bright side fr optimistic king chasin hope good vibes grind,I'm trying to be more optimistic.,vibes|king|fr,duplicate_clean_text,duplicate_clean_text
validation.jsonl,176,she solid as a rock fr 💯 reliable queen never flakes 🙏 trust champ,she solid as a rock fr reliable queen never flakes trust champ,She's very reliable.,queen|fr,duplicate_clean_text,duplicate_clean_text
validation.jsonl,178,bro paintin bangers fr 🎨 artist king got style 🙏 aesthetic legend,bro paintin bangers fr artist king got style aesthetic legend,He's a great artist.,king|bro|fr,duplicate_clean_text,duplicate_clean_text
validation.jsonl,181,tryna speak my truth fr 💬 assertive king standin tall 🙏 confidence grind,tryna speak my truth fr assertive king standin tall confidence grind,I'm trying to be more assertive.,king|fr,duplicate_clean_text,duplicate_clean_text
validation.jsonl,184,bro mappin it out fr 📅 planner king got it locked 🙏 foresight champ,bro mappin it out fr planner king got it locked foresight champ,He's a great planner.,king|bro|fr,duplicate_clean_text,duplicate_clean_text
validation.jsonl,187,vibes all calm fr 😌 serene king in zen mode 🙏 peace maxed,vibes all calm fr serene king in zen mode peace maxed,I'm feeling serene.,vibes|king|fr,duplicate_clean_text,duplicate_clean_text
validation.jsonl,188,she spittin clear fr 🗣️ articulate queen nails words 🙏 speech champ,she spittin clear fr articulate queen nails words speech champ,She's very articulate.,queen|fr,duplicate_clean_text,duplicate_clean_text
validation.jsonl,190,bro holdin u up fr 🤝 supportive king got ur back 🙏 ride or die vibes,bro holdin u up fr supportive king got ur back ride or die vibes,He's really supportive.,vibes|king|bro|fr,duplicate_clean_text,duplicate_clean_text
validation.jsonl,194,she sparkin magic fr 🎨 creative queen got vision 🙏 imagination champ,she sparkin magic fr creative queen got vision imagination champ,She's very creative.,queen|fr,duplicate_clean_text,duplicate_clean_text
validation.jsonl,196,bro pushin everyone up fr 💪 motivator king inspires all 🙏 hype legend,bro pushin everyone up fr motivator king inspires all hype legend,He's a great motivator.,king|bro|fr,duplicate_clean_text,duplicate_clean_text
validation.jsonl,199,feelin brand new fr 🌟 refreshed king ready to roll 🙏 energy reset,feelin brand new fr refreshed king ready to roll energy reset,I'm feeling refreshed.,king|fr,duplicate_clean_text,duplicate_clean_text
validation.jsonl,200,she carin deep fr 😇 compassionate queen got love 🙏 empathy legend,she carin deep fr compassionate queen got love empathy legend,She's very compassionate.,queen|fr,duplicate_clean_text,duplicate_clean_text
validation.jsonl,201,shelf wobblin fr 📚 gotta fix it king 🙏 sturdy vibes mission,shelf wobblin fr gotta fix it king sturdy vibes mission,I need to fix my shelf.,vibes|king|fr,duplicate_clean_text,duplicate_clean_text
validation.jsonl,202,bro charmin everyone fr 😎 charismatic king got vibes 🙏 crowd magnet,bro charmin everyone fr charismatic king got vibes crowd magnet,He's really charismatic.,vibes|king|bro|fr,duplicate_clean_text,duplicate_clean_text
validation.jsonl,205,tryna own my vibe fr 😎 confident king risin up 🙏 self-assured grind,tryna own my vibe fr confident king risin up self-assured grind,I'm trying to be more confident.,vibe|king|fr,duplicate_clean_text,duplicate_clean_text
validation.jsonl,206,she holdin it down fr 🤝 supportive queen got ur back 🙏 ride or die vibes,she holdin it down fr supportive queen got ur back ride or die vibes,She's very supportive.,vibes|queen|fr,duplicate_clean_text,duplicate_clean_text
validation.jsonl,207,earbuds lookin grimy fr 🎶 gotta clean em king 🙏 fresh audio vibes,earbuds lookin grimy fr gotta clean em king fresh audio vibes,I need to clean my earbuds.,vibes|clean|king|fr,duplicate_clean_text,duplicate_clean_text
validation.jsonl,208,bro paintin bangers fr 🎨 artist king got style 🙏 aesthetic legend,bro paintin bangers fr artist king got style aesthetic legend,He's a great artist.,king|bro|fr,duplicate_clean_text,duplicate_clean_text
validation.jsonl,209,writin workshop vibes? ✍️ lets craft some words fr king/queen 🙏 literary quest,writin workshop vibes? lets craft some words fr king queen literary quest,Let's go to a writing workshop.,vibes|queen|king|fr,duplicate_clean_text,duplicate_clean_text
validation.jsonl,210,this wrap hittin deep fr 🌯 savory king vibes 🙏 lunch elite,this wrap hittin deep fr savory king vibes lunch elite,This wrap is so savory.,vibes|king|fr,duplicate_clean_text,duplicate_clean_text
validation.jsonl,211,vibes all chill fr 😌 relaxed king in zen mode 🙏 stress-free vibes,vibes all chill fr relaxed king in zen mode stress-free vibes,I'm feeling relaxed.,vibes|chill|king|fr,duplicate_clean_text,duplicate_clean_text
validation.jsonl,212,she glowin with charm fr ✨ charismatic queen owns it 🙏 vibe queen,she glowin with charm fr charismatic queen owns it vibe queen,She's very charismatic.,queen|vibe|fr,duplicate_clean_text,duplicate_clean_text
validation.jsonl,213,chair creakin loud fr 🪑 gotta fix it king 🙏 sturdy vibes mission,chair creakin loud fr gotta fix it king sturdy vibes mission,I need to fix my chair.,vibes|king|fr,duplicate_clean_text,duplicate_clean_text
validation.jsonl,214,bro sparkin genius fr 🎨 creative king got vision 🙏 imagination god,bro sparkin genius fr creative king got vision imagination god,He's really creative.,king|bro|fr,duplicate_clean_text,duplicate_clean_text
validation.jsonl,215,pottery class vibes? 🏺 lets mold some art fr king/queen 🙏 creative escape,pottery class vibes? lets mold some art fr king queen creative escape,Let's go to a pottery class.,vibes|queen|king|fr,duplicate_clean_text,duplicate_clean_text
validation.jsonl,216,this latte slidin down fr ☕ smooth king vibes 🙏 coffee elite,this latte slidin down fr smooth king vibes coffee elite,This latte is so smooth.,vibes|king|fr,duplicate_clean_text,duplicate_clean_text
validation.jsonl,217,motivation on max fr 💥 motivated king ready to crush 🙏 grind mode on,motivation on max fr motivated king ready to crush grind mode on,I'm feeling motivated.,king|fr,duplicate_clean_text,duplicate_clean_text
validation.jsonl,218,she solid as a rock fr 💯 reliable queen never flakes 🙏 trust champ,she solid as a rock fr reliable queen never flakes trust champ,She's very reliable.,queen|fr,duplicate_clean_text,duplicate_clean_text
validation.jsonl,219,mousepad lookin grimy fr 🖱️ gotta clean it king 🙏 fresh tech vibes,mousepad lookin grimy fr gotta clean it king fresh tech vibes,I need to clean my mousepad.,vibes|clean|king|fr,duplicate_clean_text,duplicate_clean_text
validation.jsonl,220,bro droppin melodies fr 🎶 musician king got soul 🙏 music legend,bro droppin melodies fr musician king got soul music legend,He's a great musician.,king|bro|fr,duplicate_clean_text,duplicate_clean_text
validation.jsonl,222,this salad snappin fresh fr 🥗 crisp king vibes 🙏 healthy elite,this salad snappin fresh fr crisp king vibes healthy elite,This salad is so crisp.,vibes|king|fr,duplicate_clean_text,duplicate_clean_text
validation.jsonl,223,tryna stay chill fr 😌 patient king waitin calm 🙏 zen grind,tryna stay chill fr patient king waitin calm zen grind,I'm trying to be more patient.,chill|king|fr,duplicate_clean_text,duplicate_clean_text
validation.jsonl,224,she sparkin dreams fr 🔥 inspiring queen lifts souls 🙏 motivation champ,she sparkin dreams fr inspiring queen lifts souls motivation champ,She's very inspiring.,queen|fr,duplicate_clean_text,duplicate_clean_text
validation.jsonl,225,lamp actin shady fr 💡 gotta fix it king 🙏 bright vibes mission,lamp actin shady fr gotta fix it king bright vibes mission,I need to fix my lamp.,vibes|king|fr,duplicate_clean_text,duplicate_clean_text
validation.jsonl,226,bro givin big fr 🎁 generous king got heart 🙏 selfless vibes,bro givin big fr generous king got heart selfless vibes,He's really generous.,vibes|king|bro|fr,duplicate_clean_text,duplicate_clean_text
validation.jsonl,227,book signin vibes? 📚 lets meet authors fr king/queen 🙏 literary quest,book signin vibes? lets meet authors fr king queen literary quest,Let's go to a book signing.,vibes|queen|king|fr,duplicate_clean_text,duplicate_clean_text
validation.jsonl,228,this cookie meltin soft fr 🍪 soft king vibes 🙏 snack heaven,this cookie meltin soft fr soft king vibes snack heaven,This cookie is so soft.,vibes|king|fr,duplicate_clean_text,duplicate_clean_text
validation.jsonl,229,hope hittin strong fr 🌟 hopeful king seein light 🙏 optimism overload,hope hittin strong fr hopeful king seein light optimism overload,I'm feeling hopeful.,king|fr,duplicate_clean_text,duplicate_clean_text
validation.jsonl,230,she feelin all the feels fr 😔 empathetic queen got heart 🙏 emotional champ,she feelin all the feels fr empathetic queen got heart emotional champ,She's very empathetic.,queen|fr,duplicate_clean_text,duplicate_clean_text
validation.jsonl,231,desk lookin like a warzone fr 🖥️ gotta sort it king 🙏 tidy vibes mission,desk lookin like a warzone fr gotta sort it king tidy vibes mission,I need to clean my desk.,vibes|king|fr,duplicate_clean_text,duplicate_clean_text
validation.jsonl,232,bro leadin like a king fr 👑 leader king inspires all 🙏 squad motivator,bro leadin like a king fr leader king inspires all squad motivator,He's a great leader.,king|bro|fr,duplicate_clean_text,duplicate_clean_text
validation.jsonl,233,dance class vibes? 💃 lets move our bodies fr king/queen 🙏 rhythm quest,dance class vibes? lets move our bodies fr king queen rhythm quest,Let's go to a dance class.,vibes|queen|king|fr,duplicate_clean_text,duplicate_clean_text
validation.jsonl,234,this juice zappin my tongue fr 🥤 tangy af king 🙏 zesty vibes,this juice zappin my tongue fr tangy af king zesty vibes,This juice is so tangy.,vibes|king|fr,duplicate_clean_text,duplicate_clean_text
validation.jsonl,235,energy on max fr ⚡ energized king ready to roll 🙏 power vibes,energy on max fr energized king ready to roll power vibes,I'm feeling energized.,vibes|king|fr,duplicate_clean_text,duplicate_clean_text
validation.jsonl,236,she sparkin magic fr 🎨 creative queen got vision 🙏 imagination champ,she sparkin magic fr creative queen got vision imagination champ,She's very creative.,queen|fr,duplicate_clean_text,duplicate_clean_text
validation.jsonl,237,files lookin chaotic fr 📂 gotta sort em king 🙏 digital glow up,files lookin chaotic fr gotta sort em king digital glow up,I need to organize my files.,king|fr,duplicate_clean_text,duplicate_clean_text
validation.jsonl,238,bro solid every time fr 💯 reliable king never flakes 🙏 trust legend,bro solid every time fr reliable king never flakes trust legend,He's really reliable.,king|bro|fr,duplicate_clean_text,duplicate_clean_text
validation.jsonl,239,photo workshop vibes? 📸 lets snap some shots fr king/queen 🙏 visual quest,photo workshop vibes? lets snap some shots fr king queen visual quest,Let's go to a photography workshop.,vibes|queen|king|fr,duplicate_clean_text,duplicate_clean_text
validation.jsonl,240,this smoothie hittin crisp fr 🥤 refreshin af king 🙏 liquid vibes,this smoothie hittin crisp fr refreshin af king liquid vibes,This smoothie is so refreshing.,vibes|king|fr,duplicate_clean_text,duplicate_clean_text
validation.jsonl,241,tryna own my vibe fr 😎 confident king risin up 🙏 self-assured grind,tryna own my vibe fr confident king risin up self-assured grind,I'm trying to be more confident.,vibe|king|fr,duplicate_clean_text,duplicate_clean_text
validation.jsonl,242,she holdin it down fr 🤝 supportive queen got ur back 🙏 ride or die vibes,she holdin it down fr supportive queen got ur back ride or die vibes,She's very supportive.,vibes|queen|fr,duplicate_clean_text,duplicate_clean_text
validation.jsonl,243,earbuds lookin grimy fr 🎶 gotta clean em king 🙏 fresh audio vibes,earbuds lookin grimy fr gotta clean em king fresh audio vibes,I need to clean my earbuds.,vibes|clean|king|fr,duplicate_clean_text,duplicate_clean_text
validation.jsonl,244,bro paintin bangers fr 🎨 artist king got style 🙏 aesthetic legend,bro paintin bangers fr artist king got style aesthetic legend,He's a great artist.,king|bro|fr,duplicate_clean_text,duplicate_clean_text
validation.jsonl,245,writin class vibes? ✍️ lets craft some words fr king/queen 🙏 literary quest,writin class vibes? lets craft some words fr king queen literary quest,Let's go to a writing class.,vibes|queen|king|fr,duplicate_clean_text,duplicate_clean_text
validation.jsonl,246,this wrap hittin deep fr 🌯 savory king vibes 🙏 lunch elite,this wrap hittin deep fr savory king vibes lunch elite,This wrap is so savory.,vibes|king|fr,duplicate_clean_text,duplicate_clean_text
validation.jsonl,247,vibes all chill fr 😌 relaxed king in zen mode 🙏 stress-free vibes,vibes all chill fr relaxed king in zen mode stress-free vibes,I'm feeling relaxed.,vibes|chill|king|fr,duplicate_clean_text,duplicate_clean_text
validation.jsonl,248,she glowin with charm fr ✨ charismatic queen owns it 🙏 vibe queen,she glowin with charm fr charismatic queen owns it vibe queen,She's very charismatic.,queen|vibe|fr,duplicate_clean_text,duplicate_clean_text
validation.jsonl,249,chair creakin loud fr 🪑 gotta fix it king 🙏 sturdy vibes mission,chair creakin loud fr gotta fix it king sturdy vibes mission,I need to fix my chair.,vibes|king|fr,duplicate_clean_text,duplicate_clean_text
validation.jsonl,250,bro sparkin genius fr 🎨 creative king got vision 🙏 imagination god,bro sparkin genius fr creative king got vision imagination god,He's really creative.,king|bro|fr,duplicate_clean_text,duplicate_clean_text
validation.jsonl,251,pottery class vibes? 🏺 lets mold some art fr king/queen 🙏 creative escape,pottery class vibes? lets mold some art fr king queen creative escape,Let's go to a pottery class.,vibes|queen|king|fr,duplicate_clean_text,duplicate_clean_text
validation.jsonl,252,this latte slidin down fr ☕ smooth king vibes 🙏 coffee elite,this latte slidin down fr smooth king vibes coffee elite,This latte is so smooth.,vibes|king|fr,duplicate_clean_text,duplicate_clean_text
validation.jsonl,253,motivation on max fr 💥 motivated king ready to crush 🙏 grind mode on,motivation on max fr motivated king ready to crush grind mode on,I'm feeling motivated.,king|fr,duplicate_clean_text,duplicate_clean_text
validation.jsonl,254,she solid as a rock fr 💯 reliable queen never flakes 🙏 trust champ,she solid as a rock fr reliable queen never flakes trust champ,She's very reliable.,queen|fr,duplicate_clean_text,duplicate_clean_text
validation.jsonl,255,mousepad lookin grimy fr 🖱️ gotta clean it king 🙏 fresh tech vibes,mousepad lookin grimy fr gotta clean it king fresh tech vibes,I need to clean my mousepad.,vibes|clean|king|fr,duplicate_clean_text,duplicate_clean_text
validation.jsonl,256,bro droppin melodies fr 🎶 musician king got soul 🙏 music legend,bro droppin melodies fr musician king got soul music legend,He's a great musician.,king|bro|fr,duplicate_clean_text,duplicate_clean_text
validation.jsonl,257,film fest vibes? 🎬 lets binge cinema fr king/queen 🙏 movie quest,film fest vibes? lets binge cinema fr king queen movie quest,Let's go to a film festival.,vibes|queen|king|fr,duplicate_clean_text,duplicate_clean_text
validation.jsonl,258,this salad snappin fresh fr 🥗 crisp king vibes 🙏 healthy elite,this salad snappin fresh fr crisp king vibes healthy elite,This salad is so crisp.,vibes|king|fr,duplicate_clean_text,duplicate_clean_text
validation.jsonl,259,tryna stay chill fr 😌 patient king waitin calm 🙏 zen grind,tryna stay chill fr patient king waitin calm zen grind,I'm trying to be more patient.,chill|king|fr,duplicate_clean_text,duplicate_clean_text
validation.jsonl,260,she sparkin dreams fr 🔥 inspiring queen lifts souls 🙏 motivation champ,she sparkin dreams fr inspiring queen lifts souls motivation champ,She's very inspiring.,queen|fr,duplicate_clean_text,duplicate_clean_text
validation.jsonl,261,lamp actin shady fr 💡 gotta fix it king 🙏 bright vibes mission,lamp actin shady fr gotta fix it king bright vibes mission,I need to fix my lamp.,vibes|king|fr,duplicate_clean_text,duplicate_clean_text
validation.jsonl,262,bro givin big fr 🎁 generous king got heart 🙏 selfless vibes,bro givin big fr generous king got heart selfless vibes,He's really generous.,vibes|king|bro|fr,duplicate_clean_text,duplicate_clean_text
validation.jsonl,263,book signin vibes? 📚 lets meet authors fr king/queen 🙏 literary quest,book signin vibes? lets meet authors fr king queen literary quest,Let's go to a book signing.,vibes|queen|king|fr,duplicate_clean_text,duplicate_clean_text
validation.jsonl,264,this cookie meltin soft fr 🍪 soft king vibes 🙏 snack heaven,this cookie meltin soft fr soft king vibes snack heaven,This cookie is so soft.,vibes|king|fr,duplicate_clean_text,duplicate_clean_text
validation.jsonl,265,hope hittin strong fr 🌟 hopeful king seein light 🙏 optimism overload,hope hittin strong fr hopeful king seein light optimism overload,I'm feeling hopeful.,king|fr,duplicate_clean_text,duplicate_clean_text
validation.jsonl,266,she feelin all the feels fr 😔 empathetic queen got heart 🙏 emotional champ,she feelin all the feels fr empathetic queen got heart emotional champ,She's very empathetic.,queen|fr,duplicate_clean_text,duplicate_clean_text
validation.jsonl,267,desk lookin like a warzone fr 🖥️ gotta sort it king 🙏 tidy vibes mission,desk lookin like a warzone fr gotta sort it king tidy vibes mission,I need to clean my desk.,vibes|king|fr,duplicate_clean_text,duplicate_clean_text
validation.jsonl,268,bro leadin like a king fr 👑 leader king inspires all 🙏 squad motivator,bro leadin like a king fr leader king inspires all squad motivator,He's a great leader.,king|bro|fr,duplicate_clean_text,duplicate_clean_text
validation.jsonl,269,dance class vibes? 💃 lets move our bodies fr king/queen 🙏 rhythm quest,dance class vibes? lets move our bodies fr king queen rhythm quest,Let's go to a dance class.,vibes|queen|king|fr,duplicate_clean_text,duplicate_clean_text
validation.jsonl,270,this juice zappin my tongue fr 🥤 tangy af king 🙏 zesty vibes,this juice zappin my tongue fr tangy af king zesty vibes,This juice is so tangy.,vibes|king|fr,duplicate_clean_text,duplicate_clean_text
validation.jsonl,271,energy on max fr ⚡ energized king ready to roll 🙏 power vibes,energy on max fr energized king ready to roll power vibes,I'm feeling energized.,vibes|king|fr,duplicate_clean_text,duplicate_clean_text
validation.jsonl,272,she sparkin magic fr 🎨 creative queen got vision 🙏 imagination champ,she sparkin magic fr creative queen got vision imagination champ,She's very creative.,queen|fr,duplicate_clean_text,duplicate_clean_text
validation.jsonl,273,files lookin chaotic fr 📂 gotta sort em king 🙏 digital glow up,files lookin chaotic fr gotta sort em king digital glow up,I need to organize my files.,king|fr,duplicate_clean_text,duplicate_clean_text
validation.jsonl,274,bro solid every time fr 💯 reliable king never flakes 🙏 trust legend,bro solid every time fr reliable king never flakes trust legend,He's really reliable.,king|bro|fr,duplicate_clean_text,duplicate_clean_text
validation.jsonl,275,photo workshop vibes? 📸 lets snap some shots fr king/queen 🙏 visual quest,photo workshop vibes? lets snap some shots fr king queen visual quest,Let's go to a photography workshop.,vibes|queen|king|fr,duplicate_clean_text,duplicate_clean_text
validation.jsonl,276,this smoothie hittin crisp fr 🥤 refreshin af king 🙏 liquid vibes,this smoothie hittin crisp fr refreshin af king liquid vibes,This smoothie is so refreshing.,vibes|king|fr,duplicate_clean_text,duplicate_clean_text
validation.jsonl,277,tryna own my vibe fr 😎 confident king risin up 🙏 self-assured grind,tryna own my vibe fr confident king risin up self-assured grind,I'm trying to be more confident.,vibe|king|fr,duplicate_clean_text,duplicate_clean_text
validation.jsonl,278,she holdin it down fr 🤝 supportive queen got ur back 🙏 ride or die vibes,she holdin it down fr supportive queen got ur back ride or die vibes,She's very supportive.,vibes|queen|fr,duplicate_clean_text,duplicate_clean_text
validation.jsonl,279,earbuds lookin grimy fr 🎶 gotta clean em king 🙏 fresh audio vibes,earbuds lookin grimy fr gotta clean em king fresh audio vibes,I need to clean my earbuds.,vibes|clean|king|fr,duplicate_clean_text,duplicate_clean_text
validation.jsonl,280,bro paintin bangers fr 🎨 artist king got style 🙏 aesthetic legend,bro paintin bangers fr artist king got style aesthetic legend,He's a great artist.,king|bro|fr,duplicate_clean_text,duplicate_clean_text
validation.jsonl,281,writin class vibes? ✍️ lets craft some words fr king/queen 🙏 literary quest,writin class vibes? lets craft some words fr king queen literary quest,Let's go to a writing class.,vibes|queen|king|fr,duplicate_clean_text,duplicate_clean_text
validation.jsonl,282,this wrap hittin deep fr 🌯 savory king vibes 🙏 lunch elite,this wrap hittin deep fr savory king vibes lunch elite,This wrap is so savory.,vibes|king|fr,duplicate_clean_text,duplicate_clean_text
validation.jsonl,283,vibes all chill fr 😌 relaxed king in zen mode 🙏 stress-free vibes,vibes all chill fr relaxed king in zen mode stress-free vibes,I'm feeling relaxed.,vibes|chill|king|fr,duplicate_clean_text,duplicate_clean_text
validation.jsonl,284,she glowin with charm fr ✨ charismatic queen owns it 🙏 vibe queen,she glowin with charm fr charismatic queen owns it vibe queen,She's very charismatic.,queen|vibe|fr,duplicate_clean_text,duplicate_clean_text
validation.jsonl,285,chair creakin loud fr 🪑 gotta fix it king 🙏 sturdy vibes mission,chair creakin loud fr gotta fix it king sturdy vibes mission,I need to fix my chair.,vibes|king|fr,duplicate_clean_text,duplicate_clean_text
validation.jsonl,286,bro sparkin genius fr 🎨 creative king got vision 🙏 imagination god,bro sparkin genius fr creative king got vision imagination god,He's really creative.,king|bro|fr,duplicate_clean_text,duplicate_clean_text
validation.jsonl,287,pottery class vibes? 🏺 lets mold some art fr king/queen 🙏 creative escape,pottery class vibes? lets mold some art fr king queen creative escape,Let's go to a pottery class.,vibes|queen|king|fr,duplicate_clean_text,duplicate_clean_text
validation.jsonl,288,this latte slidin down fr ☕ smooth king vibes 🙏 coffee elite,this latte slidin down fr smooth king vibes coffee elite,This latte is so smooth.,vibes|king|fr,duplicate_clean_text,duplicate_clean_text
validation.jsonl,289,motivation on max fr 💥 motivated king ready to crush 🙏 grind mode on,motivation on max fr motivated king ready to crush grind mode on,I'm feeling motivated.,king|fr,duplicate_clean_text,duplicate_clean_text
validation.jsonl,290,she solid as a rock fr 💯 reliable queen never flakes 🙏 trust champ,she solid as a rock fr reliable queen never flakes trust champ,She's very reliable.,queen|fr,duplicate_clean_text,duplicate_clean_text
validation.jsonl,291,mousepad lookin grimy fr 🖱️ gotta clean it king 🙏 fresh tech vibes,mousepad lookin grimy fr gotta clean it king fresh tech vibes,I need to clean my mousepad.,vibes|clean|king|fr,duplicate_clean_text,duplicate_clean_text
validation.jsonl,292,bro droppin melodies fr 🎶 musician king got soul 🙏 music legend,bro droppin melodies fr musician king got soul music legend,He's a great musician.,king|bro|fr,duplicate_clean_text,duplicate_clean_text
validation.jsonl,293,film fest vibes? 🎬 lets binge cinema fr king/queen 🙏 movie quest,film fest vibes? lets binge cinema fr king queen movie quest,Let's go to a film festival.,vibes|queen|king|fr,duplicate_clean_text,duplicate_clean_text
validation.jsonl,294,this salad snappin fresh fr 🥗 crisp king vibes 🙏 healthy elite,this salad snappin fresh fr crisp king vibes healthy elite,This salad is so crisp.,vibes|king|fr,duplicate_clean_text,duplicate_clean_text
validation.jsonl,295,tryna stay chill fr 😌 patient king waitin calm 🙏 zen grind,tryna stay chill fr patient king waitin calm zen grind,I'm trying to be more patient.,chill|king|fr,duplicate_clean_text,duplicate_clean_text
validation.jsonl,296,she sparkin dreams fr 🔥 inspiring queen lifts souls 🙏 motivation champ,she sparkin dreams fr inspiring queen lifts souls motivation champ,She's very inspiring.,queen|fr,duplicate_clean_text,duplicate_clean_text
validation.jsonl,297,lamp actin shady fr 💡 gotta fix it king 🙏 bright vibes mission,lamp actin shady fr gotta fix it king bright vibes mission,I need to fix my lamp.,vibes|king|fr,duplicate_clean_text,duplicate_clean_text
validation.jsonl,298,bro givin big fr 🎁 generous king got heart 🙏 selfless vibes,bro givin big fr generous king got heart selfless vibes,He's really generous.,vibes|king|bro|fr,duplicate_clean_text,duplicate_clean_text
validation.jsonl,299,book signin vibes? 📚 lets meet authors fr king/queen 🙏 literary quest,book signin vibes? lets meet authors fr king queen literary quest,Let's go to a book signing.,vibes|queen|king|fr,duplicate_clean_text,duplicate_clean_text
validation.jsonl,300,this cookie meltin soft fr 🍪 soft king vibes 🙏 snack heaven,this cookie meltin soft fr soft king vibes snack heaven,This cookie is so soft.,vibes|king|fr,duplicate_clean_text,duplicate_clean_text
validation.jsonl,301,hope hittin strong fr 🌟 hopeful king seein light 🙏 optimism overload,hope hittin strong fr hopeful king seein light optimism overload,I'm feeling hopeful.,king|fr,duplicate_clean_text,duplicate_clean_text
validation.jsonl,302,she feelin all the feels fr 😔 empathetic queen got heart 🙏 emotional champ,she feelin all the feels fr empathetic queen got heart emotional champ,She's very empathetic.,queen|fr,duplicate_clean_text,duplicate_clean_text
validation.jsonl,303,desk lookin like a warzone fr 🖥️ gotta sort it king 🙏 tidy vibes mission,desk lookin like a warzone fr gotta sort it king tidy vibes mission,I need to clean my desk.,vibes|king|fr,duplicate_clean_text,duplicate_clean_text
validation.jsonl,304,bro leadin like a king fr 👑 leader king inspires all 🙏 squad motivator,bro leadin like a king fr leader king inspires all squad motivator,He's a great leader.,king|bro|fr,duplicate_clean_text,duplicate_clean_text
validation.jsonl,305,dance class vibes? 💃 lets move our bodies fr king/queen 🙏 rhythm quest,dance class vibes? lets move our bodies fr king queen rhythm quest,Let's go to a dance class.,vibes|queen|king|fr,duplicate_clean_text,duplicate_clean_text
validation.jsonl,306,this juice zappin my tongue fr 🥤 tangy af king 🙏 zesty vibes,this juice zappin my tongue fr tangy af king zesty vibes,This juice is so tangy.,vibes|king|fr,duplicate_clean_text,duplicate_clean_text
validation.jsonl,307,energy on max fr ⚡ energized king ready to roll 🙏 power vibes,energy on max fr energized king ready to roll power vibes,I'm feeling energized.,vibes|king|fr,duplicate_clean_text,duplicate_clean_text
validation.jsonl,308,she sparkin magic fr 🎨 creative queen got vision 🙏 imagination champ,she sparkin magic fr creative queen got vision imagination champ,She's very creative.,queen|fr,duplicate_clean_text,duplicate_clean_text
validation.jsonl,309,files lookin chaotic fr 📂 gotta sort em king 🙏 digital glow up,files lookin chaotic fr gotta sort em king digital glow up,I need to organize my files.,king|fr,duplicate_clean_text,duplicate_clean_text
validation.jsonl,310,bro solid every time fr 💯 reliable king never flakes 🙏 trust legend,bro solid every time fr reliable king never flakes trust legend,He's really reliable.,king|bro|fr,duplicate_clean_text,duplicate_clean_text
validation.jsonl,311,photo workshop vibes? 📸 lets snap some shots fr king/queen 🙏 visual quest,photo workshop vibes? lets snap some shots fr king queen visual quest,Let's go to a photography workshop.,vibes|queen|king|fr,duplicate_clean_text,duplicate_clean_text
validation.jsonl,312,this smoothie hittin crisp fr 🥤 refreshin af king 🙏 liquid vibes,this smoothie hittin crisp fr refreshin af king liquid vibes,This smoothie is so refreshing.,vibes|king|fr,duplicate_clean_text,duplicate_clean_text
validation.jsonl,313,tryna own my vibe fr 😎 confident king risin up 🙏 self-assured grind,tryna own my vibe fr confident king risin up self-assured grind,I'm trying to be more confident.,vibe|king|fr,duplicate_clean_text,duplicate_clean_text
validation.jsonl,314,she holdin it down fr 🤝 supportive queen got ur back 🙏 ride or die vibes,she holdin it down fr supportive queen got ur back ride or die vibes,She's very supportive.,vibes|queen|fr,duplicate_clean_text,duplicate_clean_text
validation.jsonl,315,earbuds lookin grimy fr 🎶 gotta clean em king 🙏 fresh audio vibes,earbuds lookin grimy fr gotta clean em king fresh audio vibes,I need to clean my earbuds.,vibes|clean|king|fr,duplicate_clean_text,duplicate_clean_text
validation.jsonl,316,bro paintin bangers fr 🎨 artist king got style 🙏 aesthetic legend,bro paintin bangers fr artist king got style aesthetic legend,He's a great artist.,king|bro|fr,duplicate_clean_text,duplicate_clean_text
validation.jsonl,317,writin class vibes? ✍️ lets craft some words fr king/queen 🙏 literary quest,writin class vibes? lets craft some words fr king queen literary quest,Let's go to a writing class.,vibes|queen|king|fr,duplicate_clean_text,duplicate_clean_text
validation.jsonl,318,this wrap hittin deep fr 🌯 savory king vibes 🙏 lunch elite,this wrap hittin deep fr savory king vibes lunch elite,This wrap is so savory.,vibes|king|fr,duplicate_clean_text,duplicate_clean_text
validation.jsonl,319,vibes all chill fr 😌 relaxed king in zen mode 🙏 stress-free vibes,vibes all chill fr relaxed king in zen mode stress-free vibes,I'm feeling relaxed.,vibes|chill|king|fr,duplicate_clean_text,duplicate_clean_text
validation.jsonl,320,she glowin with charm fr ✨ charismatic queen owns it 🙏 vibe queen,she glowin with charm fr charismatic queen owns it vibe queen,She's very charismatic.,queen|vibe|fr,duplicate_clean_text,duplicate_clean_text
validation.jsonl,321,chair creakin loud fr 🪑 gotta fix it king 🙏 sturdy vibes mission,chair creakin loud fr gotta fix it king sturdy vibes mission,I need to fix my chair.,vibes|king|fr,duplicate_clean_text,duplicate_clean_text
validation.jsonl,322,bro sparkin genius fr 🎨 creative king got vision 🙏 imagination god,bro sparkin genius fr creative king got vision imagination god,He's really creative.,king|bro|fr,duplicate_clean_text,duplicate_clean_text
validation.jsonl,323,pottery class vibes? 🏺 lets mold some art fr king/queen 🙏 creative escape,pottery class vibes? lets mold some art fr king queen creative escape,Let's go to a pottery class.,vibes|queen|king|fr,duplicate_clean_text,duplicate_clean_text
validation.jsonl,324,this latte slidin down fr ☕ smooth king vibes 🙏 coffee elite,this latte slidin down fr smooth king vibes coffee elite,This latte is so smooth.,vibes|king|fr,duplicate_clean_text,duplicate_clean_text
validation.jsonl,325,motivation on max fr 💥 motivated king ready to crush 🙏 grind mode on,motivation on max fr motivated king ready to crush grind mode on,I'm feeling motivated.,king|fr,duplicate_clean_text,duplicate_clean_text
validation.jsonl,326,she solid as a rock fr 💯 reliable queen never flakes 🙏 trust champ,she solid as a rock fr reliable queen never flakes trust champ,She's very reliable.,queen|fr,duplicate_clean_text,duplicate_clean_text
validation.jsonl,327,mousepad lookin grimy fr 🖱️ gotta clean it king 🙏 fresh tech vibes,mousepad lookin grimy fr gotta clean it king fresh tech vibes,I need to clean my mousepad.,vibes|clean|king|fr,duplicate_clean_text,duplicate_clean_text
validation.jsonl,328,bro droppin melodies fr 🎶 musician king got soul 🙏 music legend,bro droppin melodies fr musician king got soul music legend,He's a great musician.,king|bro|fr,duplicate_clean_text,duplicate_clean_text
validation.jsonl,329,film fest vibes? 🎬 lets binge cinema fr king/queen 🙏 movie quest,film fest vibes? lets binge cinema fr king queen movie quest,Let's go to a film festival.,vibes|queen|king|fr,duplicate_clean_text,duplicate_clean_text
validation.jsonl,330,this salad snappin fresh fr 🥗 crisp king vibes 🙏 healthy elite,this salad snappin fresh fr crisp king vibes healthy elite,This salad is so crisp.,vibes|king|fr,duplicate_clean_text,duplicate_clean_text
validation.jsonl,331,tryna stay chill fr 😌 patient king waitin calm 🙏 zen grind,tryna stay chill fr patient king waitin calm zen grind,I'm trying to be more patient.,chill|king|fr,duplicate_clean_text,duplicate_clean_text
validation.jsonl,332,she sparkin dreams fr 🔥 inspiring queen lifts souls 🙏 motivation champ,she sparkin dreams fr inspiring queen lifts souls motivation champ,She's very inspiring.,queen|fr,duplicate_clean_text,duplicate_clean_text
validation.jsonl,333,lamp actin shady fr 💡 gotta fix it king 🙏 bright vibes mission,lamp actin shady fr gotta fix it king bright vibes mission,I need to fix my lamp.,vibes|king|fr,duplicate_clean_text,duplicate_clean_text
validation.jsonl,334,bro givin big fr 🎁 generous king got heart 🙏 selfless vibes,bro givin big fr generous king got heart selfless vibes,He's really generous.,vibes|king|bro|fr,duplicate_clean_text,duplicate_clean_text
validation.jsonl,335,book signin vibes? 📚 lets meet authors fr king/queen 🙏 literary quest,book signin vibes? lets meet authors fr king queen literary quest,Let's go to a book signing.,vibes|queen|king|fr,duplicate_clean_text,duplicate_clean_text
validation.jsonl,336,this cookie meltin soft fr 🍪 soft king vibes 🙏 snack heaven,this cookie meltin soft fr soft king vibes snack heaven,This cookie is so soft.,vibes|king|fr,duplicate_clean_text,duplicate_clean_text
validation.jsonl,337,hope hittin strong fr 🌟 hopeful king seein light 🙏 optimism overload,hope hittin strong fr hopeful king seein light optimism overload,I'm feeling hopeful.,king|fr,duplicate_clean_text,duplicate_clean_text
validation.jsonl,338,she feelin all the feels fr 😔 empathetic queen got heart 🙏 emotional champ,she feelin all the feels fr empathetic queen got heart emotional champ,She's very empathetic.,queen|fr,duplicate_clean_text,duplicate_clean_text
validation.jsonl,339,desk lookin like a warzone fr 🖥️ gotta sort it king 🙏 tidy vibes mission,desk lookin like a warzone fr gotta sort it king tidy vibes mission,I need to clean my desk.,vibes|king|fr,duplicate_clean_text,duplicate_clean_text
validation.jsonl,340,bro leadin like a king fr 👑 leader king inspires all 🙏 squad motivator,bro leadin like a king fr leader king inspires all squad motivator,He's a great leader.,king|bro|fr,duplicate_clean_text,duplicate_clean_text
validation.jsonl,341,dance class vibes? 💃 lets move our bodies fr king/queen 🙏 rhythm quest,dance class vibes? lets move our bodies fr king queen rhythm quest,Let's go to a dance class.,vibes|queen|king|fr,duplicate_clean_text,duplicate_clean_text
validation.jsonl,342,this juice zappin my tongue fr 🥤 tangy af king 🙏 zesty vibes,this juice zappin my tongue fr tangy af king zesty vibes,This juice is so tangy.,vibes|king|fr,duplicate_clean_text,duplicate_clean_text
validation.jsonl,343,energy on max fr ⚡ energized king ready to roll 🙏 power vibes,energy on max fr energized king ready to roll power vibes,I'm feeling energized.,vibes|king|fr,duplicate_clean_text,duplicate_clean_text
validation.jsonl,344,she sparkin magic fr 🎨 creative queen got vision 🙏 imagination champ,she sparkin magic fr creative queen got vision imagination champ,She's very creative.,queen|fr,duplicate_clean_text,duplicate_clean_text
validation.jsonl,345,files lookin chaotic fr 📂 gotta sort em king 🙏 digital glow up,files lookin chaotic fr gotta sort em king digital glow up,I need to organize my files.,king|fr,duplicate_clean_text,duplicate_clean_text
validation.jsonl,346,bro solid every time fr 💯 reliable king never flakes 🙏 trust legend,bro solid every time fr reliable king never flakes trust legend,He's really reliable.,king|bro|fr,duplicate_clean_text,duplicate_clean_text
validation.jsonl,347,photo workshop vibes? 📸 lets snap some shots fr king/queen 🙏 visual quest,photo workshop vibes? lets snap some shots fr king queen visual quest,Let's go to a photography workshop.,vibes|queen|king|fr,duplicate_clean_text,duplicate_clean_text
validation.jsonl,348,this smoothie hittin crisp fr 🥤 refreshin af king 🙏 liquid vibes,this smoothie hittin crisp fr refreshin af king liquid vibes,This smoothie is so refreshing.,vibes|king|fr,duplicate_clean_text,duplicate_clean_text
validation.jsonl,349,tryna own my vibe fr 😎 confident king risin up 🙏 self-assured grind,tryna own my vibe fr confident king risin up self-assured grind,I'm trying to be more confident.,vibe|king|fr,duplicate_clean_text,duplicate_clean_text
validation.jsonl,350,she holdin it down fr 🤝 supportive queen got ur back 🙏 ride or die vibes,she holdin it down fr supportive queen got ur back ride or die vibes,She's very supportive.,vibes|queen|fr,duplicate_clean_text,duplicate_clean_text
validation.jsonl,351,earbuds lookin grimy fr 🎶 gotta clean em king 🙏 fresh audio vibes,earbuds lookin grimy fr gotta clean em king fresh audio vibes,I need to clean my earbuds.,vibes|clean|king|fr,duplicate_clean_text,duplicate_clean_text
validation.jsonl,352,bro paintin bangers fr 🎨 artist king got style 🙏 aesthetic legend,bro paintin bangers fr artist king got style aesthetic legend,He's a great artist.,king|bro|fr,duplicate_clean_text,duplicate_clean_text
validation.jsonl,353,writin class vibes? ✍️ lets craft some words fr king/queen 🙏 literary quest,writin class vibes? lets craft some words fr king queen literary quest,Let's go to a writing class.,vibes|queen|king|fr,duplicate_clean_text,duplicate_clean_text
validation.jsonl,354,this wrap hittin deep fr 🌯 savory king vibes 🙏 lunch elite,this wrap hittin deep fr savory king vibes lunch elite,This wrap is so savory.,vibes|king|fr,duplicate_clean_text,duplicate_clean_text
validation.jsonl,355,vibes all chill fr 😌 relaxed king in zen mode 🙏 stress-free vibes,vibes all chill fr relaxed king in zen mode stress-free vibes,I'm feeling relaxed.,vibes|chill|king|fr,duplicate_clean_text,duplicate_clean_text
validation.jsonl,356,she glowin with charm fr ✨ charismatic queen owns it 🙏 vibe queen,she glowin with charm fr charismatic queen owns it vibe queen,She's very charismatic.,queen|vibe|fr,duplicate_clean_text,duplicate_clean_text
validation.jsonl,357,chair creakin loud fr 🪑 gotta fix it king 🙏 sturdy vibes mission,chair creakin loud fr gotta fix it king sturdy vibes mission,I need to fix my chair.,vibes|king|fr,duplicate_clean_text,duplicate_clean_text
validation.jsonl,358,bro sparkin genius fr 🎨 creative king got vision 🙏 imagination god,bro sparkin genius fr creative king got vision imagination god,He's really creative.,king|bro|fr,duplicate_clean_text,duplicate_clean_text
validation.jsonl,359,pottery class vibes? 🏺 lets mold some art fr king/queen 🙏 creative escape,pottery class vibes? lets mold some art fr king queen creative escape,Let's go to a pottery class.,vibes|queen|king|fr,duplicate_clean_text,duplicate_clean_text
validation.jsonl,360,this latte slidin down fr ☕ smooth king vibes 🙏 coffee elite,this latte slidin down fr smooth king vibes coffee elite,This latte is so smooth.,vibes|king|fr,duplicate_clean_text,duplicate_clean_text
validation.jsonl,361,motivation on max fr 💥 motivated king ready to crush 🙏 grind mode on,motivation on max fr motivated king ready to crush grind mode on,I'm feeling motivated.,king|fr,duplicate_clean_text,duplicate_clean_text
validation.jsonl,362,she solid as a rock fr 💯 reliable queen never flakes 🙏 trust champ,she solid as a rock fr reliable queen never flakes trust champ,She's very reliable.,queen|fr,duplicate_clean_text,duplicate_clean_text
validation.jsonl,363,mousepad lookin grimy fr 🖱️ gotta clean it king 🙏 fresh tech vibes,mousepad lookin grimy fr gotta clean it king fresh tech vibes,I need to clean my mousepad.,vibes|clean|king|fr,duplicate_clean_text,duplicate_clean_text
validation.jsonl,364,bro droppin melodies fr 🎶 musician king got soul 🙏 music legend,bro droppin melodies fr musician king got soul music legend,He's a great musician.,king|bro|fr,duplicate_clean_text,duplicate_clean_text
validation.jsonl,365,film fest vibes? 🎬 lets binge cinema fr king/queen 🙏 movie quest,film fest vibes? lets binge cinema fr king queen movie quest,Let's go to a film festival.,vibes|queen|king|fr,duplicate_clean_text,duplicate_clean_text
validation.jsonl,366,this salad snappin fresh fr 🥗 crisp king vibes 🙏 healthy elite,this salad snappin fresh fr crisp king vibes healthy elite,This salad is so crisp.,vibes|king|fr,duplicate_clean_text,duplicate_clean_text
validation.jsonl,367,tryna stay chill fr 😌 patient king waitin calm 🙏 zen grind,tryna stay chill fr patient king waitin calm zen grind,I'm trying to be more patient.,chill|king|fr,duplicate_clean_text,duplicate_clean_text
validation.jsonl,368,she sparkin dreams fr 🔥 inspiring queen lifts souls 🙏 motivation champ,she sparkin dreams fr inspiring queen lifts souls motivation champ,She's very inspiring.,queen|fr,duplicate_clean_text,duplicate_clean_text
validation.jsonl,369,lamp actin shady fr 💡 gotta fix it king 🙏 bright vibes mission,lamp actin shady fr gotta fix it king bright vibes mission,I need to fix my lamp.,vibes|king|fr,duplicate_clean_text,duplicate_clean_text
validation.jsonl,370,bro givin big fr 🎁 generous king got heart 🙏 selfless vibes,bro givin big fr generous king got heart selfless vibes,He's really generous.,vibes|king|bro|fr,duplicate_clean_text,duplicate_clean_text
validation.jsonl,371,book signin vibes? 📚 lets meet authors fr king/queen 🙏 literary quest,book signin vibes? lets meet authors fr king queen literary quest,Let's go to a book signing.,vibes|queen|king|fr,duplicate_clean_text,duplicate_clean_text
validation.jsonl,372,this cookie meltin soft fr 🍪 soft king vibes 🙏 snack heaven,this cookie meltin soft fr soft king vibes snack heaven,This cookie is so soft.,vibes|king|fr,duplicate_clean_text,duplicate_clean_text
validation.jsonl,373,hope hittin strong fr 🌟 hopeful king seein light 🙏 optimism overload,hope hittin strong fr hopeful king seein light optimism overload,I'm feeling hopeful.,king|fr,duplicate_clean_text,duplicate_clean_text
validation.jsonl,374,she feelin all the feels fr 😔 empathetic queen got heart 🙏 emotional champ,she feelin all the feels fr empathetic queen got heart emotional champ,She's very empathetic.,queen|fr,duplicate_clean_text,duplicate_clean_text
validation.jsonl,375,desk lookin like a warzone fr 🖥️ gotta sort it king 🙏 tidy vibes mission,desk lookin like a warzone fr gotta sort it king tidy vibes mission,I need to clean my desk.,vibes|king|fr,duplicate_clean_text,duplicate_clean_text
validation.jsonl,376,bro leadin like a king fr 👑 leader king inspires all 🙏 squad motivator,bro leadin like a king fr leader king inspires all squad motivator,He's a great leader.,king|bro|fr,duplicate_clean_text,duplicate_clean_text
validation.jsonl,377,dance class vibes? 💃 lets move our bodies fr king/queen 🙏 rhythm quest,dance class vibes? lets move our bodies fr king queen rhythm quest,Let's go to a dance class.,vibes|queen|king|fr,duplicate_clean_text,duplicate_clean_text
validation.jsonl,378,this juice zappin my tongue fr 🥤 tangy af king 🙏 zesty vibes,this juice zappin my tongue fr tangy af king zesty vibes,This juice is so tangy.,vibes|king|fr,duplicate_clean_text,duplicate_clean_text
validation.jsonl,379,energy on max fr ⚡ energized king ready to roll 🙏 power vibes,energy on max fr energized king ready to roll power vibes,I'm feeling energized.,vibes|king|fr,duplicate_clean_text,duplicate_clean_text
validation.jsonl,380,she sparkin magic fr 🎨 creative queen got vision 🙏 imagination champ,she sparkin magic fr creative queen got vision imagination champ,She's very creative.,queen|fr,duplicate_clean_text,duplicate_clean_text
validation.jsonl,381,files lookin chaotic fr 📂 gotta sort em king 🙏 digital glow up,files lookin chaotic fr gotta sort em king digital glow up,I need to organize my files.,king|fr,duplicate_clean_text,duplicate_clean_text
validation.jsonl,382,bro solid every time fr 💯 reliable king never flakes 🙏 trust legend,bro solid every time fr reliable king never flakes trust legend,He's really reliable.,king|bro|fr,duplicate_clean_text,duplicate_clean_text
validation.jsonl,383,photo workshop vibes? 📸 lets snap some shots fr king/queen 🙏 visual quest,photo workshop vibes? lets snap some shots fr king queen visual quest,Let's go to a photography workshop.,vibes|queen|king|fr,duplicate_clean_text,duplicate_clean_text
validation.jsonl,384,this smoothie hittin crisp fr 🥤 refreshin af king 🙏 liquid vibes,this smoothie hittin crisp fr refreshin af king liquid vibes,This smoothie is so refreshing.,vibes|king|fr,duplicate_clean_text,duplicate_clean_text
validation.jsonl,385,tryna own my vibe fr 😎 confident king risin up 🙏 self-assured grind,tryna own my vibe fr confident king risin up self-assured grind,I'm trying to be more confident.,vibe|king|fr,duplicate_clean_text,duplicate_clean_text
validation.jsonl,386,she holdin it down fr 🤝 supportive queen got ur back 🙏 ride or die vibes,she holdin it down fr supportive queen got ur back ride or die vibes,She's very supportive.,vibes|queen|fr,duplicate_clean_text,duplicate_clean_text
validation.jsonl,387,earbuds lookin grimy fr 🎶 gotta clean em king 🙏 fresh audio vibes,earbuds lookin grimy fr gotta clean em king fresh audio vibes,I need to clean my earbuds.,vibes|clean|king|fr,duplicate_clean_text,duplicate_clean_text
validation.jsonl,388,bro paintin bangers fr 🎨 artist king got style 🙏 aesthetic legend,bro paintin bangers fr artist king got style aesthetic legend,He's a great artist.,king|bro|fr,duplicate_clean_text,duplicate_clean_text
validation.jsonl,389,writin class vibes? ✍️ lets craft some words fr king/queen 🙏 literary quest,writin class vibes? lets craft some words fr king queen literary quest,Let's go to a writing class.,vibes|queen|king|fr,duplicate_clean_text,duplicate_clean_text
validation.jsonl,390,this wrap hittin deep fr 🌯 savory king vibes 🙏 lunch elite,this wrap hittin deep fr savory king vibes lunch elite,This wrap is so savory.,vibes|king|fr,duplicate_clean_text,duplicate_clean_text
validation.jsonl,391,vibes all chill fr 😌 relaxed king in zen mode 🙏 stress-free vibes,vibes all chill fr relaxed king in zen mode stress-free vibes,I'm feeling relaxed.,vibes|chill|king|fr,duplicate_clean_text,duplicate_clean_text
validation.jsonl,392,she glowin with charm fr ✨ charismatic queen owns it 🙏 vibe queen,she glowin with charm fr charismatic queen owns it vibe queen,She's very charismatic.,queen|vibe|fr,duplicate_clean_text,duplicate_clean_text
validation.jsonl,393,chair creakin loud fr 🪑 gotta fix it king 🙏 sturdy vibes mission,chair creakin loud fr gotta fix it king sturdy vibes mission,I need to fix my chair.,vibes|king|fr,duplicate_clean_text,duplicate_clean_text
validation.jsonl,394,bro sparkin genius fr 🎨 creative king got vision 🙏 imagination god,bro sparkin genius fr creative king got vision imagination god,He's really creative.,king|bro|fr,duplicate_clean_text,duplicate_clean_text
validation.jsonl,395,pottery class vibes? 🏺 lets mold some art fr king/queen 🙏 creative escape,pottery class vibes? lets mold some art fr king queen creative escape,Let's go to a pottery class.,vibes|queen|king|fr,duplicate_clean_text,duplicate_clean_text
validation.jsonl,396,this latte slidin down fr ☕ smooth king vibes 🙏 coffee elite,this latte slidin down fr smooth king vibes coffee elite,This latte is so smooth.,vibes|king|fr,duplicate_clean_text,duplicate_clean_text
validation.jsonl,397,motivation on max fr 💥 motivated king ready to crush 🙏 grind mode on,motivation on max fr motivated king ready to crush grind mode on,I'm feeling motivated.,king|fr,duplicate_clean_text,duplicate_clean_text
validation.jsonl,398,she solid as a rock fr 💯 reliable queen never flakes 🙏 trust champ,she solid as a rock fr reliable queen never flakes trust champ,She's very reliable.,queen|fr,duplicate_clean_text,duplicate_clean_text
validation.jsonl,399,mousepad lookin grimy fr 🖱️ gotta clean it king 🙏 fresh tech vibes,mousepad lookin grimy fr gotta clean it king fresh tech vibes,I need to clean my mousepad.,vibes|clean|king|fr,duplicate_clean_text,duplicate_clean_text
validation.jsonl,400,bro droppin melodies fr 🎶 musician king got soul 🙏 music legend,bro droppin melodies fr musician king got soul music legend,He's a great musician.,king|bro|fr,duplicate_clean_text,duplicate_clean_text
validation.jsonl,401,film fest vibes? 🎬 lets binge cinema fr king/queen 🙏 movie quest,film fest vibes? lets binge cinema fr king queen movie quest,Let's go to a film festival.,vibes|queen|king|fr,duplicate_clean_text,duplicate_clean_text
validation.jsonl,402,this salad snappin fresh fr 🥗 crisp king vibes 🙏 healthy elite,this salad snappin fresh fr crisp king vibes healthy elite,This salad is so crisp.,vibes|king|fr,duplicate_clean_text,duplicate_clean_text
validation.jsonl,403,tryna stay chill fr 😌 patient king waitin calm 🙏 zen grind,tryna stay chill fr patient king waitin calm zen grind,I'm trying to be more patient.,chill|king|fr,duplicate_clean_text,duplicate_clean_text
validation.jsonl,404,she sparkin dreams fr 🔥 inspiring queen lifts souls 🙏 motivation champ,she sparkin dreams fr inspiring queen lifts souls motivation champ,She's very inspiring.,queen|fr,duplicate_clean_text,duplicate_clean_text
validation.jsonl,405,lamp actin shady fr 💡 gotta fix it king 🙏 bright vibes mission,lamp actin shady fr gotta fix it king bright vibes mission,I need to fix my lamp.,vibes|king|fr,duplicate_clean_text,duplicate_clean_text
validation.jsonl,406,bro givin big fr 🎁 generous king got heart 🙏 selfless vibes,bro givin big fr generous king got heart selfless vibes,He's really generous.,vibes|king|bro|fr,duplicate_clean_text,duplicate_clean_text
validation.jsonl,407,book signin vibes? 📚 lets meet authors fr king/queen 🙏 literary quest,book signin vibes? lets meet authors fr king queen literary quest,Let's go to a book signing.,vibes|queen|king|fr,duplicate_clean_text,duplicate_clean_text
validation.jsonl,408,this cookie meltin soft fr 🍪 soft king vibes 🙏 snack heaven,this cookie meltin soft fr soft king vibes snack heaven,This cookie is so soft.,vibes|king|fr,duplicate_clean_text,duplicate_clean_text
validation.jsonl,409,hope hittin strong fr 🌟 hopeful king seein light 🙏 optimism overload,hope hittin strong fr hopeful king seein light optimism overload,I'm feeling hopeful.,king|fr,duplicate_clean_text,duplicate_clean_text
validation.jsonl,410,she feelin all the feels fr 😔 empathetic queen got heart 🙏 emotional champ,she feelin all the feels fr empathetic queen got heart emotional champ,She's very empathetic.,queen|fr,duplicate_clean_text,duplicate_clean_text
validation.jsonl,411,desk lookin like a warzone fr 🖥️ gotta sort it king 🙏 tidy vibes mission,desk lookin like a warzone fr gotta sort it king tidy vibes mission,I need to clean my desk.,vibes|king|fr,duplicate_clean_text,duplicate_clean_text
validation.jsonl,412,bro leadin like a king fr 👑 leader king inspires all 🙏 squad motivator,bro leadin like a king fr leader king inspires all squad motivator,He's a great leader.,king|bro|fr,duplicate_clean_text,duplicate_clean_text
validation.jsonl,413,dance class vibes? 💃 lets move our bodies fr king/queen 🙏 rhythm quest,dance class vibes? lets move our bodies fr king queen rhythm quest,Let's go to a dance class.,vibes|queen|king|fr,duplicate_clean_text,duplicate_clean_text
validation.jsonl,414,this juice zappin my tongue fr 🥤 tangy af king 🙏 zesty vibes,this juice zappin my tongue fr tangy af king zesty vibes,This juice is so tangy.,vibes|king|fr,duplicate_clean_text,duplicate_clean_text
validation.jsonl,415,energy on max fr ⚡ energized king ready to roll 🙏 power vibes,energy on max fr energized king ready to roll power vibes,I'm feeling energized.,vibes|king|fr,duplicate_clean_text,duplicate_clean_text
validation.jsonl,416,she sparkin magic fr 🎨 creative queen got vision 🙏 imagination champ,she sparkin magic fr creative queen got vision imagination champ,She's very creative.,queen|fr,duplicate_clean_text,duplicate_clean_text
validation.jsonl,417,files lookin chaotic fr 📂 gotta sort em king 🙏 digital glow up,files lookin chaotic fr gotta sort em king digital glow up,I need to organize my files.,king|fr,duplicate_clean_text,duplicate_clean_text
validation.jsonl,418,bro solid every time fr 💯 reliable king never flakes 🙏 trust legend,bro solid every time fr reliable king never flakes trust legend,He's really reliable.,king|bro|fr,duplicate_clean_text,duplicate_clean_text
validation.jsonl,419,photo workshop vibes? 📸 lets snap some shots fr king/queen 🙏 visual quest,photo workshop vibes? lets snap some shots fr king queen visual quest,Let's go to a photography workshop.,vibes|queen|king|fr,duplicate_clean_text,duplicate_clean_text
validation.jsonl,420,this smoothie hittin crisp fr 🥤 refreshin af king 🙏 liquid vibes,this smoothie hittin crisp fr refreshin af king liquid vibes,This smoothie is so refreshing.,vibes|king|fr,duplicate_clean_text,duplicate_clean_text
validation.jsonl,421,tryna own my vibe fr 😎 confident king risin up 🙏 self-assured grind,tryna own my vibe fr confident king risin up self-assured grind,I'm trying to be more confident.,vibe|king|fr,duplicate_clean_text,duplicate_clean_text
validation.jsonl,422,she holdin it down fr 🤝 supportive queen got ur back 🙏 ride or die vibes,she holdin it down fr supportive queen got ur back ride or die vibes,She's very supportive.,vibes|queen|fr,duplicate_clean_text,duplicate_clean_text
validation.jsonl,423,earbuds lookin grimy fr 🎶 gotta clean em king 🙏 fresh audio vibes,earbuds lookin grimy fr gotta clean em king fresh audio vibes,I need to clean my earbuds.,vibes|clean|king|fr,duplicate_clean_text,duplicate_clean_text
validation.jsonl,424,bro paintin bangers fr 🎨 artist king got style 🙏 aesthetic legend,bro paintin bangers fr artist king got style aesthetic legend,He's a great artist.,king|bro|fr,duplicate_clean_text,duplicate_clean_text
validation.jsonl,425,writin class vibes? ✍️ lets craft some words fr king/queen 🙏 literary quest,writin class vibes? lets craft some words fr king queen literary quest,Let's go to a writing class.,vibes|queen|king|fr,duplicate_clean_text,duplicate_clean_text
validation.jsonl,426,this wrap hittin deep fr 🌯 savory king vibes 🙏 lunch elite,this wrap hittin deep fr savory king vibes lunch elite,This wrap is so savory.,vibes|king|fr,duplicate_clean_text,duplicate_clean_text
validation.jsonl,427,vibes all chill fr 😌 relaxed king in zen mode 🙏 stress-free vibes,vibes all chill fr relaxed king in zen mode stress-free vibes,I'm feeling relaxed.,vibes|chill|king|fr,duplicate_clean_text,duplicate_clean_text
validation.jsonl,428,she glowin with charm fr ✨ charismatic queen owns it 🙏 vibe queen,she glowin with charm fr charismatic queen owns it vibe queen,She's very charismatic.,queen|vibe|fr,duplicate_clean_text,duplicate_clean_text
validation.jsonl,429,chair creakin loud fr 🪑 gotta fix it king 🙏 sturdy vibes mission,chair creakin loud fr gotta fix it king sturdy vibes mission,I need to fix my chair.,vibes|king|fr,duplicate_clean_text,duplicate_clean_text
validation.jsonl,430,bro sparkin genius fr 🎨 creative king got vision 🙏 imagination god,bro sparkin genius fr creative king got vision imagination god,He's really creative.,king|bro|fr,duplicate_clean_text,duplicate_clean_text
validation.jsonl,431,pottery class vibes? 🏺 lets mold some art fr king/queen 🙏 creative escape,pottery class vibes? lets mold some art fr king queen creative escape,Let's go to a pottery class.,vibes|queen|king|fr,duplicate_clean_text,duplicate_clean_text
validation.jsonl,432,this latte slidin down fr ☕ smooth king vibes 🙏 coffee elite,this latte slidin down fr smooth king vibes coffee elite,This latte is so smooth.,vibes|king|fr,duplicate_clean_text,duplicate_clean_text
validation.jsonl,433,motivation on max fr 💥 motivated king ready to crush 🙏 grind mode on,motivation on max fr motivated king ready to crush grind mode on,I'm feeling motivated.,king|fr,duplicate_clean_text,duplicate_clean_text
validation.jsonl,434,she solid as a rock fr 💯 reliable queen never flakes 🙏 trust champ,she solid as a rock fr reliable queen never flakes trust champ,She's very reliable.,queen|fr,duplicate_clean_text,duplicate_clean_text
validation.jsonl,435,mousepad lookin grimy fr 🖱️ gotta clean it king 🙏 fresh tech vibes,mousepad lookin grimy fr gotta clean it king fresh tech vibes,I need to clean my mousepad.,vibes|clean|king|fr,duplicate_clean_text,duplicate_clean_text
validation.jsonl,436,bro droppin melodies fr 🎶 musician king got soul 🙏 music legend,bro droppin melodies fr musician king got soul music legend,He's a great musician.,king|bro|fr,duplicate_clean_text,duplicate_clean_text
validation.jsonl,437,film fest vibes? 🎬 lets binge cinema fr king/queen 🙏 movie quest,film fest vibes? lets binge cinema fr king queen movie quest,Let's go to a film festival.,vibes|queen|king|fr,duplicate_clean_text,duplicate_clean_text
validation.jsonl,438,this salad snappin fresh fr 🥗 crisp king vibes 🙏 healthy elite,this salad snappin fresh fr crisp king vibes healthy elite,This salad is so crisp.,vibes|king|fr,duplicate_clean_text,duplicate_clean_text
validation.jsonl,439,tryna stay chill fr 😌 patient king waitin calm 🙏 zen grind,tryna stay chill fr patient king waitin calm zen grind,I'm trying to be more patient.,chill|king|fr,duplicate_clean_text,duplicate_clean_text
validation.jsonl,440,she sparkin dreams fr 🔥 inspiring queen lifts souls 🙏 motivation champ,she sparkin dreams fr inspiring queen lifts souls motivation champ,She's very inspiring.,queen|fr,duplicate_clean_text,duplicate_clean_text
validation.jsonl,441,lamp actin shady fr 💡 gotta fix it king 🙏 bright vibes mission,lamp actin shady fr gotta fix it king bright vibes mission,I need to fix my lamp.,vibes|king|fr,duplicate_clean_text,duplicate_clean_text
validation.jsonl,442,bro givin big fr 🎁 generous king got heart 🙏 selfless vibes,bro givin big fr generous king got heart selfless vibes,He's really generous.,vibes|king|bro|fr,duplicate_clean_text,duplicate_clean_text
validation.jsonl,443,book signin vibes? 📚 lets meet authors fr king/queen 🙏 literary quest,book signin vibes? lets meet authors fr king queen literary quest,Let's go to a book signing.,vibes|queen|king|fr,duplicate_clean_text,duplicate_clean_text
validation.jsonl,444,this cookie meltin soft fr 🍪 soft king vibes 🙏 snack heaven,this cookie meltin soft fr soft king vibes snack heaven,This cookie is so soft.,vibes|king|fr,duplicate_clean_text,duplicate_clean_text
validation.jsonl,445,hope hittin strong fr 🌟 hopeful king seein light 🙏 optimism overload,hope hittin strong fr hopeful king seein light optimism overload,I'm feeling hopeful.,king|fr,duplicate_clean_text,duplicate_clean_text
validation.jsonl,446,she feelin all the feels fr 😔 empathetic queen got heart 🙏 emotional champ,she feelin all the feels fr empathetic queen got heart emotional champ,She's very empathetic.,queen|fr,duplicate_clean_text,duplicate_clean_text
validation.jsonl,447,desk lookin like a warzone fr 🖥️ gotta sort it king 🙏 tidy vibes mission,desk lookin like a warzone fr gotta sort it king tidy vibes mission,I need to clean my desk.,vibes|king|fr,duplicate_clean_text,duplicate_clean_text
validation.jsonl,448,bro leadin like a king fr 👑 leader king inspires all 🙏 squad motivator,bro leadin like a king fr leader king inspires all squad motivator,He's a great leader.,king|bro|fr,duplicate_clean_text,duplicate_clean_text
validation.jsonl,449,dance class vibes? 💃 lets move our bodies fr king/queen 🙏 rhythm quest,dance class vibes? lets move our bodies fr king queen rhythm quest,Let's go to a dance class.,vibes|queen|king|fr,duplicate_clean_text,duplicate_clean_text
validation.jsonl,450,this juice zappin my tongue fr 🥤 tangy af king 🙏 zesty vibes,this juice zappin my tongue fr tangy af king zesty vibes,This juice is so tangy.,vibes|king|fr,duplicate_clean_text,duplicate_clean_text
validation.jsonl,451,energy on max fr ⚡ energized king ready to roll 🙏 power vibes,energy on max fr energized king ready to roll power vibes,I'm feeling energized.,vibes|king|fr,duplicate_clean_text,duplicate_clean_text
validation.jsonl,452,she sparkin magic fr 🎨 creative queen got vision 🙏 imagination champ,she sparkin magic fr creative queen got vision imagination champ,She's very creative.,queen|fr,duplicate_clean_text,duplicate_clean_text
validation.jsonl,453,files lookin chaotic fr 📂 gotta sort em king 🙏 digital glow up,files lookin chaotic fr gotta sort em king digital glow up,I need to organize my files.,king|fr,duplicate_clean_text,duplicate_clean_text
validation.jsonl,454,bro solid every time fr 💯 reliable king never flakes 🙏 trust legend,bro solid every time fr reliable king never flakes trust legend,He's really reliable.,king|bro|fr,duplicate_clean_text,duplicate_clean_text
validation.jsonl,455,photo workshop vibes? 📸 lets snap some shots fr king/queen 🙏 visual quest,photo workshop vibes? lets snap some shots fr king queen visual quest,Let's go to a photography workshop.,vibes|queen|king|fr,duplicate_clean_text,duplicate_clean_text
validation.jsonl,456,this smoothie hittin crisp fr 🥤 refreshin af king 🙏 liquid vibes,this smoothie hittin crisp fr refreshin af king liquid vibes,This smoothie is so refreshing.,vibes|king|fr,duplicate_clean_text,duplicate_clean_text
validation.jsonl,457,tryna own my vibe fr 😎 confident king risin up 🙏 self-assured grind,tryna own my vibe fr confident king risin up self-assured grind,I'm trying to be more confident.,vibe|king|fr,duplicate_clean_text,duplicate_clean_text
validation.jsonl,458,she holdin it down fr 🤝 supportive queen got ur back 🙏 ride or die vibes,she holdin it down fr supportive queen got ur back ride or die vibes,She's very supportive.,vibes|queen|fr,duplicate_clean_text,duplicate_clean_text
validation.jsonl,459,earbuds lookin grimy fr 🎶 gotta clean em king 🙏 fresh audio vibes,earbuds lookin grimy fr gotta clean em king fresh audio vibes,I need to clean my earbuds.,vibes|clean|king|fr,duplicate_clean_text,duplicate_clean_text
validation.jsonl,460,bro paintin bangers fr 🎨 artist king got style 🙏 aesthetic legend,bro paintin bangers fr artist king got style aesthetic legend,He's a great artist.,king|bro|fr,duplicate_clean_text,duplicate_clean_text
validation.jsonl,461,writin class vibes? ✍️ lets craft some words fr king/queen 🙏 literary quest,writin class vibes? lets craft some words fr king queen literary quest,Let's go to a writing class.,vibes|queen|king|fr,duplicate_clean_text,duplicate_clean_text
validation.jsonl,462,this wrap hittin deep fr 🌯 savory king vibes 🙏 lunch elite,this wrap hittin deep fr savory king vibes lunch elite,This wrap is so savory.,vibes|king|fr,duplicate_clean_text,duplicate_clean_text
validation.jsonl,463,vibes all chill fr 😌 relaxed king in zen mode 🙏 stress-free vibes,vibes all chill fr relaxed king in zen mode stress-free vibes,I'm feeling relaxed.,vibes|chill|king|fr,duplicate_clean_text,duplicate_clean_text
validation.jsonl,464,she glowin with charm fr ✨ charismatic queen owns it 🙏 vibe queen,she glowin with charm fr charismatic queen owns it vibe queen,She's very charismatic.,queen|vibe|fr,duplicate_clean_text,duplicate_clean_text
validation.jsonl,465,chair creakin loud fr 🪑 gotta fix it king 🙏 sturdy vibes mission,chair creakin loud fr gotta fix it king sturdy vibes mission,I need to fix my chair.,vibes|king|fr,duplicate_clean_text,duplicate_clean_text
validation.jsonl,466,bro sparkin genius fr 🎨 creative king got vision 🙏 imagination god,bro sparkin genius fr creative king got vision imagination god,He's really creative.,king|bro|fr,duplicate_clean_text,duplicate_clean_text
validation.jsonl,467,pottery class vibes? 🏺 lets mold some art fr king/queen 🙏 creative escape,pottery class vibes? lets mold some art fr king queen creative escape,Let's go to a pottery class.,vibes|queen|king|fr,duplicate_clean_text,duplicate_clean_text
validation.jsonl,468,this latte slidin down fr ☕ smooth king vibes 🙏 coffee elite,this latte slidin down fr smooth king vibes coffee elite,This latte is so smooth.,vibes|king|fr,duplicate_clean_text,duplicate_clean_text
validation.jsonl,469,motivation on max fr 💥 motivated king ready to crush 🙏 grind mode on,motivation on max fr motivated king ready to crush grind mode on,I'm feeling motivated.,king|fr,duplicate_clean_text,duplicate_clean_text
validation.jsonl,470,she solid as a rock fr 💯 reliable queen never flakes 🙏 trust champ,she solid as a rock fr reliable queen never flakes trust champ,She's very reliable.,queen|fr,duplicate_clean_text,duplicate_clean_text
validation.jsonl,471,mousepad lookin grimy fr 🖱️ gotta clean it king 🙏 fresh tech vibes,mousepad lookin grimy fr gotta clean it king fresh tech vibes,I need to clean my mousepad.,vibes|clean|king|fr,duplicate_clean_text,duplicate_clean_text
validation.jsonl,472,bro droppin melodies fr 🎶 musician king got soul 🙏 music legend,bro droppin melodies fr musician king got soul music legend,He's a great musician.,king|bro|fr,duplicate_clean_text,duplicate_clean_text
validation.jsonl,473,film fest vibes? 🎬 lets binge cinema fr king/queen 🙏 movie quest,film fest vibes? lets binge cinema fr king queen movie quest,Let's go to a film festival.,vibes|queen|king|fr,duplicate_clean_text,duplicate_clean_text
validation.jsonl,474,this salad snappin fresh fr 🥗 crisp king vibes 🙏 healthy elite,this salad snappin fresh fr crisp king vibes healthy elite,This salad is so crisp.,vibes|king|fr,duplicate_clean_text,duplicate_clean_text
validation.jsonl,475,tryna stay chill fr 😌 patient king waitin calm 🙏 zen grind,tryna stay chill fr patient king waitin calm zen grind,I'm trying to be more patient.,chill|king|fr,duplicate_clean_text,duplicate_clean_text
validation.jsonl,476,she sparkin dreams fr 🔥 inspiring queen lifts souls 🙏 motivation champ,she sparkin dreams fr inspiring queen lifts souls motivation champ,She's very inspiring.,queen|fr,duplicate_clean_text,duplicate_clean_text
validation.jsonl,477,lamp actin shady fr 💡 gotta fix it king 🙏 bright vibes mission,lamp actin shady fr gotta fix it king bright vibes mission,I need to fix my lamp.,vibes|king|fr,duplicate_clean_text,duplicate_clean_text
validation.jsonl,478,bro givin big fr 🎁 generous king got heart 🙏 selfless vibes,bro givin big fr generous king got heart selfless vibes,He's really generous.,vibes|king|bro|fr,duplicate_clean_text,duplicate_clean_text
validation.jsonl,479,book signin vibes? 📚 lets meet authors fr king/queen 🙏 literary quest,book signin vibes? lets meet authors fr king queen literary quest,Let's go to a book signing.,vibes|queen|king|fr,duplicate_clean_text,duplicate_clean_text
validation.jsonl,480,this cookie meltin soft fr 🍪 soft king vibes 🙏 snack heaven,this cookie meltin soft fr soft king vibes snack heaven,This cookie is so soft.,vibes|king|fr,duplicate_clean_text,duplicate_clean_text
validation.jsonl,481,hope hittin strong fr 🌟 hopeful king seein light 🙏 optimism overload,hope hittin strong fr hopeful king seein light optimism overload,I'm feeling hopeful.,king|fr,duplicate_clean_text,duplicate_clean_text
validation.jsonl,482,she feelin all the feels fr 😔 empathetic queen got heart 🙏 emotional champ,she feelin all the feels fr empathetic queen got heart emotional champ,She's very empathetic.,queen|fr,duplicate_clean_text,duplicate_clean_text
validation.jsonl,483,desk lookin like a warzone fr 🖥️ gotta sort it king 🙏 tidy vibes mission,desk lookin like a warzone fr gotta sort it king tidy vibes mission,I need to clean my desk.,vibes|king|fr,duplicate_clean_text,duplicate_clean_text
validation.jsonl,484,bro leadin like a king fr 👑 leader king inspires all 🙏 squad motivator,bro leadin like a king fr leader king inspires all squad motivator,He's a great leader.,king|bro|fr,duplicate_clean_text,duplicate_clean_text
validation.jsonl,485,dance class vibes? 💃 lets move our bodies fr king/queen 🙏 rhythm quest,dance class vibes? lets move our bodies fr king queen rhythm quest,Let's go to a dance class.,vibes|queen|king|fr,duplicate_clean_text,duplicate_clean_text
validation.jsonl,486,this juice zappin my tongue fr 🥤 tangy af king 🙏 zesty vibes,this juice zappin my tongue fr tangy af king zesty vibes,This juice is so tangy.,vibes|king|fr,duplicate_clean_text,duplicate_clean_text
validation.jsonl,487,energy on max fr ⚡ energized king ready to roll 🙏 power vibes,energy on max fr energized king ready to roll power vibes,I'm feeling energized.,vibes|king|fr,duplicate_clean_text,duplicate_clean_text
validation.jsonl,488,she sparkin magic fr 🎨 creative queen got vision 🙏 imagination champ,she sparkin magic fr creative queen got vision imagination champ,She's very creative.,queen|fr,duplicate_clean_text,duplicate_clean_text
validation.jsonl,489,files lookin chaotic fr 📂 gotta sort em king 🙏 digital glow up,files lookin chaotic fr gotta sort em king digital glow up,I need to organize my files.,king|fr,duplicate_clean_text,duplicate_clean_text
validation.jsonl,490,bro solid every time fr 💯 reliable king never flakes 🙏 trust legend,bro solid every time fr reliable king never flakes trust legend,He's really reliable.,king|bro|fr,duplicate_clean_text,duplicate_clean_text
validation.jsonl,491,photo workshop vibes? 📸 lets snap some shots fr king/queen 🙏 visual quest,photo workshop vibes? lets snap some shots fr king queen visual quest,Let's go to a photography workshop.,vibes|queen|king|fr,duplicate_clean_text,duplicate_clean_text
validation.jsonl,492,this smoothie hittin crisp fr 🥤 refreshin af king 🙏 liquid vibes,this smoothie hittin crisp fr refreshin af king liquid vibes,This smoothie is so refreshing.,vibes|king|fr,duplicate_clean_text,duplicate_clean_text
validation.jsonl,493,tryna own my vibe fr 😎 confident king risin up 🙏 self-assured grind,tryna own my vibe fr confident king risin up self-assured grind,I'm trying to be more confident.,vibe|king|fr,duplicate_clean_text,duplicate_clean_text
validation.jsonl,494,she holdin it down fr 🤝 supportive queen got ur back 🙏 ride or die vibes,she holdin it down fr supportive queen got ur back ride or die vibes,She's very supportive.,vibes|queen|fr,duplicate_clean_text,duplicate_clean_text
validation.jsonl,495,earbuds lookin grimy fr 🎶 gotta clean em king 🙏 fresh audio vibes,earbuds lookin grimy fr gotta clean em king fresh audio vibes,I need to clean my earbuds.,vibes|clean|king|fr,duplicate_clean_text,duplicate_clean_text
validation.jsonl,496,bro paintin bangers fr 🎨 artist king got style 🙏 aesthetic legend,bro paintin bangers fr artist king got style aesthetic legend,He's a great artist.,king|bro|fr,duplicate_clean_text,duplicate_clean_text
validation.jsonl,497,writin class vibes? ✍️ lets craft some words fr king/queen 🙏 literary quest,writin class vibes? lets craft some words fr king queen literary quest,Let's go to a writing class.,vibes|queen|king|fr,duplicate_clean_text,duplicate_clean_text
validation.jsonl,498,this wrap hittin deep fr 🌯 savory king vibes 🙏 lunch elite,this wrap hittin deep fr savory king vibes lunch elite,This wrap is so savory.,vibes|king|fr,duplicate_clean_text,duplicate_clean_text
validation.jsonl,499,vibes all chill fr 😌 relaxed king in zen mode 🙏 stress-free vibes,vibes all chill fr relaxed king in zen mode stress-free vibes,I'm feeling relaxed.,vibes|chill|king|fr,duplicate_clean_text,duplicate_clean_text
validation.jsonl,500,she glowin with charm fr ✨ charismatic queen owns it 🙏 vibe queen,she glowin with charm fr charismatic queen owns it vibe queen,She's very charismatic.,queen|vibe|fr,duplicate_clean_text,duplicate_clean_text
validation.jsonl,501,chair creakin loud fr 🪑 gotta fix it king 🙏 sturdy vibes mission,chair creakin loud fr gotta fix it king sturdy vibes mission,I need to fix my chair.,vibes|king|fr,duplicate_clean_text,duplicate_clean_text
validation.jsonl,502,bro sparkin genius fr 🎨 creative king got vision 🙏 imagination god,bro sparkin genius fr creative king got vision imagination god,He's really creative.,king|bro|fr,duplicate_clean_text,duplicate_clean_text
validation.jsonl,503,pottery class vibes? 🏺 lets mold some art fr king/queen 🙏 creative escape,pottery class vibes? lets mold some art fr king queen creative escape,Let's go to a pottery class.,vibes|queen|king|fr,duplicate_clean_text,duplicate_clean_text
