candidate_id,raw_text,clean_text,platform,source,detected_slang_terms,unknown_terms,quality_flags,suggested_action,priority_score
3836,Pod racing,pod racing,twitch,twitch,,racing,missing_slang|short_text|contains_unknown_terms|low_translation_confidence,review_unknown_terms,8
3798,!followage TheUltraCoolCutieBoBo incest,followage theultracoolcutiebobo incest,twitch,twitch,,theultracoolcutiebobo,missing_slang|short_text|contains_unknown_terms|low_translation_confidence,review_unknown_terms,8
2349,Ozzy osborne,ozzy osborne,twitch,twitch,,ozzy,missing_slang|short_text|contains_unknown_terms|low_translation_confidence,review_unknown_terms,8
2348,ozzy osbouirne,ozzy osbouirne,twitch,twitch,,ozzy,missing_slang|short_text|contains_unknown_terms|low_translation_confidence,review_unknown_terms,8
2345,ozzy osbourne,ozzy osbourne,twitch,twitch,,ozzy,missing_slang|short_text|contains_unknown_terms|low_translation_confidence,review_unknown_terms,8
2344,[Trivia] Hint: Ozzy ________,trivia hint ozzy,twitch,twitch,,ozzy,missing_slang|short_text|contains_unknown_terms|low_translation_confidence,review_unknown_terms,8
3761,peepoPISSED SHTREAMER,peepopissed shtreamer,twitch,twitch,,peepopissed,missing_slang|short_text|contains_unknown_terms|low_translation_confidence,review_unknown_terms,8
3759,peepoPISSED love it,peepopissed love it,twitch,twitch,,peepopissed,missing_slang|short_text|contains_unknown_terms|low_translation_confidence,review_unknown_terms,8
3755,!followage TheUltraCoolCutieBoBo xini,followage theultracoolcutiebobo xini,twitch,twitch,,theultracoolcutiebobo,missing_slang|short_text|contains_unknown_terms|low_translation_confidence,review_unknown_terms,8
3748,ikr brian6932 smh...,ikr brian6932 smh,twitch,twitch,,smh,missing_slang|short_text|contains_unknown_terms|low_translation_confidence,review_unknown_terms,8
2439,Rolling Stones sucks,rolling stones sucks,twitch,twitch,,rolling,missing_slang|short_text|contains_unknown_terms|low_translation_confidence,review_unknown_terms,8
3307,"Chatting ""fuck plants""",chatting fuck plants,twitch,twitch,,chatting,missing_slang|short_text|contains_unknown_terms|low_translation_confidence,review_unknown_terms,8
675,@SniperWulf peepoWoof meow,peepowoof meow,twitch,twitch,,peepowoof,missing_slang|short_text|contains_unknown_terms|low_translation_confidence,review_unknown_terms,8
672,@TheUltraCoolCutieBoBo lirikBOOMER,lirikboomer,twitch,twitch,,lirikboomer,missing_slang|short_text|contains_unknown_terms|low_translation_confidence,review_unknown_terms,8
663,BBoomer,bboomer,twitch,twitch,,bboomer,missing_slang|short_text|contains_unknown_terms|low_translation_confidence,review_unknown_terms,8
781,que boss NOOOO,que boss noo,twitch,twitch,,noo,missing_slang|short_text|contains_unknown_terms|low_translation_confidence,review_unknown_terms,8
759,Femboy spotted OhISee,femboy spotted ohisee,twitch,twitch,,spotted,missing_slang|short_text|contains_unknown_terms|low_translation_confidence,review_unknown_terms,8
3243,WICKED nice jazzy,wicked nice jazzy,twitch,twitch,,jazzy|wicked,missing_slang|short_text|contains_unknown_terms|low_translation_confidence,review_unknown_terms,8
3731,Madging,madging,twitch,twitch,,madging,missing_slang|short_text|contains_unknown_terms|low_translation_confidence,review_unknown_terms,8
3711,WAYTOODANK,waytoodank,twitch,twitch,,waytoodank,missing_slang|short_text|contains_unknown_terms|low_translation_confidence,review_unknown_terms,8
3765,peepoPISSED STREAMER,peepopissed streamer,twitch,twitch,,peepopissed,missing_slang|short_text|contains_unknown_terms|low_translation_confidence,review_unknown_terms,8
2248,no gooogle NOPERS,no google nopers,twitch,twitch,,google,missing_slang|short_text|contains_unknown_terms|low_translation_confidence,review_unknown_terms,8
3763,peepoPISSED aaaaaaarrrrrrhhhhhhh,peepopissed aarrhh,twitch,twitch,,aarrhh|peepopissed,missing_slang|short_text|contains_unknown_terms|low_translation_confidence,review_unknown_terms,8
654,NOOOO,noo,twitch,twitch,,noo,missing_slang|short_text|contains_unknown_terms|low_translation_confidence,review_unknown_terms,8
652,Eeya esfandOkaying,eeya esfandokaying,twitch,twitch,,esfandokaying,missing_slang|short_text|contains_unknown_terms|low_translation_confidence,review_unknown_terms,8
615,@TOMIIll doom,doom,twitch,twitch,,doom,missing_slang|short_text|contains_unknown_terms|low_translation_confidence,review_unknown_terms,8
790,LMAOOOO,lmaoo,twitch,twitch,,lmaoo,missing_slang|short_text|contains_unknown_terms|low_translation_confidence,review_unknown_terms,8
3231,DinkDonk streamer pls,dinkdonk streamer pls,twitch,twitch,,pls,missing_slang|short_text|contains_unknown_terms|low_translation_confidence,review_unknown_terms,8
3191,too bad,too bad,twitch,twitch,,too,missing_slang|short_text|contains_unknown_terms|low_translation_confidence,review_unknown_terms,8
885,xoosd koroneBonk,xoosd koronebonk,twitch,twitch,,xoosd,missing_slang|short_text|contains_unknown_terms|low_translation_confidence,review_unknown_terms,8
869,!gamesplayed,gamesplayed,twitch,twitch,,gamesplayed,missing_slang|short_text|contains_unknown_terms|low_translation_confidence,review_unknown_terms,8
861,KoroneWakeUp no sleeping,koronewakeup no sleeping,twitch,twitch,,sleeping,missing_slang|short_text|contains_unknown_terms|low_translation_confidence,review_unknown_terms,8
3180,"Jazzykat, MadgeQuest","jazzykat, madgequest",twitch,twitch,,jazzykat,missing_slang|short_text|contains_unknown_terms|low_translation_confidence,review_unknown_terms,8
628,BBoomer wrangler,bboomer wrangler,twitch,twitch,,bboomer,missing_slang|short_text|contains_unknown_terms|low_translation_confidence,review_unknown_terms,8
625,wrangler02 LMAOOO,wrangler02 lmaoo,twitch,twitch,,lmaoo,missing_slang|short_text|contains_unknown_terms|low_translation_confidence,review_unknown_terms,8
873,sned,sned,twitch,twitch,,sned,missing_slang|short_text|contains_unknown_terms|low_translation_confidence,review_unknown_terms,8
870,"@Krayevsky7, (17-Dec-21): Just Chatting",17-dec-21 just chatting,twitch,twitch,,chatting,missing_slang|short_text|contains_unknown_terms|low_translation_confidence,review_unknown_terms,8
891,weebing webers radiantReee,weebing webers radiantree,twitch,twitch,,weebing,missing_slang|short_text|contains_unknown_terms|low_translation_confidence,review_unknown_terms,8
890,WEEBSDETECTED weebs fault,weebsdetected weebs fault,twitch,twitch,,weebsdetected,missing_slang|short_text|contains_unknown_terms|low_translation_confidence,review_unknown_terms,8
911,What just happened?,what just happened,twitch,twitch,,happened,missing_slang|short_text|contains_unknown_terms|low_translation_confidence,review_unknown_terms,8
2216,I guess sodaSipping,i guess sodasipping,twitch,twitch,,sodasipping,missing_slang|short_text|contains_unknown_terms|low_translation_confidence,review_unknown_terms,8
3680,vulpes lied!,vulpes lied,twitch,twitch,,lied,missing_slang|short_text|contains_unknown_terms|low_translation_confidence,review_unknown_terms,8
2289,poop his pants,poop his pants,twitch,twitch,,poop,missing_slang|short_text|contains_unknown_terms|low_translation_confidence,review_unknown_terms,8
3350,"steve, wingosofdearg, lol.","steve, wingosofdearg, lol",twitch,twitch,,lol,missing_slang|short_text|contains_unknown_terms|low_translation_confidence,review_unknown_terms,8
567,end the suffering,end the suffering,twitch,twitch,,suffering,missing_slang|short_text|contains_unknown_terms|low_translation_confidence,review_unknown_terms,8
909,justTNK BAPPED,justtnk bapped,twitch,twitch,,bapped,missing_slang|short_text|contains_unknown_terms|low_translation_confidence,review_unknown_terms,8
902,weebGiggles too tired,weebgiggles too tired,twitch,twitch,,tired|too,missing_slang|short_text|contains_unknown_terms|low_translation_confidence,review_unknown_terms,8
932,selphyAwoo SnowTime,selphyawoo snowtime,twitch,twitch,,selphyawoo,missing_slang|short_text|contains_unknown_terms|low_translation_confidence,review_unknown_terms,8
938,xoosd wym?,xoosd wym,twitch,twitch,,xoosd,missing_slang|short_text|contains_unknown_terms|low_translation_confidence,review_unknown_terms,8
3158,sounds riveting,sounds riveting,twitch,twitch,,riveting,missing_slang|short_text|contains_unknown_terms|low_translation_confidence,review_unknown_terms,8
947,DNAFlamingo BAPPED,dnaflamingo bapped,twitch,twitch,,bapped,missing_slang|short_text|contains_unknown_terms|low_translation_confidence,review_unknown_terms,8
2227,Smadging,smadging,twitch,twitch,,smadging,missing_slang|short_text|contains_unknown_terms|low_translation_confidence,review_unknown_terms,8
2157,Eleanor Roosevelt,eleanor roosevelt,twitch,twitch,,roosevelt,missing_slang|short_text|contains_unknown_terms|low_translation_confidence,review_unknown_terms,8
2256,hooded cradle,hooded cradle,twitch,twitch,,hooded,missing_slang|short_text|contains_unknown_terms|low_translation_confidence,review_unknown_terms,8
557,tomorrow meaning today,tomorrow meaning today,twitch,twitch,,meaning,missing_slang|short_text|contains_unknown_terms|low_translation_confidence,review_unknown_terms,8
578,@Novacht SODAING,sodaing,twitch,twitch,,sodaing,missing_slang|short_text|contains_unknown_terms|low_translation_confidence,review_unknown_terms,8
3115,streamerrrrrrrr,streamerr,twitch,twitch,,streamerr,missing_slang|short_text|contains_unknown_terms|low_translation_confidence,review_unknown_terms,8
1012,@dragonicdrago SODAING WEEBSDETECTED,sodaing weebsdetected,twitch,twitch,,sodaing|weebsdetected,missing_slang|short_text|contains_unknown_terms|low_translation_confidence,review_unknown_terms,8
1010,@TOMIIll Smadging drue,smadging drue,twitch,twitch,,smadging,missing_slang|short_text|contains_unknown_terms|low_translation_confidence,review_unknown_terms,8
967,sadgeiGoop,sadgeigoop,twitch,twitch,,sadgeigoop,missing_slang|short_text|contains_unknown_terms|low_translation_confidence,review_unknown_terms,8
3395,peepoPISSED,peepopissed,twitch,twitch,,peepopissed,missing_slang|short_text|contains_unknown_terms|low_translation_confidence,review_unknown_terms,8
1025,GoodMorning,goodmorning,twitch,twitch,,goodmorning,missing_slang|short_text|contains_unknown_terms|low_translation_confidence,review_unknown_terms,8
1018,goog song weebNod,goog song weebnod,twitch,twitch,,goog,missing_slang|short_text|contains_unknown_terms|low_translation_confidence,review_unknown_terms,8
504,i am devastated,i am devastated,twitch,twitch,,devastated,missing_slang|short_text|contains_unknown_terms|low_translation_confidence,review_unknown_terms,8
1074,selphyTired more,selphytired more,twitch,twitch,,selphytired,missing_slang|short_text|contains_unknown_terms|low_translation_confidence,review_unknown_terms,8
1070,veiF summon failed,veif summon failed,twitch,twitch,,failed,missing_slang|short_text|contains_unknown_terms|low_translation_confidence,review_unknown_terms,8
1092,⚙ squchaSweat patting vIsSx,squchasweat patting vissx,twitch,twitch,,patting,missing_slang|short_text|contains_unknown_terms|low_translation_confidence,review_unknown_terms,8
3087,puppy training,puppy training,twitch,twitch,,training,missing_slang|short_text|contains_unknown_terms|low_translation_confidence,review_unknown_terms,8
3086,[Trivia] Dog school,trivia dog school,twitch,twitch,,school,missing_slang|short_text|contains_unknown_terms|low_translation_confidence,review_unknown_terms,8
1038,TheUltraCoolCutieBoBo forsenHug,theultracoolcutiebobo forsenhug,twitch,twitch,,theultracoolcutiebobo,missing_slang|short_text|contains_unknown_terms|low_translation_confidence,review_unknown_terms,8
2175,gathering,gathering,twitch,twitch,,gathering,missing_slang|short_text|contains_unknown_terms|low_translation_confidence,review_unknown_terms,8
2137,carboon,carboon,twitch,twitch,,carboon,missing_slang|short_text|contains_unknown_terms|low_translation_confidence,review_unknown_terms,8
3632,streamer pls sodaCry,streamer pls sodacry,twitch,twitch,,pls,missing_slang|short_text|contains_unknown_terms|low_translation_confidence,review_unknown_terms,8
2106,blood,blood,twitch,twitch,,blood,missing_slang|short_text|contains_unknown_terms|low_translation_confidence,review_unknown_terms,8
2477,jared,jared,twitch,twitch,,jared,missing_slang|short_text|contains_unknown_terms|low_translation_confidence,review_unknown_terms,8
3400,CHEER razzy CHEER,cheer razzy cheer,twitch,twitch,,razzy,missing_slang|short_text|contains_unknown_terms|low_translation_confidence,review_unknown_terms,8
1083,missed a few,missed a few,twitch,twitch,,missed,missing_slang|short_text|contains_unknown_terms|low_translation_confidence,review_unknown_terms,8
1081,cantaWorry,cantaworry,twitch,twitch,,cantaworry,missing_slang|short_text|contains_unknown_terms|low_translation_confidence,review_unknown_terms,8
1182,selphyWriting,selphywriting,twitch,twitch,,selphywriting,missing_slang|short_text|contains_unknown_terms|low_translation_confidence,review_unknown_terms,8
508,ChillyHTX BAPPED,chillyhtx bapped,twitch,twitch,,bapped,missing_slang|short_text|contains_unknown_terms|low_translation_confidence,review_unknown_terms,8
1149,bepGood Chillyweb,bepgood chillyweb,twitch,twitch,,bepgood,missing_slang|short_text|contains_unknown_terms|low_translation_confidence,review_unknown_terms,8
1173,🌕 kaiouraEep kaiouraTail AWOOOOOOOOOOOO~,kaiouraeep kaiouratail awoo,twitch,twitch,,awoo,missing_slang|short_text|contains_unknown_terms|low_translation_confidence,review_unknown_terms,8
1129,stop eeping radiantReee,stop eeping radiantree,twitch,twitch,,eeping,missing_slang|short_text|contains_unknown_terms|low_translation_confidence,review_unknown_terms,8
3049,jazzy vulpes3Pat,jazzy vulpes3pat,twitch,twitch,,jazzy,missing_slang|short_text|contains_unknown_terms|low_translation_confidence,review_unknown_terms,8
3046,good luck jazzy,good luck jazzy,twitch,twitch,,jazzy,missing_slang|short_text|contains_unknown_terms|low_translation_confidence,review_unknown_terms,8
2545,i cheated forsenCD,i cheated forsencd,twitch,twitch,,cheated,missing_slang|short_text|contains_unknown_terms|low_translation_confidence,review_unknown_terms,8
2542,ted kacynski,ted kacynski,twitch,twitch,,ted,missing_slang|short_text|contains_unknown_terms|low_translation_confidence,review_unknown_terms,8
2023,pepeBASS I'm palpitating,pepebass i'm palpitating,twitch,twitch,,palpitating,missing_slang|short_text|contains_unknown_terms|low_translation_confidence,review_unknown_terms,8
476,Stop saying donde,stop saying donde,twitch,twitch,,saying,missing_slang|short_text|contains_unknown_terms|low_translation_confidence,review_unknown_terms,8
1197,SMH,smh,twitch,twitch,,smh,missing_slang|short_text|contains_unknown_terms|low_translation_confidence,review_unknown_terms,8
1174,Awoo,awoo,twitch,twitch,,awoo,missing_slang|short_text|contains_unknown_terms|low_translation_confidence,review_unknown_terms,8
3035,that too,that too,twitch,twitch,,too,missing_slang|short_text|contains_unknown_terms|low_translation_confidence,review_unknown_terms,8
1162,wulfer BAPPED,wulfer bapped,twitch,twitch,,bapped,missing_slang|short_text|contains_unknown_terms|low_translation_confidence,review_unknown_terms,8
1161,bepGood *,bepgood,twitch,twitch,,bepgood,missing_slang|short_text|contains_unknown_terms|low_translation_confidence,review_unknown_terms,8
1159,SeemsGood,seemsgood,twitch,twitch,,seemsgood,missing_slang|short_text|contains_unknown_terms|low_translation_confidence,review_unknown_terms,8
481,boboboobob bongoTap,boboboobob bongotap,twitch,twitch,,boboboobob,missing_slang|short_text|contains_unknown_terms|low_translation_confidence,review_unknown_terms,8
3007,Jazzy what class?,jazzy what class,twitch,twitch,,jazzy,missing_slang|short_text|contains_unknown_terms|low_translation_confidence,review_unknown_terms,8
1260,monkaHeliWatchesWidePeepoHappySmokesWhileRunningOverCivilansOfChicagoAndFatDankPeepoIsAlsoThereToo,monkaheliwatcheswidepeepohappysmokeswhilerunningovercivilansofchicagoandfatdankpeepoisalsotheretoo,twitch,twitch,,monkaheliwatcheswidepeepohappysmokeswhilerunningovercivilansofchicagoandfatdankpeepoisalsotheretoo,missing_slang|short_text|contains_unknown_terms|low_translation_confidence,review_unknown_terms,8
1256,"Chatting ""!discord""",chatting !discord,twitch,twitch,,chatting,missing_slang|short_text|contains_unknown_terms|low_translation_confidence,review_unknown_terms,8
1330,bobo everything TASTY,bobo everything tasty,twitch,twitch,,everything,missing_slang|short_text|contains_unknown_terms|low_translation_confidence,review_unknown_terms,8
159,"Crtka, robbed","crtka, robbed",twitch,twitch,,robbed,missing_slang|short_text|contains_unknown_terms|low_translation_confidence,review_unknown_terms,8
1987,Smadging google,smadging google,twitch,twitch,,google|smadging,missing_slang|short_text|contains_unknown_terms|low_translation_confidence,review_unknown_terms,8
1317,!followage TheUltraCoolCutieBoBo meow,followage theultracoolcutiebobo meow,twitch,twitch,,theultracoolcutiebobo,missing_slang|short_text|contains_unknown_terms|low_translation_confidence,review_unknown_terms,8
2978,yogi berra,yogi berra,twitch,twitch,,berra,missing_slang|short_text|contains_unknown_terms|low_translation_confidence,review_unknown_terms,8
2974,berra,berra,twitch,twitch,,berra,missing_slang|short_text|contains_unknown_terms|low_translation_confidence,review_unknown_terms,8
2972,"@crashfort, Stop shrugging PunOko",stop shrugging punoko,twitch,twitch,,shrugging,missing_slang|short_text|contains_unknown_terms|low_translation_confidence,review_unknown_terms,8
1254,Chatting,chatting,twitch,twitch,,chatting,missing_slang|short_text|contains_unknown_terms|low_translation_confidence,review_unknown_terms,8
2985,gaming,gaming,twitch,twitch,,gaming,missing_slang|short_text|contains_unknown_terms|low_translation_confidence,review_unknown_terms,8
412,crumpTalking,crumptalking,twitch,twitch,,crumptalking,missing_slang|short_text|contains_unknown_terms|low_translation_confidence,review_unknown_terms,8
1321,sodaPeeking,sodapeeking,twitch,twitch,,sodapeeking,missing_slang|short_text|contains_unknown_terms|low_translation_confidence,review_unknown_terms,8
1349,larry b,larry b,twitch,twitch,,larry,missing_slang|short_text|contains_unknown_terms|low_translation_confidence,review_unknown_terms,8
1348,larry byrd,larry byrd,twitch,twitch,,larry,missing_slang|short_text|contains_unknown_terms|low_translation_confidence,review_unknown_terms,8
1346,larry a,larry a,twitch,twitch,,larry,missing_slang|short_text|contains_unknown_terms|low_translation_confidence,review_unknown_terms,8
1344,[Trivia] Hint: Larry _______,trivia hint larry,twitch,twitch,,larry,missing_slang|short_text|contains_unknown_terms|low_translation_confidence,review_unknown_terms,8
1343,terry,terry,twitch,twitch,,terry,missing_slang|short_text|contains_unknown_terms|low_translation_confidence,review_unknown_terms,8
2946,doofg,doofg,twitch,twitch,,doofg,missing_slang|short_text|contains_unknown_terms|low_translation_confidence,review_unknown_terms,8
2942,probably hibernating NODDERS,probably hibernating nodders,twitch,twitch,,hibernating,missing_slang|short_text|contains_unknown_terms|low_translation_confidence,review_unknown_terms,8
1930,"@ledroy, xqcSus AYYYOOOO?",xqcsus ayyoo,twitch,twitch,,ayyoo,missing_slang|short_text|contains_unknown_terms|low_translation_confidence,review_unknown_terms,8
3605,@crashfort sodaBOOP,sodaboop,twitch,twitch,,sodaboop,missing_slang|short_text|contains_unknown_terms|low_translation_confidence,review_unknown_terms,8
2601,DonkPls,donkpls,twitch,twitch,,donkpls,missing_slang|short_text|contains_unknown_terms|low_translation_confidence,review_unknown_terms,8
1921,SODAING 👌 CASHMERE,sodaing cashmere,twitch,twitch,,sodaing,missing_slang|short_text|contains_unknown_terms|low_translation_confidence,review_unknown_terms,8
3436,ppPoof,ppoof,twitch,twitch,,ppoof,missing_slang|short_text|contains_unknown_terms|low_translation_confidence,review_unknown_terms,8
394,!randomping,randomping,twitch,twitch,,randomping,missing_slang|short_text|contains_unknown_terms|low_translation_confidence,review_unknown_terms,8
1334,hogings rolled 15,hogings rolled 15,twitch,twitch,,rolled,missing_slang|short_text|contains_unknown_terms|low_translation_confidence,review_unknown_terms,8
2931,pokiWaiting,pokiwaiting,twitch,twitch,,pokiwaiting,missing_slang|short_text|contains_unknown_terms|low_translation_confidence,review_unknown_terms,8
1392,!followage TheUltraCoolCutieBoBo johnnycash,followage theultracoolcutiebobo johnnycash,twitch,twitch,,theultracoolcutiebobo,missing_slang|short_text|contains_unknown_terms|low_translation_confidence,review_unknown_terms,8
1360,larry g,larry g,twitch,twitch,,larry,missing_slang|short_text|contains_unknown_terms|low_translation_confidence,review_unknown_terms,8
415,PepegaPls,pepegapls,twitch,twitch,,pepegapls,missing_slang|short_text|contains_unknown_terms|low_translation_confidence,review_unknown_terms,8
1359,Larry Johnson,larry johnson,twitch,twitch,,larry,missing_slang|short_text|contains_unknown_terms|low_translation_confidence,review_unknown_terms,8
1357,larry f,larry f,twitch,twitch,,larry,missing_slang|short_text|contains_unknown_terms|low_translation_confidence,review_unknown_terms,8
1355,larry e,larry e,twitch,twitch,,larry,missing_slang|short_text|contains_unknown_terms|low_translation_confidence,review_unknown_terms,8
1353,larry  d,larry d,twitch,twitch,,larry,missing_slang|short_text|contains_unknown_terms|low_translation_confidence,review_unknown_terms,8
1351,larry c,larry c,twitch,twitch,,larry,missing_slang|short_text|contains_unknown_terms|low_translation_confidence,review_unknown_terms,8
170,Strawberries,strawberries,twitch,twitch,,strawberries,missing_slang|short_text|contains_unknown_terms|low_translation_confidence,review_unknown_terms,8
3589,big boned sodaFat,big boned sodafat,twitch,twitch,,boned,missing_slang|short_text|contains_unknown_terms|low_translation_confidence,review_unknown_terms,8
196,franklin delanore roosevelt,franklin delanore roosevelt,twitch,twitch,,roosevelt,missing_slang|short_text|contains_unknown_terms|low_translation_confidence,review_unknown_terms,8
195,thats hecking bayzed,thats hecking bayzed,twitch,twitch,,bayzed|hecking,missing_slang|short_text|contains_unknown_terms|low_translation_confidence,review_unknown_terms,8
1924,pepeD,peped,twitch,twitch,,peped,missing_slang|short_text|contains_unknown_terms|low_translation_confidence,review_unknown_terms,8
1382,ping pong ball,ping pong ball,twitch,twitch,,ping,missing_slang|short_text|contains_unknown_terms|low_translation_confidence,review_unknown_terms,8
1375,NA answers SMH,na answers smh,twitch,twitch,,smh,missing_slang|short_text|contains_unknown_terms|low_translation_confidence,review_unknown_terms,8
1374,DinkDonk ding dong,dinkdonk ding dong,twitch,twitch,,ding,missing_slang|short_text|contains_unknown_terms|low_translation_confidence,review_unknown_terms,8
1373,Bing Bong,bing bong,twitch,twitch,,bing,missing_slang|short_text|contains_unknown_terms|low_translation_confidence,review_unknown_terms,8
1370,ping pong,ping pong,twitch,twitch,,ping,missing_slang|short_text|contains_unknown_terms|low_translation_confidence,review_unknown_terms,8
1367,na questions smh,na questions smh,twitch,twitch,,smh,missing_slang|short_text|contains_unknown_terms|low_translation_confidence,review_unknown_terms,8
362,vulpes3Bored,vulpes3bored,twitch,twitch,,vulpes3bored,missing_slang|short_text|contains_unknown_terms|low_translation_confidence,review_unknown_terms,8
209,lol,lol,twitch,twitch,,lol,missing_slang|short_text|contains_unknown_terms|low_translation_confidence,review_unknown_terms,8
171,alzexx pattiiPAT,alzexx pattiipat,twitch,twitch,,alzexx,missing_slang|short_text|contains_unknown_terms|low_translation_confidence,review_unknown_terms,8
384,booo,boo,twitch,twitch,,boo,missing_slang|short_text|contains_unknown_terms|low_translation_confidence,review_unknown_terms,8
379,cool,cool,twitch,twitch,,cool,missing_slang|short_text|contains_unknown_terms|low_translation_confidence,review_unknown_terms,8
2883,SourPls SoSnowy,sourpls sosnowy,twitch,twitch,,sourpls,missing_slang|short_text|contains_unknown_terms|low_translation_confidence,review_unknown_terms,8
2901,scamazzzz,scamazz,twitch,twitch,,scamazz,missing_slang|short_text|contains_unknown_terms|low_translation_confidence,review_unknown_terms,8
3485,TRUEING,trueing,twitch,twitch,,trueing,missing_slang|short_text|contains_unknown_terms|low_translation_confidence,review_unknown_terms,8
1518,BOOBA OH MY,booba oh my,twitch,twitch,,booba,missing_slang|short_text|contains_unknown_terms|low_translation_confidence,review_unknown_terms,8
2858,pokiBased TeaTime,pokibased teatime,twitch,twitch,,pokibased,missing_slang|short_text|contains_unknown_terms|low_translation_confidence,review_unknown_terms,8
2857,teatime removed happythoShrug,teatime removed happythoshrug,twitch,twitch,,removed,missing_slang|short_text|contains_unknown_terms|low_translation_confidence,review_unknown_terms,8
1468,nmpThinking,nmpthinking,twitch,twitch,,nmpthinking,missing_slang|short_text|contains_unknown_terms|low_translation_confidence,review_unknown_terms,8
1596,interesting Hmm,interesting hmm,twitch,twitch,,interesting,missing_slang|short_text|contains_unknown_terms|low_translation_confidence,review_unknown_terms,8
2828,setting,setting,twitch,twitch,,setting,missing_slang|short_text|contains_unknown_terms|low_translation_confidence,review_unknown_terms,8
2825,testing,testing,twitch,twitch,,testing,missing_slang|short_text|contains_unknown_terms|low_translation_confidence,review_unknown_terms,8
2824,teswting,teswting,twitch,twitch,,teswting,missing_slang|short_text|contains_unknown_terms|low_translation_confidence,review_unknown_terms,8
2822,tasting,tasting,twitch,twitch,,tasting,missing_slang|short_text|contains_unknown_terms|low_translation_confidence,review_unknown_terms,8
1533,!scan @DepressedJew /^!randomping/i,scan !randomping i,twitch,twitch,,randomping,missing_slang|short_text|contains_unknown_terms|low_translation_confidence,review_unknown_terms,8
1526,!randomping DinkDonk,randomping dinkdonk,twitch,twitch,,randomping,missing_slang|short_text|contains_unknown_terms|low_translation_confidence,review_unknown_terms,8
1548,AYOO,ayoo,twitch,twitch,,ayoo,missing_slang|short_text|contains_unknown_terms|low_translation_confidence,review_unknown_terms,8
1847,!randomping TANTRUM,randomping tantrum,twitch,twitch,,randomping,missing_slang|short_text|contains_unknown_terms|low_translation_confidence,review_unknown_terms,8
200,stop batchesting me,stop batchesting me,twitch,twitch,,batchesting,missing_slang|short_text|contains_unknown_terms|low_translation_confidence,review_unknown_terms,8
199,roosevelt,roosevelt,twitch,twitch,,roosevelt,missing_slang|short_text|contains_unknown_terms|low_translation_confidence,review_unknown_terms,8
224,BAPPED,bapped,twitch,twitch,,bapped,missing_slang|short_text|contains_unknown_terms|low_translation_confidence,review_unknown_terms,8
191,im guessing not,im guessing not,twitch,twitch,,guessing,missing_slang|short_text|contains_unknown_terms|low_translation_confidence,review_unknown_terms,8
1830,sodaArrive,sodaarrive,twitch,twitch,,sodaarrive,missing_slang|short_text|contains_unknown_terms|low_translation_confidence,review_unknown_terms,8
1909,!rq moonmoon,rq moonmoon,twitch,twitch,,moonmoon,missing_slang|short_text|contains_unknown_terms|low_translation_confidence,review_unknown_terms,8
1632,oooh,ooh,twitch,twitch,,ooh,missing_slang|short_text|contains_unknown_terms|low_translation_confidence,review_unknown_terms,8
3497,versioning,versioning,twitch,twitch,,versioning,missing_slang|short_text|contains_unknown_terms|low_translation_confidence,review_unknown_terms,8
2815,red,red,twitch,twitch,,red,missing_slang|short_text|contains_unknown_terms|low_translation_confidence,review_unknown_terms,8
2811,pokiBased,pokibased,twitch,twitch,,pokibased,missing_slang|short_text|contains_unknown_terms|low_translation_confidence,review_unknown_terms,8
1657,snoopy ppL,snoopy ppl,twitch,twitch,,snoopy,missing_slang|short_text|contains_unknown_terms|low_translation_confidence,review_unknown_terms,8
322,three stooges,three stooges,twitch,twitch,,stooges,missing_slang|short_text|contains_unknown_terms|low_translation_confidence,review_unknown_terms,8
1645,YOOO,yoo,twitch,twitch,,yoo,missing_slang|short_text|contains_unknown_terms|low_translation_confidence,review_unknown_terms,8
1699,oops DankChat,oops dankchat,twitch,twitch,,oops,missing_slang|short_text|contains_unknown_terms|low_translation_confidence,review_unknown_terms,8
2669,oh lol,oh lol,twitch,twitch,,lol,missing_slang|short_text|contains_unknown_terms|low_translation_confidence,review_unknown_terms,8
2665,oh sorry,oh sorry,twitch,twitch,,sorry,missing_slang|short_text|contains_unknown_terms|low_translation_confidence,review_unknown_terms,8
1820,Fishing fishing?,fishing fishing,twitch,twitch,,fishing,missing_slang|short_text|contains_unknown_terms|low_translation_confidence,review_unknown_terms,8
2686,WICKED,wicked,twitch,twitch,,wicked,missing_slang|short_text|contains_unknown_terms|low_translation_confidence,review_unknown_terms,8
2680,Poweerr gloves,poweerr gloves,twitch,twitch,,poweerr,missing_slang|short_text|contains_unknown_terms|low_translation_confidence,review_unknown_terms,8
1697,talking*,talking,twitch,twitch,,talking,missing_slang|short_text|contains_unknown_terms|low_translation_confidence,review_unknown_terms,8
2773,GroupMeeting,groupmeeting,twitch,twitch,,groupmeeting,missing_slang|short_text|contains_unknown_terms|low_translation_confidence,review_unknown_terms,8
1670,pics ? xqcMood,pics ? xqcmood,twitch,twitch,,xqcmood,missing_slang|short_text|contains_unknown_terms|low_translation_confidence,review_unknown_terms,8
1638,peepoArrive,peepoarrive,twitch,twitch,,peepoarrive,missing_slang|short_text|contains_unknown_terms|low_translation_confidence,review_unknown_terms,8
1719,razzy Woah,razzy woah,twitch,twitch,,razzy,missing_slang|short_text|contains_unknown_terms|low_translation_confidence,review_unknown_terms,8
1695,sodaArrive  hey chat,sodaarrive hey chat,twitch,twitch,,sodaarrive,missing_slang|short_text|contains_unknown_terms|low_translation_confidence,review_unknown_terms,8
1694,RAZZY!!!!!! peepoHappyCowboy aeriyLove,razzy. peepohappycowboy aeriylove,twitch,twitch,,razzy,missing_slang|short_text|contains_unknown_terms|low_translation_confidence,review_unknown_terms,8
1710,you're fucking loser,you're fucking loser,twitch,twitch,,fucking,missing_slang|short_text|contains_unknown_terms|low_translation_confidence,review_unknown_terms,8
2755,NO Smadging,no smadging,twitch,twitch,,smadging,missing_slang|short_text|contains_unknown_terms|low_translation_confidence,review_unknown_terms,8
2739,soda stop fapping,soda stop fapping,twitch,twitch,,fapping,missing_slang|short_text|contains_unknown_terms|low_translation_confidence,review_unknown_terms,8
258,esfandPls,esfandpls,twitch,twitch,,esfandpls,missing_slang|short_text|contains_unknown_terms|low_translation_confidence,review_unknown_terms,8
247,alzexx squchaHug,alzexx squchahug,twitch,twitch,,alzexx,missing_slang|short_text|contains_unknown_terms|low_translation_confidence,review_unknown_terms,8
246,DNAFlamingo yamatosAloo allo,dnaflamingo yamatosaloo allo,twitch,twitch,,yamatosaloo,missing_slang|short_text|contains_unknown_terms|low_translation_confidence,review_unknown_terms,8
3297,Jazzy D:,jazzy d,twitch,twitch,,jazzy,missing_slang|short_text|contains_unknown_terms|low_translation_confidence,review_unknown_terms,8
3287,happythoBoop happy subs,happythoboop happy subs,twitch,twitch,,happythoboop,missing_slang|short_text|contains_unknown_terms|low_translation_confidence,review_unknown_terms,8
727,Moon mod OhISee,moon mod ohisee,twitch,twitch,,moon,missing_slang|short_text|contains_unknown_terms|low_translation_confidence,review_unknown_terms,8
738,WEEBSDETECTED,weebsdetected,twitch,twitch,,weebsdetected,missing_slang|short_text|contains_unknown_terms|low_translation_confidence,review_unknown_terms,8
662,crreamOld,crreamold,twitch,twitch,,crreamold,missing_slang|short_text|contains_unknown_terms|low_translation_confidence,review_unknown_terms,8
2385,fucking typo,fucking typo,twitch,twitch,,fucking,missing_slang|short_text|contains_unknown_terms|low_translation_confidence,review_unknown_terms,8
2397,moon,moon,twitch,twitch,,moon,missing_slang|short_text|contains_unknown_terms|low_translation_confidence,review_unknown_terms,8
2416,jk rowling,jk rowling,twitch,twitch,,rowling,missing_slang|short_text|contains_unknown_terms|low_translation_confidence,review_unknown_terms,8
3241,WICKED you did a thing,wicked you did a thing,twitch,twitch,,wicked,missing_slang|contains_unknown_terms|low_translation_confidence,review_unknown_terms,7
2381,"[Trivia] According to forklore, what legendary creature creates no reflection in a mirror?","trivia according to forklore, what legendary creature creates no reflection in a mirror",twitch,twitch,,according|mirror,missing_slang|contains_unknown_terms|low_translation_confidence,review_unknown_terms,7
3801,"[Trivia] On the human body, the intercostal muscles are located where?","trivia on the human body, the intercostal muscles are located where",twitch,twitch,,located,missing_slang|contains_unknown_terms|low_translation_confidence,review_unknown_terms,7
36,"Until Ja started yappin' in magazines how we stabbed him Fuck it 50 smash 'em, mash 'em and let him have it","until ja started yappin' in magazines how we stabbed him fuck it 50 smash 'em, mash 'em and let him have it",urban_dictionary,local_urban_dictionary_api,,stabbed,missing_slang|contains_unknown_terms|low_translation_confidence,review_unknown_terms,7
2450,"[Trivia] After witnessing the death of her double, a hustler is drawn into a clone-spiracy on this drama","trivia after witnessing the death of her double, a hustler is drawn into a clone-spiracy on this drama",twitch,twitch,,witnessing,missing_slang|contains_unknown_terms|low_translation_confidence,review_unknown_terms,7
2306,"[Trivia] What is the name of the K-Pop group formed through the reality show ""Sixteen""?",trivia what is the name of the k-pop group formed through the reality show sixteen,twitch,twitch,,formed,missing_slang|contains_unknown_terms|low_translation_confidence,review_unknown_terms,7
2302,kevinrez15 licks the feet of irisdotmov peepoFeet 1657 feet have been licked.,kevinrez15 licks the feet of irisdotmov peepofeet 1657 feet have been licked,twitch,twitch,,licked,missing_slang|contains_unknown_terms|low_translation_confidence,review_unknown_terms,7
2292,sodaLOSE walking at 15 months,sodalose walking at 15 months,twitch,twitch,,walking,missing_slang|contains_unknown_terms|low_translation_confidence,review_unknown_terms,7
2291,[Trivia] An elephant’s tusks correspond to what type of teeth on a human?,trivia an elephant s tusks correspond to what type of teeth on a human,twitch,twitch,,correspond,missing_slang|contains_unknown_terms|low_translation_confidence,review_unknown_terms,7
3278,TANTRUM even fricking empirrre is playing eft,tantrum even fricking empirre is playing eft,twitch,twitch,,empirre|fricking,missing_slang|contains_unknown_terms|low_translation_confidence,review_unknown_terms,7
820,im streaming in discord,im streaming in discord,twitch,twitch,,streaming,missing_slang|contains_unknown_terms|low_translation_confidence,review_unknown_terms,7
3315,@UltraSynapticSeizureNinja At least you're not eating 711 hotdogs like this guy @kjones086,at least you're not eating 711 hotdogs like this guy,twitch,twitch,,eating,missing_slang|contains_unknown_terms|low_translation_confidence,review_unknown_terms,7
3311,"Jazzykat, no I meant plant tutorial not that you are retarded","jazzykat, no i meant plant tutorial not that you are retarded",twitch,twitch,,jazzykat|retarded,missing_slang|contains_unknown_terms|low_translation_confidence,review_unknown_terms,7
3302,even tho i wanted to learn sodaSadCat,even tho i wanted to learn sodasadcat,twitch,twitch,,wanted,missing_slang|contains_unknown_terms|low_translation_confidence,review_unknown_terms,7
677,ACTION xoosd rolls 68 (1-100),action xoosd rolls 68 1-100,twitch,twitch,,xoosd,missing_slang|contains_unknown_terms|low_translation_confidence,review_unknown_terms,7
3251,"oh i mustve missed that then, last i heard it was nick that had filled the garage happythoShrug","oh i mustve missed that then, last i heard it was nick that had filled the garage happythoshrug",twitch,twitch,,filled|missed,missing_slang|contains_unknown_terms|low_translation_confidence,review_unknown_terms,7
3245,chance hibernating for the winter,chance hibernating for the winter,twitch,twitch,,hibernating,missing_slang|contains_unknown_terms|low_translation_confidence,review_unknown_terms,7
3244,too busy driving 911 gt3 happythoCry,too busy driving 911 gt3 happythocry,twitch,twitch,,driving|too,missing_slang|contains_unknown_terms|low_translation_confidence,review_unknown_terms,7
848,TheUltraCoolCutieBoBo but if he does can you tell me? MEOW,theultracoolcutiebobo but if he does can you tell me? meow,twitch,twitch,,theultracoolcutiebobo,missing_slang|contains_unknown_terms|low_translation_confidence,review_unknown_terms,7
3722,just microwaving a mug of rum right now pepeW,just microwaving a mug of rum right now pepew,twitch,twitch,,microwaving,missing_slang|contains_unknown_terms|low_translation_confidence,review_unknown_terms,7
1718,both are using pvc emotes happythoStare,both are using pvc emotes happythostare,twitch,twitch,,using,missing_slang|contains_unknown_terms|low_translation_confidence,review_unknown_terms,7
2724,kevinrez15 licks the feet of adhd_andy peepoFeet 1659 feet have been licked.,kevinrez15 licks the feet of adhd andy peepofeet 1659 feet have been licked,twitch,twitch,,licked,missing_slang|contains_unknown_terms|low_translation_confidence,review_unknown_terms,7
2718,wait that means you probably have some good shit in walking distance no?,wait that means you probably have some good shit in walking distance no,twitch,twitch,,walking,missing_slang|contains_unknown_terms|low_translation_confidence,review_unknown_terms,7
2715,i live in the downtown of a major city; all the delivery is either ludicriously expensive or convenience stores Smadging,i live in the downtown of a major city all the delivery is either ludicriously expensive or convenience stores smadging,twitch,twitch,,smadging,missing_slang|contains_unknown_terms|low_translation_confidence,review_unknown_terms,7
2712,"Yeah, just buy mcchikcen man, I'm worried about you","yeah, just buy mcchikcen man, i'm worried about you",twitch,twitch,,worried,missing_slang|contains_unknown_terms|low_translation_confidence,review_unknown_terms,7
1708,xqcI razzy anything you want to tell Fleymour ?,xqci razzy anything you want to tell fleymour,twitch,twitch,,razzy,missing_slang|contains_unknown_terms|low_translation_confidence,review_unknown_terms,7
1707,six horror games peepoScared,six horror games peeposcared,twitch,twitch,,horror|peeposcared,missing_slang|contains_unknown_terms|low_translation_confidence,review_unknown_terms,7
1728,im not cool? catCry,im not cool? catcry,twitch,twitch,,cool,missing_slang|contains_unknown_terms|low_translation_confidence,review_unknown_terms,7
1726,TOMIIll when he was cool 👉 MEOW,tomiill when he was cool meow,twitch,twitch,,cool,missing_slang|contains_unknown_terms|low_translation_confidence,review_unknown_terms,7
1723,xqcI did you called this reporter a fucking loser too Mr razzy?,xqci did you called this reporter a fucking loser too mr razzy,twitch,twitch,,fucking|razzy|too,missing_slang|contains_unknown_terms|low_translation_confidence,review_unknown_terms,7
1720,"@vissione, yeah some weird ppl called razzy and rox",yeah some weird ppl called razzy and rox,twitch,twitch,,razzy,missing_slang|contains_unknown_terms|low_translation_confidence,review_unknown_terms,7
2676,[Trivia] This NES peripheral let you control games without a traditional controller and was advertised in the movie The Wizard,trivia this nes peripheral let you control games without a traditional controller and was advertised in the movie the wizard,twitch,twitch,,advertised,missing_slang|contains_unknown_terms|low_translation_confidence,review_unknown_terms,7
788,xoosd you hear what happened in Kenya,xoosd you hear what happened in kenya,twitch,twitch,,happened|xoosd,missing_slang|contains_unknown_terms|low_translation_confidence,review_unknown_terms,7
3300,"Jazzykat, say you tried and (s)he didnt answer your questions FeelsOkayMan","jazzykat, say you tried and s he didnt answer your questions feelsokayman",twitch,twitch,,jazzykat,missing_slang|contains_unknown_terms|low_translation_confidence,review_unknown_terms,7
3296,no  im changing my corridor layout,no im changing my corridor layout,twitch,twitch,,changing|corridor,missing_slang|contains_unknown_terms|low_translation_confidence,review_unknown_terms,7
3295,Jazzy don't make the plants D:,jazzy don't make the plants d,twitch,twitch,,jazzy,missing_slang|contains_unknown_terms|low_translation_confidence,review_unknown_terms,7
3535,i downloaded that game illegally B),i downloaded that game illegally b,twitch,twitch,,downloaded,missing_slang|contains_unknown_terms|low_translation_confidence,review_unknown_terms,7
1770,peepoS mama mia kevins been just fuckin licking feet for 3 months straight,peepos mama mia kevins been just fuckin licking feet for 3 months straight,twitch,twitch,,licking,missing_slang|contains_unknown_terms|low_translation_confidence,review_unknown_terms,7
1794,"@alienx420x, hoping for SSS without horror HYPERS",hoping for ss without horror hypers,twitch,twitch,,hoping|horror,missing_slang|contains_unknown_terms|low_translation_confidence,review_unknown_terms,7
1788,oro was eating cheese and c words,oro was eating cheese and c words,twitch,twitch,,eating,missing_slang|contains_unknown_terms|low_translation_confidence,review_unknown_terms,7
1784,mistakes that bann working ppl Hmm,mistakes that bann working ppl hmm,twitch,twitch,,working,missing_slang|contains_unknown_terms|low_translation_confidence,review_unknown_terms,7
1782,it was 30 day ban by twitch but i appealed it and they said it was a mistake on their end,it was 30 day ban by twitch but i appealed it and they said it was a mistake on their end,twitch,twitch,,appealed,missing_slang|contains_unknown_terms|low_translation_confidence,review_unknown_terms,7
1753,nozav1G nozavGlizzy any glizziers?,nozav1g nozavglizzy any glizziers,twitch,twitch,,glizziers|nozavglizzy,missing_slang|contains_unknown_terms|low_translation_confidence,review_unknown_terms,7
2703,711 hot foods are not great LULW,711 hot foods are not great lulw,twitch,twitch,,foods,missing_slang|contains_unknown_terms|low_translation_confidence,review_unknown_terms,7
2701,I live in New York and if I was dying in a forest I would walk away from 711 pizza,i live in new york and if i was dying in a forest i would walk away from 711 pizza,twitch,twitch,,dying,missing_slang|contains_unknown_terms|low_translation_confidence,review_unknown_terms,7
2698,"i would try the hot foods, but id prob just order energy drinks, chips, candy peepoFat","i would try the hot foods, but id prob just order energy drinks, chips, candy peepofat",twitch,twitch,,foods,missing_slang|contains_unknown_terms|low_translation_confidence,review_unknown_terms,7
1779,banned by who and why ?,banned by who and why,twitch,twitch,,banned,missing_slang|contains_unknown_terms|low_translation_confidence,review_unknown_terms,7
1778,"Thanks for gifting Matross_ a sub, EIectricEvil meow MYAAA","thanks for gifting matross a sub, eiectricevil meow myaa",twitch,twitch,,gifting,missing_slang|contains_unknown_terms|low_translation_confidence,review_unknown_terms,7
1776,"@orophia,  ur back ? heart u were banned",ur back ? heart u were banned,twitch,twitch,,banned,missing_slang|contains_unknown_terms|low_translation_confidence,review_unknown_terms,7
2674,@Brockovitch We've added states since it was witten,we've added states since it was witten,twitch,twitch,,added,missing_slang|contains_unknown_terms|low_translation_confidence,review_unknown_terms,7
1737,"[Trivia] As conservative in his fashion as he is in his politics,politician Rick Santorum is known to favor what clothing item?","trivia as conservative in his fashion as he is in his politics,politician rick santorum is known to favor what clothing item",twitch,twitch,,clothing,missing_slang|contains_unknown_terms|low_translation_confidence,review_unknown_terms,7
1755,kevinrez15 licks the feet of orophia peepoFeet 1654 feet have been licked.,kevinrez15 licks the feet of orophia peepofeet 1654 feet have been licked,twitch,twitch,,licked,missing_slang|contains_unknown_terms|low_translation_confidence,review_unknown_terms,7
1678,xqcI pls cry on the mic,xqci pls cry on the mic,twitch,twitch,,pls,missing_slang|contains_unknown_terms|low_translation_confidence,review_unknown_terms,7
1675,kevinrez15 licks the feet of shinogremory peepoFeet 1653 feet have been licked.,kevinrez15 licks the feet of shinogremory peepofeet 1653 feet have been licked,twitch,twitch,,licked,missing_slang|contains_unknown_terms|low_translation_confidence,review_unknown_terms,7
1671,xqcI do you think snoopy as a small pp chat?,xqci do you think snoopy as a small pp chat,twitch,twitch,,snoopy,missing_slang|contains_unknown_terms|low_translation_confidence,review_unknown_terms,7
1640,Thank you for subscribing with prime gaming for 2 months winwalkerwicked meow MYAAA,thank you for subscribing with prime gaming for 2 months winwalkerwicked meow myaa,twitch,twitch,,gaming|subscribing|winwalkerwicked,missing_slang|contains_unknown_terms|low_translation_confidence,review_unknown_terms,7
267,[Trivia] This movie star reminded the World War II troops what they were fighting for,trivia this movie star reminded the world war ii troops what they were fighting for,twitch,twitch,,fighting|reminded|troops,missing_slang|contains_unknown_terms|low_translation_confidence,review_unknown_terms,7
1688,ppWalk why you trying to take away pp,ppwalk why you trying to take away pp,twitch,twitch,,trying,missing_slang|contains_unknown_terms|low_translation_confidence,review_unknown_terms,7
1717,WHO IS HE INTERVIEWING? LULW,who is he interviewing? lulw,twitch,twitch,,interviewing,missing_slang|contains_unknown_terms|low_translation_confidence,review_unknown_terms,7
1716,xqcI rox im working right now im sorry,xqci rox im working right now im sorry,twitch,twitch,,sorry|working,missing_slang|contains_unknown_terms|low_translation_confidence,review_unknown_terms,7
1714,xqcI there you go Fleymour is a fucking loser,xqci there you go fleymour is a fucking loser,twitch,twitch,,fucking,missing_slang|contains_unknown_terms|low_translation_confidence,review_unknown_terms,7
1713,"@TOMIIll, MEOW whats a razzy",meow whats a razzy,twitch,twitch,,razzy,missing_slang|contains_unknown_terms|low_translation_confidence,review_unknown_terms,7
2756,"you can bring twitch chat on your phone, we'll go with you peepoShy","you can bring twitch chat on your phone, we'll go with you peeposhy",twitch,twitch,,bring,missing_slang|contains_unknown_terms|low_translation_confidence,review_unknown_terms,7
2740,i'm too lazy to walk outside,i'm too lazy to walk outside,twitch,twitch,,too,missing_slang|contains_unknown_terms|low_translation_confidence,review_unknown_terms,7
2736,"Unltra, you're passing up vietnamese subs for 711 chicken","unltra, you're passing up vietnamese subs for 711 chicken",twitch,twitch,,passing,missing_slang|contains_unknown_terms|low_translation_confidence,review_unknown_terms,7
2732,Mcdonalds used to have pizza pretty sure but stopped,mcdonalds used to have pizza pretty sure but stopped,twitch,twitch,,stopped,missing_slang|contains_unknown_terms|low_translation_confidence,review_unknown_terms,7
253,kevinrez15 licks the feet of kamzen peepoFeet 1635 feet have been licked.,kevinrez15 licks the feet of kamzen peepofeet 1635 feet have been licked,twitch,twitch,,licked,missing_slang|contains_unknown_terms|low_translation_confidence,review_unknown_terms,7
1772,"[Trivia] A Merry Irishman pairs Kahlua with Tullamore Dew, an Irish type of this","trivia a merry irishman pairs kahlua with tullamore dew, an irish type of this",twitch,twitch,,merry,missing_slang|contains_unknown_terms|low_translation_confidence,review_unknown_terms,7
238,👉 Can't see doggoArrive or MEOW ? Install https://7tv.app/ (You can also just enable it in FFZ settings under addons) Chatterino: https://bit.ly/3lFk3oU,can't see doggoarrive or meow ? install you can also just enable it in ffz settings under addons chatterino,twitch,twitch,,doggoarrive,missing_slang|contains_unknown_terms|low_translation_confidence,review_unknown_terms,7
236,youre not actually saying it,youre not actually saying it,twitch,twitch,,saying,missing_slang|contains_unknown_terms|low_translation_confidence,review_unknown_terms,7
1829,"[Trivia] In a landmark congressional hearing, “Have you no sense of decency sir?” was asked of whom?","trivia in a landmark congressional hearing, have you no sense of decency sir? was asked of whom",twitch,twitch,,asked|hearing,missing_slang|contains_unknown_terms|low_translation_confidence,review_unknown_terms,7
2692,WutFace there's no saving this one,wutface there's no saving this one,twitch,twitch,,saving,missing_slang|contains_unknown_terms|low_translation_confidence,review_unknown_terms,7
2688,"DansGame 7/11 food is aight for the price, but don't bother ordering it","dansgame 7 11 food is aight for the price, but don't bother ordering it",twitch,twitch,,ordering,missing_slang|contains_unknown_terms|low_translation_confidence,review_unknown_terms,7
2678,"@UltraSynapticSeizureNinja, Next stream today or tomorrow следите за обновлениями в твиттере pugPls https://twitter.com/sodapoppintv",next stream today or tomorrow pugpls,twitch,twitch,,pugpls,missing_slang|contains_unknown_terms|low_translation_confidence,review_unknown_terms,7
1804,"@rodwrahlan, seems like u missed last time PepeLaugh  good content",seems like u missed last time pepelaugh good content,twitch,twitch,,missed,missing_slang|contains_unknown_terms|low_translation_confidence,review_unknown_terms,7
1803,"@Ecko, MEOW tomiii timeouted himself",meow tomii timeouted himself,twitch,twitch,,timeouted,missing_slang|contains_unknown_terms|low_translation_confidence,review_unknown_terms,7
1848,sodaDink hartofthecards benthejoe tmterrance pew_pew_pew mxrsen xphobik nierzodd,sodadink hartofthecards benthejoe tmterrance pew pew pew mxrsen xphobik nierzodd,twitch,twitch,,tmterrance,missing_slang|contains_unknown_terms|low_translation_confidence,review_unknown_terms,7
1698,peepoArrive  sss today ? (hopefully not horror games),peepoarrive ss today ? hopefully not horror games,twitch,twitch,,horror|peepoarrive,missing_slang|contains_unknown_terms|low_translation_confidence,review_unknown_terms,7
283,"[Trivia] According to legend,the ghosts of Anne Boleyn and Sir Walter Raleigh haunt what London landmark?","trivia according to legend,the ghosts of anne boleyn and sir walter raleigh haunt what london landmark",twitch,twitch,,according,missing_slang|contains_unknown_terms|low_translation_confidence,review_unknown_terms,7
305,sodaL Thank you for resubscribing captaintsubassa for 22 months meow MYAAA,sodal thank you for resubscribing captaintsubassa for 22 months meow myaa,twitch,twitch,,resubscribing,missing_slang|contains_unknown_terms|low_translation_confidence,review_unknown_terms,7
300,"[Trivia] From this author's ""The Jungle"" I shall read lines like ""On the killing beds you were apt to be covered with blood""",trivia from this author's the jungle i shall read lines like on the killing beds you were apt to be covered with blood,twitch,twitch,,blood|covered|killing,missing_slang|contains_unknown_terms|low_translation_confidence,review_unknown_terms,7
2772,hes jerking off fosho,hes jerking off fosho,twitch,twitch,,jerking,missing_slang|contains_unknown_terms|low_translation_confidence,review_unknown_terms,7
1685,ACTION The trigger is pulled. TendranSK survives! PogChamp,action the trigger is pulled. tendransk survives! pogchamp,twitch,twitch,,pulled,missing_slang|contains_unknown_terms|low_translation_confidence,review_unknown_terms,7
1680,hamnp i talking about a pp not a peepo Hmm,hamnp i talking about a pp not a peepo hmm,twitch,twitch,,talking,missing_slang|contains_unknown_terms|low_translation_confidence,review_unknown_terms,7
1598,Modge woohoo mod work,modge woohoo mod work,twitch,twitch,,woohoo,missing_slang|contains_unknown_terms|low_translation_confidence,review_unknown_terms,7
1664,dont get offended peepoGiggle,dont get offended peepogiggle,twitch,twitch,,offended,missing_slang|contains_unknown_terms|low_translation_confidence,review_unknown_terms,7
1662,THE EMOTE PPL SHOULD BE A PP WITH A HEART snoopy peepoWTF,the emote ppl should be a pp with a heart snoopy peepowtf,twitch,twitch,,snoopy,missing_slang|contains_unknown_terms|low_translation_confidence,review_unknown_terms,7
1660,"steven_senegal_, just spam this in his offline chat till some one gifts you "" can someone gift m e :) "" i do that and it has worked for like 4 months","steven senegal , just spam this in his offline chat till some one gifts you can someone gift m e i do that and it has worked for like 4 months",twitch,twitch,,worked,missing_slang|contains_unknown_terms|low_translation_confidence,review_unknown_terms,7
1655,"what would never understand what it is to be what. what was even mixed up with when, before what knew what would later become why","what would never understand what it is to be what. what was even mixed up with when, before what knew what would later become why",twitch,twitch,,mixed,missing_slang|contains_unknown_terms|low_translation_confidence,review_unknown_terms,7
3514,pepeSUM with this purple hoodie pepeSUM I summon chancey pepeSUM,pepesum with this purple hoodie pepesum i summon chancey pepesum,twitch,twitch,,hoodie,missing_slang|contains_unknown_terms|low_translation_confidence,review_unknown_terms,7
3512,its been too long he wont,its been too long he wont,twitch,twitch,,too,missing_slang|contains_unknown_terms|low_translation_confidence,review_unknown_terms,7
320,kevinrez15 licks the feet of saucymcbossy peepoFeet 1637 feet have been licked.,kevinrez15 licks the feet of saucymcbossy peepofeet 1637 feet have been licked,twitch,twitch,,licked,missing_slang|contains_unknown_terms|low_translation_confidence,review_unknown_terms,7
1624,scropionxking licks the feet of zagfel peepoFeet 1640 feet have been licked.,scropionxking licks the feet of zagfel peepofeet 1640 feet have been licked,twitch,twitch,,licked|scropionxking,missing_slang|contains_unknown_terms|low_translation_confidence,review_unknown_terms,7
1622,@AIterAce steamcommunity.com/app/431960 | Common wallpapers: pastebin.com/Mx07kJWC | Soda's room: https://bit.ly/3eHvoRP | Reckful Tribute: https://bit.ly/3uHJ0kP,steamcommunity.com app 431960 common wallpapers pastebin.com mx07kjwc soda's room reckful tribute,twitch,twitch,,room,missing_slang|contains_unknown_terms|low_translation_confidence,review_unknown_terms,7
1653,"ACTION SnoopyDoly - the length of your D is 18,68 centimeters","action snoopydoly - the length of your d is 18,68 centimeters",twitch,twitch,,snoopydoly,missing_slang|contains_unknown_terms|low_translation_confidence,review_unknown_terms,7
1651,ACTION SnoopyDoly rolls 30 (1-100),action snoopydoly rolls 30 1-100,twitch,twitch,,snoopydoly,missing_slang|contains_unknown_terms|low_translation_confidence,review_unknown_terms,7
2786,surely he'll go live before nick and malena's cooking stream COPIUM2,surely he'll go live before nick and malena's cooking stream copium2,twitch,twitch,,cooking,missing_slang|contains_unknown_terms|low_translation_confidence,review_unknown_terms,7
2785,"[Trivia] People have driven this Water/Ice type Pokémon almost to the point of extinction. In the evenings, this Pokémon is said to sing plaintively as it seeks what few others of its kind still remain. Also Ferries people across water bodies.","trivia people have driven this water ice type pok mon almost to the point of extinction. in the evenings, this pok mon is said to sing plaintively as it seeks what few others of its kind still remain. also ferries people across water bodies",twitch,twitch,,ferries|sing,missing_slang|contains_unknown_terms|low_translation_confidence,review_unknown_terms,7
3551,Did Chance decide on a date for the christmas box opening?,did chance decide on a date for the christmas box opening,twitch,twitch,,opening,missing_slang|contains_unknown_terms|low_translation_confidence,review_unknown_terms,7
3545,WICKED blob have you seen Loop Odyssey?,wicked blob have you seen loop odyssey,twitch,twitch,,loop|wicked,missing_slang|contains_unknown_terms|low_translation_confidence,review_unknown_terms,7
223,aww pispet thats so hecking relatable muniAww,aww pispet thats so hecking relatable muniaww,twitch,twitch,,hecking,missing_slang|contains_unknown_terms|low_translation_confidence,review_unknown_terms,7
219,[Trivia] This Scott Adams title guy with a gravity-defying tie accidentally invented a death ray that interested North Korea,trivia this scott adams title guy with a gravity-defying tie accidentally invented a death ray that interested north korea,twitch,twitch,,defying|interested|invented,missing_slang|contains_unknown_terms|low_translation_confidence,review_unknown_terms,7
218,i always feel like trash annytfCool,i always feel like trash annytfcool,twitch,twitch,,annytfcool,missing_slang|contains_unknown_terms|low_translation_confidence,review_unknown_terms,7
216,we are really cool annytfCool,we are really cool annytfcool,twitch,twitch,,annytfcool|cool,missing_slang|contains_unknown_terms|low_translation_confidence,review_unknown_terms,7
2658,[Trivia] This West Coast city's Market Street once featured 4 sets of streetcar tracks,trivia this west coast city's market street once featured 4 sets of streetcar tracks,twitch,twitch,,featured,missing_slang|contains_unknown_terms|low_translation_confidence,review_unknown_terms,7
1815,"@tomtenisse16, Next stream today or tomorrow Preverite posodobitve na twitterju pugPls https://twitter.com/sodapoppintv",next stream today or tomorrow preverite posodobitve na twitterju pugpls,twitch,twitch,,pugpls,missing_slang|contains_unknown_terms|low_translation_confidence,review_unknown_terms,7
1634,ACTION SnoopyDoly rolls 73 (1-100),action snoopydoly rolls 73 1-100,twitch,twitch,,snoopydoly,missing_slang|contains_unknown_terms|low_translation_confidence,review_unknown_terms,7
3506,"caleb I wasnt licking you, but now I am lickR caleb","caleb i wasnt licking you, but now i am lickr caleb",twitch,twitch,,licking,missing_slang|contains_unknown_terms|low_translation_confidence,review_unknown_terms,7
3504,@schnaidah ok ty but stop licking me i am not a piece of meat,ok ty but stop licking me i am not a piece of meat,twitch,twitch,,licking,missing_slang|contains_unknown_terms|low_translation_confidence,review_unknown_terms,7
3498,"@caleb_thewhitehand, sleeping from yelling all day sodaOmega",sleeping from yelling all day sodaomega,twitch,twitch,,sleeping|yelling,missing_slang|contains_unknown_terms|low_translation_confidence,review_unknown_terms,7
2802,Smadging HE'LL BE LIVE SOON Smadging HE'LL BE LIVE SOON Smadging HE'LL BE LIVE SOON Smadging HE'LL BE LIVE SOON Smadging HE'LL BE LIVE SOON,smadging he'll be live soon smadging he'll be live soon smadging he'll be live soon smadging he'll be live soon smadging he'll be live soon,twitch,twitch,,smadging,missing_slang|contains_unknown_terms|low_translation_confidence,review_unknown_terms,7
2800,Everytime I see a Lapras I shoot it KKonaW,everytime i see a lapras i shoot it kkonaw,twitch,twitch,,shoot,missing_slang|contains_unknown_terms|low_translation_confidence,review_unknown_terms,7
2817,lol she wears the pants huh,lol she wears the pants huh,twitch,twitch,,lol,missing_slang|contains_unknown_terms|low_translation_confidence,review_unknown_terms,7
1604,"i mean, it's not a secluded case","i mean, it's not a secluded case",twitch,twitch,,secluded,missing_slang|contains_unknown_terms|low_translation_confidence,review_unknown_terms,7
1603,"""stay in the kitchen"" they only got one thing right TRUEING",stay in the kitchen they only got one thing right trueing,twitch,twitch,,trueing,missing_slang|contains_unknown_terms|low_translation_confidence,review_unknown_terms,7
1599,Modge getting trash talked all day,modge getting trash talked all day,twitch,twitch,,talked,missing_slang|contains_unknown_terms|low_translation_confidence,review_unknown_terms,7
1516,"@Krafchenko @kellyjeaaann BOOOBA - https://twitter.com/Sodapoppintv/status/1470496213942349839 | 4 days, 13 hours and 12 minutes ago","booba - 4 days, 13 hours and 12 minutes ago",twitch,twitch,,booba,missing_slang|contains_unknown_terms|low_translation_confidence,review_unknown_terms,7
2869,monkaHeliWatchesWidePeepoHappySmokesWhileRunningOverCivilansOfChicagoAndFatDankPeepoIsAlsoThereToo non 7tv users,monkaheliwatcheswidepeepohappysmokeswhilerunningovercivilansofchicagoandfatdankpeepoisalsotheretoo non 7tv users,twitch,twitch,,monkaheliwatcheswidepeepohappysmokeswhilerunningovercivilansofchicagoandfatdankpeepoisalsotheretoo,missing_slang|contains_unknown_terms|low_translation_confidence,review_unknown_terms,7
2864,I guess fixing schedule didnt work out LULW,i guess fixing schedule didnt work out lulw,twitch,twitch,,fixing,missing_slang|contains_unknown_terms|low_translation_confidence,review_unknown_terms,7
1483,batPls is a good emote pepeD,batpls is a good emote peped,twitch,twitch,,batpls|peped,missing_slang|contains_unknown_terms|low_translation_confidence,review_unknown_terms,7
354,kevinrez15 licks the feet of alcoolaj peepoFeet 1638 feet have been licked.,kevinrez15 licks the feet of alcoolaj peepofeet 1638 feet have been licked,twitch,twitch,,alcoolaj|licked,missing_slang|contains_unknown_terms|low_translation_confidence,review_unknown_terms,7
313,"[Trivia] On Feb. 23, 1945 6 U.S. servicemen raised the American flag on this island; sounds like a good photo op","trivia on feb. 23, 1945 6 u.s. servicemen raised the american flag on this island sounds like a good photo op",twitch,twitch,,raised,missing_slang|contains_unknown_terms|low_translation_confidence,review_unknown_terms,7
1572,i have some animated emotes ready i want when i get my slots,i have some animated emotes ready i want when i get my slots,twitch,twitch,,animated,missing_slang|contains_unknown_terms|low_translation_confidence,review_unknown_terms,7
1568,im getting a comfy and possibly kiss emote commissioned in the same style brian6932,im getting a comfy and possibly kiss emote commissioned in the same style brian6932,twitch,twitch,,commissioned,missing_slang|contains_unknown_terms|low_translation_confidence,review_unknown_terms,7
1512,Wonder if Soda gonna stream in afternoon tmrw or 12 am peepoGiggle,wonder if soda gonna stream in afternoon tmrw or 12 am peepogiggle,twitch,twitch,,afternoon,missing_slang|contains_unknown_terms|low_translation_confidence,review_unknown_terms,7
1537,"brian6932, Counting occurrences of /^,(testu?|h?elp)/i for user 'pispet' in channel 'sodapoppin'...","brian6932, counting occurrences of , testu? h?elp i for user 'pispet' in channel 'sodapoppin'",twitch,twitch,,counting|occurrences,missing_slang|contains_unknown_terms|low_translation_confidence,review_unknown_terms,7
1535,"brian6932, User 'depressedjew' has said /^!randomping/i 622 times in channel 'sodapoppin'","brian6932, user 'depressedjew' has said !randomping i 622 times in channel 'sodapoppin'",twitch,twitch,,randomping,missing_slang|contains_unknown_terms|low_translation_confidence,review_unknown_terms,7
1534,"brian6932, Counting occurrences of /^!randomping/i for user 'depressedjew' in channel 'sodapoppin'...","brian6932, counting occurrences of !randomping i for user 'depressedjew' in channel 'sodapoppin'",twitch,twitch,,counting|occurrences|randomping,missing_slang|contains_unknown_terms|low_translation_confidence,review_unknown_terms,7
1637,"xqcI good evening Mr Sommmer, anything you wanna say to the people here listening to you?","xqci good evening mr sommer, anything you wanna say to the people here listening to you",twitch,twitch,,evening|listening,missing_slang|contains_unknown_terms|low_translation_confidence,review_unknown_terms,7
1873,am I supposed to know?,am i supposed to know,twitch,twitch,,supposed,missing_slang|contains_unknown_terms|low_translation_confidence,review_unknown_terms,7
1872,merged with what? dankCrayon,merged with what? dankcrayon,twitch,twitch,,merged,missing_slang|contains_unknown_terms|low_translation_confidence,review_unknown_terms,7
1870,it got merged divide FeelsDankMan,it got merged divide feelsdankman,twitch,twitch,,merged,missing_slang|contains_unknown_terms|low_translation_confidence,review_unknown_terms,7
382,boot the valorant up,boot the valorant up,twitch,twitch,,boot,missing_slang|contains_unknown_terms|low_translation_confidence,review_unknown_terms,7
2875,"@crashfort, FeelsDankMan you're missing out on a lot if you use this channel",feelsdankman you're missing out on a lot if you use this channel,twitch,twitch,,missing,missing_slang|contains_unknown_terms|low_translation_confidence,review_unknown_terms,7
2872,"@brian6932 happythoShrug i dont feel like using 7tv, its petty but happythoShrug","happythoshrug i dont feel like using 7tv, its petty but happythoshrug",twitch,twitch,,using,missing_slang|contains_unknown_terms|low_translation_confidence,review_unknown_terms,7
1477,add batPls Vulpes PunOko,add batpls vulpes punoko,twitch,twitch,,batpls,missing_slang|contains_unknown_terms|low_translation_confidence,review_unknown_terms,7
1475,why don't we have batPls ? PunOko,why don't we have batpls ? punoko,twitch,twitch,,batpls,missing_slang|contains_unknown_terms|low_translation_confidence,review_unknown_terms,7
2886,@kjones086 what does the porcshe 911 emote look like emiruSUS,what does the porcshe 911 emote look like emirusus,twitch,twitch,,look,missing_slang|contains_unknown_terms|low_translation_confidence,review_unknown_terms,7
1418,"[Trivia] No one answered correctly. FeelsBadMan The answer was: "" old school """,trivia no one answered correctly. feelsbadman the answer was old school,twitch,twitch,,school,missing_slang|contains_unknown_terms|low_translation_confidence,review_unknown_terms,7
1417,peepoTalk Command execution failed: An active trivia is currently running in this channel.,peepotalk command execution failed an active trivia is currently running in this channel,twitch,twitch,,currently|failed|running,missing_slang|contains_unknown_terms|low_translation_confidence,review_unknown_terms,7
1442,[Trivia] Headlines exclaimed “Aack!” when it was announced that what long-running comic strip would end in 2010?,trivia headlines exclaimed aack! when it was announced that what long-running comic strip would end in 2010,twitch,twitch,,announced|exclaimed|running,missing_slang|contains_unknown_terms|low_translation_confidence,review_unknown_terms,7
3487,my school projects always had at least 1 bodily fluid in the file name when submitting,my school projects always had at least 1 bodily fluid in the file name when submitting,twitch,twitch,,school|submitting,missing_slang|contains_unknown_terms|low_translation_confidence,review_unknown_terms,7
3484,"soda is turning into nmp, drowsy from wokage to bedge","soda is turning into nmp, drowsy from wokage to bedge",twitch,twitch,,turning,missing_slang|contains_unknown_terms|low_translation_confidence,review_unknown_terms,7
373,waiting for novacht to get good at apex FeelsLateMan,waiting for novacht to get good at apex feelslateman,twitch,twitch,,waiting,missing_slang|contains_unknown_terms|low_translation_confidence,review_unknown_terms,7
372,FeelsLateMan waiting for EfT meta to end,feelslateman waiting for eft meta to end,twitch,twitch,,waiting,missing_slang|contains_unknown_terms|low_translation_confidence,review_unknown_terms,7
365,[Trivia] Who needs Ryan Seacrest or even Dick Clark?  For years we enjoyed this man & his Royal Canadians on New Year's Eve,trivia who needs ryan seacrest or even dick clark? for years we enjoyed this man his royal canadians on new year's eve,twitch,twitch,,enjoyed,missing_slang|contains_unknown_terms|low_translation_confidence,review_unknown_terms,7
1495,EZ just too good,ez just too good,twitch,twitch,,too,missing_slang|contains_unknown_terms|low_translation_confidence,review_unknown_terms,7
1523,"widepeepoHappy sleep schedule salvaged, i just woke up","widepeepohappy sleep schedule salvaged, i just woke up",twitch,twitch,,salvaged,missing_slang|contains_unknown_terms|low_translation_confidence,review_unknown_terms,7
1906,[2021-07-29 17:17:32 UTC] linestats: [2017-07-02 18:44:00 UTC] herrcookiekiller: FeelsBadMan,2021-07-29 17 17 32 utc linestats 2017-07-02 18 44 00 utc herrcookiekiller feelsbadman,twitch,twitch,,herrcookiekiller,missing_slang|contains_unknown_terms|low_translation_confidence,review_unknown_terms,7
3570,PauseChamp any ohter corroborators?,pausechamp any ohter corroborators,twitch,twitch,,corroborators,missing_slang|contains_unknown_terms|low_translation_confidence,review_unknown_terms,7
3566,people are allgedging its the 26th (according to the three people above me in chat),people are allgedging its the 26th according to the three people above me in chat,twitch,twitch,,according|allgedging,missing_slang|contains_unknown_terms|low_translation_confidence,review_unknown_terms,7
211,alzexx why are you asking annytfThink,alzexx why are you asking annytfthink,twitch,twitch,,alzexx|asking,missing_slang|contains_unknown_terms|low_translation_confidence,review_unknown_terms,7
210,we are hecking bayzed together Pispet asleepyAngy,we are hecking bayzed together pispet asleepyangy,twitch,twitch,,bayzed|hecking,missing_slang|contains_unknown_terms|low_translation_confidence,review_unknown_terms,7
208,i figured it was a wheelchair joke,i figured it was a wheelchair joke,twitch,twitch,,figured,missing_slang|contains_unknown_terms|low_translation_confidence,review_unknown_terms,7
1866,It seems like my internet is fixed,it seems like my internet is fixed,twitch,twitch,,fixed,missing_slang|contains_unknown_terms|low_translation_confidence,review_unknown_terms,7
2645,"[Trivia] Because it causes painful throat contractions that make swallowing water difficult,rabies is also called what?","trivia because it causes painful throat contractions that make swallowing water difficult,rabies is also called what",twitch,twitch,,swallowing,missing_slang|contains_unknown_terms|low_translation_confidence,review_unknown_terms,7
2644,I just randomly guessed,i just randomly guessed,twitch,twitch,,guessed,missing_slang|contains_unknown_terms|low_translation_confidence,review_unknown_terms,7
2642,Smadging 38 THANKS GOOGLE,smadging 38 thanks google,twitch,twitch,,google|smadging,missing_slang|contains_unknown_terms|low_translation_confidence,review_unknown_terms,7
1891,"brian6932, Counting occurrences of /^!feet/i for user 'kevinrez15' in channel 'sodapoppin'...","brian6932, counting occurrences of !feet i for user 'kevinrez15' in channel 'sodapoppin'",twitch,twitch,,counting|occurrences,missing_slang|contains_unknown_terms|low_translation_confidence,review_unknown_terms,7
1855,"FeelsDankMan it was merged recently, not sure if ppl are refreshed tho","feelsdankman it was merged recently, not sure if ppl are refreshed tho",twitch,twitch,,merged|refreshed,missing_slang|contains_unknown_terms|low_translation_confidence,review_unknown_terms,7
1852,look at the name sodaSMUG,look at the name sodasmug,twitch,twitch,,look,missing_slang|contains_unknown_terms|low_translation_confidence,review_unknown_terms,7
1938,sugar and booger rhyme?,sugar and booger rhyme,twitch,twitch,,booger,missing_slang|contains_unknown_terms|low_translation_confidence,review_unknown_terms,7
360,gn xini moon2CUTE moon2BED,gn xini moon2cute moon2bed,twitch,twitch,,moon2bed,missing_slang|contains_unknown_terms|low_translation_confidence,review_unknown_terms,7
389,[2021-07-22 03:12:49 UTC] xoosd: adinSlatt adinThreat,2021-07-22 03 12 49 utc xoosd adinslatt adinthreat,twitch,twitch,,xoosd,missing_slang|contains_unknown_terms|low_translation_confidence,review_unknown_terms,7
2616,[Trivia] How many states are needed to ratify an amendment for it to become part of the constitution?,trivia how many states are needed to ratify an amendment for it to become part of the constitution,twitch,twitch,,needed,missing_slang|contains_unknown_terms|low_translation_confidence,review_unknown_terms,7
2615,I'm playing RimWorld and Chatting stop,i'm playing rimworld and chatting stop,twitch,twitch,,chatting,missing_slang|contains_unknown_terms|low_translation_confidence,review_unknown_terms,7
1925,"[Trivia] Not Honey Bunny but this ""sweet"" rhyming endearment is what Jimmy Neutron's dad calls Jimmy's mom",trivia not honey bunny but this sweet rhyming endearment is what jimmy neutron's dad calls jimmy's mom,twitch,twitch,,rhyming,missing_slang|contains_unknown_terms|low_translation_confidence,review_unknown_terms,7
1888,i see the updated name brian veiDank,i see the updated name brian veidank,twitch,twitch,,updated,missing_slang|contains_unknown_terms|low_translation_confidence,review_unknown_terms,7
1886,kevinrez15 licks the feet of acidoink peepoFeet 1655 feet have been licked.,kevinrez15 licks the feet of acidoink peepofeet 1655 feet have been licked,twitch,twitch,,licked,missing_slang|contains_unknown_terms|low_translation_confidence,review_unknown_terms,7
1881,I still see the username I typed in like a min ago,i still see the username i typed in like a min ago,twitch,twitch,,typed,missing_slang|contains_unknown_terms|low_translation_confidence,review_unknown_terms,7
1951,whoever described a bagel like that is weird,whoever described a bagel like that is weird,twitch,twitch,,described,missing_slang|contains_unknown_terms|low_translation_confidence,review_unknown_terms,7
403,[2021-07-21 07:45:40 UTC] aiterace: im using it,2021-07-21 07 45 40 utc aiterace im using it,twitch,twitch,,using,missing_slang|contains_unknown_terms|low_translation_confidence,review_unknown_terms,7
400,[2020-11-16 05:11:49 UTC] aiterace: @pigfriend lukeocWORRIED,2020-11-16 05 11 49 utc aiterace lukeocworried,twitch,twitch,,lukeocworried,missing_slang|contains_unknown_terms|low_translation_confidence,review_unknown_terms,7
399,kevinrez15 licks the feet of copuren peepoFeet 1639 feet have been licked.,kevinrez15 licks the feet of copuren peepofeet 1639 feet have been licked,twitch,twitch,,licked,missing_slang|contains_unknown_terms|low_translation_confidence,review_unknown_terms,7
395,sodaDink paperronnie thezachattackg yufi xfaustviiix kissalanpojat dr_xdestroyerx disc0vry,sodadink paperronnie thezachattackg yufi xfaustviix kissalanpojat dr xdestroyerx disc0vry,twitch,twitch,,paperronnie,missing_slang|contains_unknown_terms|low_translation_confidence,review_unknown_terms,7
1408,@hogings => Command execution failed: An active trivia is currently running in this channel.,command execution failed an active trivia is currently running in this channel,twitch,twitch,,currently|failed|running,missing_slang|contains_unknown_terms|low_translation_confidence,review_unknown_terms,7
2906,but it's spitting out errors that it can't find /app/main.js,but it's spitting out errors that it can't find app main.js,twitch,twitch,,errors|spitting,missing_slang|contains_unknown_terms|low_translation_confidence,review_unknown_terms,7
2904,I'm trying to docker this program it's node.js,i'm trying to docker this program it's node.js,twitch,twitch,,trying,missing_slang|contains_unknown_terms|low_translation_confidence,review_unknown_terms,7
2902,"lol ok, not even 9 points","lol ok, not even 9 points",twitch,twitch,,lol,missing_slang|contains_unknown_terms|low_translation_confidence,review_unknown_terms,7
1368,"[Trivia] A popular game on many college campuses,beer pong is typically played with a ball from what sport?","trivia a popular game on many college campuses,beer pong is typically played with a ball from what sport",twitch,twitch,,played,missing_slang|contains_unknown_terms|low_translation_confidence,review_unknown_terms,7
2919,go into the docker with cmd and look where the file is,go into the docker with cmd and look where the file is,twitch,twitch,,look,missing_slang|contains_unknown_terms|low_translation_confidence,review_unknown_terms,7
1362,"[Trivia] No one answered correctly. FeelsBadMan The answer was: "" Larry O’Brien """,trivia no one answered correctly. feelsbadman the answer was larry o brien,twitch,twitch,,larry,missing_slang|contains_unknown_terms|low_translation_confidence,review_unknown_terms,7
1361,[Trivia] @brian6932 larry g is close. [Similarity: 50%],trivia larry g is close. similarity 50,twitch,twitch,,larry,missing_slang|contains_unknown_terms|low_translation_confidence,review_unknown_terms,7
1393,"@TheUltraCoolCutieBoBo, TheUltraCoolCutieBoBo has been following johnnycash for 31 minutes and 24 seconds",theultracoolcutiebobo has been following johnnycash for 31 minutes and 24 seconds,twitch,twitch,,theultracoolcutiebobo,missing_slang|contains_unknown_terms|low_translation_confidence,review_unknown_terms,7
3456,DivideByNone should be working now NODDERS,dividebynone should be working now nodders,twitch,twitch,,working,missing_slang|contains_unknown_terms|low_translation_confidence,review_unknown_terms,7
416,sodaL Thank you for resubscribing Port_city_pirate for 20 months meow MYAAA,sodal thank you for resubscribing port city pirate for 20 months meow myaa,twitch,twitch,,resubscribing,missing_slang|contains_unknown_terms|low_translation_confidence,review_unknown_terms,7
1358,[Trivia] @brian6932 larry f is close. [Similarity: 50%],trivia larry f is close. similarity 50,twitch,twitch,,larry,missing_slang|contains_unknown_terms|low_translation_confidence,review_unknown_terms,7
1356,[Trivia] @brian6932 larry e is close. [Similarity: 50%],trivia larry e is close. similarity 50,twitch,twitch,,larry,missing_slang|contains_unknown_terms|low_translation_confidence,review_unknown_terms,7
1354,[Trivia] @brian6932 larry  d is close. [Similarity: 50%],trivia larry d is close. similarity 50,twitch,twitch,,larry,missing_slang|contains_unknown_terms|low_translation_confidence,review_unknown_terms,7
1352,[Trivia] @brian6932 larry c is close. [Similarity: 50%],trivia larry c is close. similarity 50,twitch,twitch,,larry,missing_slang|contains_unknown_terms|low_translation_confidence,review_unknown_terms,7
1350,[Trivia] @brian6932 larry b is close. [Similarity: 50%],trivia larry b is close. similarity 50,twitch,twitch,,larry,missing_slang|contains_unknown_terms|low_translation_confidence,review_unknown_terms,7
3472,we need an alternative soda waiting room,we need an alternative soda waiting room,twitch,twitch,,room|waiting,missing_slang|contains_unknown_terms|low_translation_confidence,review_unknown_terms,7
1936,"[Trivia] No one answered correctly. FeelsBadMan The answer was: "" Sugar Booger """,trivia no one answered correctly. feelsbadman the answer was sugar booger,twitch,twitch,,booger,missing_slang|contains_unknown_terms|low_translation_confidence,review_unknown_terms,7
167,[Trivia] The reddish stalks of this vegetable are often added to strawberry pie,trivia the reddish stalks of this vegetable are often added to strawberry pie,twitch,twitch,,added|strawberry,missing_slang|contains_unknown_terms|low_translation_confidence,review_unknown_terms,7
3580,EXPLAINING streamer making claims,explaining streamer making claims,twitch,twitch,,explaining,missing_slang|contains_unknown_terms|low_translation_confidence,review_unknown_terms,7
3575,its on the frickin 26th you actual squirrel brains,its on the frickin 26th you actual squirrel brains,twitch,twitch,,squirrel,missing_slang|contains_unknown_terms|low_translation_confidence,review_unknown_terms,7
2600,I was watching the Nicholas Cage trailer. Missed all the trivia FeelsDankMan,i was watching the nicholas cage trailer. missed all the trivia feelsdankman,twitch,twitch,,missed,missing_slang|contains_unknown_terms|low_translation_confidence,review_unknown_terms,7
1920,Smadging if you keep this up you won't be able to do the Christmas present opening stream,smadging if you keep this up you won't be able to do the christmas present opening stream,twitch,twitch,,opening|smadging,missing_slang|contains_unknown_terms|low_translation_confidence,review_unknown_terms,7
1916,when you eat her pussy and she leaves skid marks on your face duckPls,when you eat her pussy and she leaves skid marks on your face duckpls,twitch,twitch,,duckpls,missing_slang|contains_unknown_terms|low_translation_confidence,review_unknown_terms,7
1915,"EXPLAINING call me i need to cum i'm so horny; choke me, i'm so sad","explaining call me i need to cum i'm so horny choke me, i'm so sad",twitch,twitch,,explaining,missing_slang|contains_unknown_terms|low_translation_confidence,review_unknown_terms,7
1914,"I think his ""reset"" was supposed to be around 8pm EST",i think his reset was supposed to be around 8pm est,twitch,twitch,,supposed,missing_slang|contains_unknown_terms|low_translation_confidence,review_unknown_terms,7
1910,[2021-03-30 05:34:55 UTC] moonmoon: hey :),2021-03-30 05 34 55 utc moonmoon hey,twitch,twitch,,moonmoon,missing_slang|contains_unknown_terms|low_translation_confidence,review_unknown_terms,7
1939,"[Trivia] This breakfast goody has been described as ""an unsweetened doughnut with rigor mortis""",trivia this breakfast goody has been described as an unsweetened doughnut with rigor mortis,twitch,twitch,,described|goody|unsweetened,missing_slang|contains_unknown_terms|low_translation_confidence,review_unknown_terms,7
139,Pispet too much of a slut for me radiantSip,pispet too much of a slut for me radiantsip,twitch,twitch,,too,missing_slang|contains_unknown_terms|low_translation_confidence,review_unknown_terms,7
1378,"[Trivia] He also hosted the game shows ""Earn Your Vacation"" & ""Who Do You Trust?""",trivia he also hosted the game shows earn your vacation who do you trust,twitch,twitch,,hosted,missing_slang|contains_unknown_terms|low_translation_confidence,review_unknown_terms,7
411,and it was actually fitting lmao,and it was actually fitting lmao,twitch,twitch,,fitting,missing_slang|contains_unknown_terms|low_translation_confidence,review_unknown_terms,7
408,ACTION The trigger is pulled. A bullet fired. F for AIterAce FeelsBadMan,action the trigger is pulled. a bullet fired. f for aiterace feelsbadman,twitch,twitch,,fired|pulled,missing_slang|contains_unknown_terms|low_translation_confidence,review_unknown_terms,7
1335,Me - *Screws up sleeping schedule for Soda streams* Soda - *Doesn't Stream*  monkerS,me - screws up sleeping schedule for soda streams soda - doesn't stream monkers,twitch,twitch,,sleeping,missing_slang|contains_unknown_terms|low_translation_confidence,review_unknown_terms,7
2933,i'm trying to dock it,i'm trying to dock it,twitch,twitch,,trying,missing_slang|contains_unknown_terms|low_translation_confidence,review_unknown_terms,7
2930,Im not working on it,im not working on it,twitch,twitch,,working,missing_slang|contains_unknown_terms|low_translation_confidence,review_unknown_terms,7
2922,[Trivia] An action that makes a bad situation worse is often described as “rubbing” what “into a wound”?,trivia an action that makes a bad situation worse is often described as rubbing what into a wound,twitch,twitch,,described|rubbing,missing_slang|contains_unknown_terms|low_translation_confidence,review_unknown_terms,7
2920,docker is not really for things you're actively working on LULW,docker is not really for things you're actively working on lulw,twitch,twitch,,working,missing_slang|contains_unknown_terms|low_translation_confidence,review_unknown_terms,7
2975,[Trivia] @shaun986 berra is close. [Similarity: 67%],trivia berra is close. similarity 67,twitch,twitch,,berra,missing_slang|contains_unknown_terms|low_translation_confidence,review_unknown_terms,7
1283,"hogings, Counting occurrences of /d[ao]nk/i for user 'hogings' in channel 'sodapoppin'...","hogings, counting occurrences of d ao nk i for user 'hogings' in channel 'sodapoppin'",twitch,twitch,,counting|occurrences,missing_slang|contains_unknown_terms|low_translation_confidence,review_unknown_terms,7
1281,"brian6932, Counting occurrences of /d[ao]nk/i for user 'brian6932' in channel 'sodapoppin'...","brian6932, counting occurrences of d ao nk i for user 'brian6932' in channel 'sodapoppin'",twitch,twitch,,counting|occurrences,missing_slang|contains_unknown_terms|low_translation_confidence,review_unknown_terms,7
1238,[Trivia] This astronaut dropped out of Swarthmore to pursue a tennis career but later earned her Ph.D. at Stanford,trivia this astronaut dropped out of swarthmore to pursue a tennis career but later earned her ph.d. at stanford,twitch,twitch,,dropped|earned,missing_slang|contains_unknown_terms|low_translation_confidence,review_unknown_terms,7
452,"Amo's was a gifted sub, what can i do? sodaSUFFER","amo's was a gifted sub, what can i do? sodasuffer",twitch,twitch,,gifted,missing_slang|contains_unknown_terms|low_translation_confidence,review_unknown_terms,7
1318,"@TheUltraCoolCutieBoBo, TheUltraCoolCutieBoBo has been following Meow for 28 minutes and 7 seconds",theultracoolcutiebobo has been following meow for 28 minutes and 7 seconds,twitch,twitch,,theultracoolcutiebobo,missing_slang|contains_unknown_terms|low_translation_confidence,review_unknown_terms,7
1347,[Trivia] @brian6932 larry a is close. [Similarity: 50%],trivia larry a is close. similarity 50,twitch,twitch,,larry,missing_slang|contains_unknown_terms|low_translation_confidence,review_unknown_terms,7
1341,"[Trivia] In 1984, the NBA Championship Trophy was renamed to honor what legendary NBA Commissioner?","trivia in 1984, the nba championship trophy was renamed to honor what legendary nba commissioner",twitch,twitch,,renamed,missing_slang|contains_unknown_terms|low_translation_confidence,review_unknown_terms,7
2953,[Scramble] A scramble game has started.  Unscramble the following word to win: rrpoeret,scramble a scramble game has started. unscramble the following word to win rrpoeret,twitch,twitch,,rrpoeret,missing_slang|contains_unknown_terms|low_translation_confidence,review_unknown_terms,7
2950,"did chat delay get removed, it used to be like 3 seconds before your messages got sent","did chat delay get removed, it used to be like 3 seconds before your messages got sent",twitch,twitch,,removed,missing_slang|contains_unknown_terms|low_translation_confidence,review_unknown_terms,7
2947,"ask nicely like this dex, docPls","ask nicely like this dex, docpls",twitch,twitch,,docpls,missing_slang|contains_unknown_terms|low_translation_confidence,review_unknown_terms,7
1380,i call it ping pong,i call it ping pong,twitch,twitch,,ping,missing_slang|contains_unknown_terms|low_translation_confidence,review_unknown_terms,7
174,alzexx lay on my lap i fix happythoNod,alzexx lay on my lap i fix happythonod,twitch,twitch,,alzexx,missing_slang|contains_unknown_terms|low_translation_confidence,review_unknown_terms,7
2606,"I think the last movie of his I watched was Mandy, which was a good one","i think the last movie of his i watched was mandy, which was a good one",twitch,twitch,,watched,missing_slang|contains_unknown_terms|low_translation_confidence,review_unknown_terms,7
2603,dude looks like he hasn't aged since national treasure,dude looks like he hasn't aged since national treasure,twitch,twitch,,aged,missing_slang|contains_unknown_terms|low_translation_confidence,review_unknown_terms,7
2602,i watched like half of it,i watched like half of it,twitch,twitch,,watched,missing_slang|contains_unknown_terms|low_translation_confidence,review_unknown_terms,7
1995,"we cant even keep our meat refrigerated for transportation, imagine selling ice cream","we cant even keep our meat refrigerated for transportation, imagine selling ice cream",twitch,twitch,,refrigerated|selling,missing_slang|contains_unknown_terms|low_translation_confidence,review_unknown_terms,7
1993,kevinrez15 licks the feet of lom_usliik peepoFeet 1656 feet have been licked.,kevinrez15 licks the feet of lom usliik peepofeet 1656 feet have been licked,twitch,twitch,,licked,missing_slang|contains_unknown_terms|low_translation_confidence,review_unknown_terms,7
2597,kevinrez15 licks the feet of kappakapricorn peepoFeet 1658 feet have been licked.,kevinrez15 licks the feet of kappakapricorn peepofeet 1658 feet have been licked,twitch,twitch,,licked,missing_slang|contains_unknown_terms|low_translation_confidence,review_unknown_terms,7
2595,"@razfinch Avoid mixing Ginger Nuts with other biscuits, they contaminate. Keep separated.","avoid mixing ginger nuts with other biscuits, they contaminate. keep separated",twitch,twitch,,mixing|separated,missing_slang|contains_unknown_terms|low_translation_confidence,review_unknown_terms,7
2594,[Trivia] It's a family of tiny building blocks of matter,trivia it's a family of tiny building blocks of matter,twitch,twitch,,building,missing_slang|contains_unknown_terms|low_translation_confidence,review_unknown_terms,7
2588,"@brian6932 oh I just said ""brian"" as an answer, sorry LULW","oh i just said brian as an answer, sorry lulw",twitch,twitch,,sorry,missing_slang|contains_unknown_terms|low_translation_confidence,review_unknown_terms,7
2587,Thank you for subscribing with prime gaming for 45 months mugetsu357 meow MYAAA,thank you for subscribing with prime gaming for 45 months mugetsu357 meow myaa,twitch,twitch,,gaming|subscribing,missing_slang|contains_unknown_terms|low_translation_confidence,review_unknown_terms,7
1988,[Trivia] In August 2011 this shortstop surpassed Mickey Mantle for most career games played as a Yankee,trivia in august 2011 this shortstop surpassed mickey mantle for most career games played as a yankee,twitch,twitch,,played|surpassed,missing_slang|contains_unknown_terms|low_translation_confidence,review_unknown_terms,7
1954,omg unsweetened donut WAYTOODANK,omg unsweetened donut waytoodank,twitch,twitch,,omg|unsweetened|waytoodank,missing_slang|contains_unknown_terms|low_translation_confidence,review_unknown_terms,7
1952,"[Trivia] The rose known as ""Mme. Ferdinand Jamin"" became more popular in the U.S. when it was renamed ""American"" this",trivia the rose known as mme. ferdinand jamin became more popular in the u.s. when it was renamed american this,twitch,twitch,,renamed,missing_slang|contains_unknown_terms|low_translation_confidence,review_unknown_terms,7
3611,Cant wait for epic gaming today!,cant wait for epic gaming today,twitch,twitch,,gaming,missing_slang|contains_unknown_terms|low_translation_confidence,review_unknown_terms,7
1326,adinSUS what are you tasting hog,adinsus what are you tasting hog,twitch,twitch,,tasting,missing_slang|contains_unknown_terms|low_translation_confidence,review_unknown_terms,7
466,Who is he talking to,who is he talking to,twitch,twitch,,talking,missing_slang|contains_unknown_terms|low_translation_confidence,review_unknown_terms,7
463,youre already in bed,youre already in bed,twitch,twitch,,bed,missing_slang|contains_unknown_terms|low_translation_confidence,review_unknown_terms,7
2961,"@crashfort, that is called auto mod, a message has to be flagged for that first","that is called auto mod, a message has to be flagged for that first",twitch,twitch,,flagged,missing_slang|contains_unknown_terms|low_translation_confidence,review_unknown_terms,7
1271,"[Trivia] In an essay defending this 2011 film, Myrlie Evers-Williams said, ""My mother was"" this film ""& so was her mother""","trivia in an essay defending this 2011 film, myrlie evers-williams said, my mother was this film so was her mother",twitch,twitch,,defending,missing_slang|contains_unknown_terms|low_translation_confidence,review_unknown_terms,7
1205,sodaDink koookiez nuthlusbot zaspi__ anottherrandomviewer veqx hakalanjouni isa_maass,sodadink kookiez nuthlusbot zaspi anottherrandomviewer veqx hakalanjouni isa maass,twitch,twitch,,anottherrandomviewer|kookiez,missing_slang|contains_unknown_terms|low_translation_confidence,review_unknown_terms,7
454,ACTION nyxious tucks pispet into bed Okayge 👉 🛏️ Tuckge,action nyxious tucks pispet into bed okayge tuckge,twitch,twitch,,bed,missing_slang|contains_unknown_terms|low_translation_confidence,review_unknown_terms,7
3429,how many here are too old to get hammered in the new year,how many here are too old to get hammered in the new year,twitch,twitch,,hammered|too,missing_slang|contains_unknown_terms|low_translation_confidence,review_unknown_terms,7
3420,"Nerdge my algorithm has shown over the last several months that demanding a stream adversely affects the likelihood of a stream occuring. infact, each chat contiguous message diminishes odds by 10s of orders of magnitude when coupled with a 3rd party ""emote""","nerdge my algorithm has shown over the last several months that demanding a stream adversely affects the likelihood of a stream occuring. infact, each chat contiguous message diminishes odds by 10s of orders of magnitude when coupled with a 3rd party emote",twitch,twitch,,coupled|demanding|likelihood|occuring,missing_slang|contains_unknown_terms|low_translation_confidence,review_unknown_terms,7
3419,sodaL Thanks for subscribing yakaiz meow MYAAA,sodal thanks for subscribing yakaiz meow myaa,twitch,twitch,,subscribing,missing_slang|contains_unknown_terms|low_translation_confidence,review_unknown_terms,7
3010,the teacher said that the thing i needed help with was in a specific time point of a vid but its not Smadge,the teacher said that the thing i needed help with was in a specific time point of a vid but its not smadge,twitch,twitch,,needed,missing_slang|contains_unknown_terms|low_translation_confidence,review_unknown_terms,7
3008,kjones Smadging ur trash,kjones smadging ur trash,twitch,twitch,,smadging,missing_slang|contains_unknown_terms|low_translation_confidence,review_unknown_terms,7
3001,online school must be so hard,online school must be so hard,twitch,twitch,,school,missing_slang|contains_unknown_terms|low_translation_confidence,review_unknown_terms,7
1261,[2021-01-27 20:36:44 UTC] hogings: hogingPing yep,2021-01-27 20 36 44 utc hogings hogingping yep,twitch,twitch,,hogingping,missing_slang|contains_unknown_terms|low_translation_confidence,review_unknown_terms,7
1230,ACTION The trigger is pulled. A bullet fired. F for Hogings FeelsBadMan,action the trigger is pulled. a bullet fired. f for hogings feelsbadman,twitch,twitch,,fired|pulled,missing_slang|contains_unknown_terms|low_translation_confidence,review_unknown_terms,7
1223,"@Hogings, Hogings created their account 9 years, 5 months, 13 days and 8 hours ago.","hogings created their account 9 years, 5 months, 13 days and 8 hours ago",twitch,twitch,,created,missing_slang|contains_unknown_terms|low_translation_confidence,review_unknown_terms,7
1208,"@drapsnatt, FeelsDankMan your bot got pinged",feelsdankman your bot got pinged,twitch,twitch,,pinged,missing_slang|contains_unknown_terms|low_translation_confidence,review_unknown_terms,7
3020,environmental design aka making a whole ass scene in unreal and 3D modeling all of the assets,environmental design aka making a whole ass scene in unreal and 3d modeling all of the assets,twitch,twitch,,modeling,missing_slang|contains_unknown_terms|low_translation_confidence,review_unknown_terms,7
2570,"@Nacchikins, you pinged me LULW",you pinged me lulw,twitch,twitch,,pinged,missing_slang|contains_unknown_terms|low_translation_confidence,review_unknown_terms,7
1983,yes I googled that LULW,yes i googled that lulw,twitch,twitch,,googled,missing_slang|contains_unknown_terms|low_translation_confidence,review_unknown_terms,7
2004,"[Trivia] ""The wheel is turning, but"" this rodent, Cricetus cricetus, ""is dead""","trivia the wheel is turning, but this rodent, cricetus cricetus, is dead",twitch,twitch,,turning,missing_slang|contains_unknown_terms|low_translation_confidence,review_unknown_terms,7
2078,[Trivia] A 2003 USA Today survey of all time great NLF QBs revealed the top 4 all have first names beginning with this letter,trivia a 2003 usa today survey of all time great nlf qbs revealed the top 4 all have first names beginning with this letter,twitch,twitch,,beginning|revealed,missing_slang|contains_unknown_terms|low_translation_confidence,review_unknown_terms,7
2076,I answeer before I read them sometimes and it makes it harder lol,i answeer before i read them sometimes and it makes it harder lol,twitch,twitch,,lol,missing_slang|contains_unknown_terms|low_translation_confidence,review_unknown_terms,7
2073,[Trivia] Brackets are best described as “square-cornered” versions of what other punctuation marks?,trivia brackets are best described as square-cornered versions of what other punctuation marks,twitch,twitch,,cornered|described,missing_slang|contains_unknown_terms|low_translation_confidence,review_unknown_terms,7
2024,"[Trivia] This island's Mataveri Intl. Airport, the world's most remote, is serviced only by Chile's LAN Airlines","trivia this island's mataveri intl. airport, the world's most remote, is serviced only by chile's lan airlines",twitch,twitch,,serviced,missing_slang|contains_unknown_terms|low_translation_confidence,review_unknown_terms,7
2022,lol I had a synonym,lol i had a synonym,twitch,twitch,,lol,missing_slang|contains_unknown_terms|low_translation_confidence,review_unknown_terms,7
2044,ACTION The trigger is pulled. A bullet fired. F for Drizin FeelsBadMan,action the trigger is pulled. a bullet fired. f for drizin feelsbadman,twitch,twitch,,fired|pulled,missing_slang|contains_unknown_terms|low_translation_confidence,review_unknown_terms,7
2036,"[Trivia] Pop star Pink has blushed pink before but says, ""I also loved Mr. Pink"", a character in this Tarantino film","trivia pop star pink has blushed pink before but says, i also loved mr. pink , a character in this tarantino film",twitch,twitch,,blushed|loved,missing_slang|contains_unknown_terms|low_translation_confidence,review_unknown_terms,7
2035,PauseChamp food arriving in 5,pausechamp food arriving in 5,twitch,twitch,,arriving,missing_slang|contains_unknown_terms|low_translation_confidence,review_unknown_terms,7
2154,"[Trivia] In 1945 this First Lady moved from the White House to Val-Kill, a mansion near the Hudson","trivia in 1945 this first lady moved from the white house to val-kill, a mansion near the hudson",twitch,twitch,,moved,missing_slang|contains_unknown_terms|low_translation_confidence,review_unknown_terms,7
500,ultracoolcutiebobo more like ultracoolcutiebobutt,ultracoolcutiebobo more like ultracoolcutiebobutt,twitch,twitch,,ultracoolcutiebobo|ultracoolcutiebobutt,missing_slang|contains_unknown_terms|low_translation_confidence,review_unknown_terms,7
1196,[2021-04-30 02:55:48 UTC] theultracoolcutiebobo: Nah I cant,2021-04-30 02 55 48 utc theultracoolcutiebobo nah i cant,twitch,twitch,,theultracoolcutiebobo,missing_slang|contains_unknown_terms|low_translation_confidence,review_unknown_terms,7
1195,ACTION TheUltraCoolCutieBoBo rolls 67331 (1-69420),action theultracoolcutiebobo rolls 67331 1-69420,twitch,twitch,,theultracoolcutiebobo,missing_slang|contains_unknown_terms|low_translation_confidence,review_unknown_terms,7
1193,[2021-12-02 08:13:42 UTC] theultracoolcutiebobo: tnk you used to use those emotes you cant judge that much SMH,2021-12-02 08 13 42 utc theultracoolcutiebobo tnk you used to use those emotes you cant judge that much smh,twitch,twitch,,smh|theultracoolcutiebobo,missing_slang|contains_unknown_terms|low_translation_confidence,review_unknown_terms,7
1219,Thank you for subscribing with prime gaming for 13 months FleekTheBean meow MYAAA,thank you for subscribing with prime gaming for 13 months fleekthebean meow myaa,twitch,twitch,,gaming|subscribing,missing_slang|contains_unknown_terms|low_translation_confidence,review_unknown_terms,7
1214,what are you talking about Clueless,what are you talking about clueless,twitch,twitch,,talking,missing_slang|contains_unknown_terms|low_translation_confidence,review_unknown_terms,7
3037,im stuck at making the leaf cards work because he didnt show what the card's material is in the video like i originally asked him 2 weeks ago Smadge,im stuck at making the leaf cards work because he didnt show what the card's material is in the video like i originally asked him 2 weeks ago smadge,twitch,twitch,,asked,missing_slang|contains_unknown_terms|low_translation_confidence,review_unknown_terms,7
3069,maya just feels so technical and boring,maya just feels so technical and boring,twitch,twitch,,boring,missing_slang|contains_unknown_terms|low_translation_confidence,review_unknown_terms,7
3066,"[Trivia] Kristin Kreuk plays Lana Lang, the untouchable girl next door, on this WB series","trivia kristin kreuk plays lana lang, the untouchable girl next door, on this wb series",twitch,twitch,,door,missing_slang|contains_unknown_terms|low_translation_confidence,review_unknown_terms,7
1180,"@eynahl When hugging, hug with both arms and apply reasonable, affectionate pressure.","when hugging, hug with both arms and apply reasonable, affectionate pressure",twitch,twitch,,hugging,missing_slang|contains_unknown_terms|low_translation_confidence,review_unknown_terms,7
1176,Furrys ARE AOOOO CUTEEEE,furrys are aoo cutee,twitch,twitch,,aoo|furrys,missing_slang|contains_unknown_terms|low_translation_confidence,review_unknown_terms,7
517,Tuckge gn tomi sodaBOOP oathWink,tuckge gn tomi sodaboop oathwink,twitch,twitch,,sodaboop,missing_slang|contains_unknown_terms|low_translation_confidence,review_unknown_terms,7
512,vIsSx vulpes3Bite vulpes3Tail rood,vissx vulpes3bite vulpes3tail rood,twitch,twitch,,rood,missing_slang|contains_unknown_terms|low_translation_confidence,review_unknown_terms,7
1130,stop bapping you perv radiantReee,stop bapping you perv radiantree,twitch,twitch,,bapping,missing_slang|contains_unknown_terms|low_translation_confidence,review_unknown_terms,7
3054,the slow suffering begins sodaSUFFER,the slow suffering begins sodasuffer,twitch,twitch,,suffering,missing_slang|contains_unknown_terms|low_translation_confidence,review_unknown_terms,7
3048,"@melloal Keyboard is a Glorious GMMK Pro with: Aluminum Plate, Glorious Pandas (lubed) switches, Nebula coiled cable, and a mix of Nebula and Rain Forest key caps. https://www.twitch.tv/videos/1134433347","keyboard is a glorious gmmk pro with aluminum plate, glorious pandas lubed switches, nebula coiled cable, and a mix of nebula and rain forest key caps",twitch,twitch,,coiled|lubed,missing_slang|contains_unknown_terms|low_translation_confidence,review_unknown_terms,7
1115,crumpThink Wonder when Wulfer and vIsSx will get married,crumpthink wonder when wulfer and vissx will get married,twitch,twitch,,married,missing_slang|contains_unknown_terms|low_translation_confidence,review_unknown_terms,7
1113,"@wrangler02, Hmm I know how to simulate clicks and keyboard shortcuts for macros, I haven't ever tried simulating mouse movements, but it should be possible afaik","hmm i know how to simulate clicks and keyboard shortcuts for macros, i haven't ever tried simulating mouse movements, but it should be possible afaik",twitch,twitch,,simulating,missing_slang|contains_unknown_terms|low_translation_confidence,review_unknown_terms,7
3019,the ting goes ska FeelsDankMan,the ting goes ska feelsdankman,twitch,twitch,,ting,missing_slang|contains_unknown_terms|low_translation_confidence,review_unknown_terms,7
149,why am i being attacked totsDead,why am i being attacked totsdead,twitch,twitch,,attacked,missing_slang|contains_unknown_terms|low_translation_confidence,review_unknown_terms,7
147,"[Trivia] The name of these tiny dumplings served as a side dish means ""little sparrow"" in German",trivia the name of these tiny dumplings served as a side dish means little sparrow in german,twitch,twitch,,served|sparrow,missing_slang|contains_unknown_terms|low_translation_confidence,review_unknown_terms,7
144,Pispet is too easy muniNotes want someone a lil harder to get,pispet is too easy muninotes want someone a lil harder to get,twitch,twitch,,too,missing_slang|contains_unknown_terms|low_translation_confidence,review_unknown_terms,7
2111,[Trivia] A shortened version of the name of trapper Etienne Provost is on a college town in this western state,trivia a shortened version of the name of trapper etienne provost is on a college town in this western state,twitch,twitch,,shortened,missing_slang|contains_unknown_terms|low_translation_confidence,review_unknown_terms,7
2149,"[Trivia] Dolittle,Strangelove and Zhivago are surnames of classic movie characters who share what distinguished title?","trivia dolittle,strangelove and zhivago are surnames of classic movie characters who share what distinguished title",twitch,twitch,,distinguished,missing_slang|contains_unknown_terms|low_translation_confidence,review_unknown_terms,7
2139,@nacchikins => Command execution failed: Failed to retrieve a question.,command execution failed failed to retrieve a question,twitch,twitch,,failed,missing_slang|contains_unknown_terms|low_translation_confidence,review_unknown_terms,7
2104,"[Trivia] According to a common idiom, extremely close friends are said to be “as thick as” what?","trivia according to a common idiom, extremely close friends are said to be as thick as what",twitch,twitch,,according,missing_slang|contains_unknown_terms|low_translation_confidence,review_unknown_terms,7
2529,[Trivia] By Jove!  This father of Jove has a day & a planet named for him,trivia by jove! this father of jove has a day a planet named for him,twitch,twitch,,named,missing_slang|contains_unknown_terms|low_translation_confidence,review_unknown_terms,7
2522,"[Trivia] Tofu is believed to have originated 2,000 years ago with the Han Dynasty of this country","trivia tofu is believed to have originated 2,00 years ago with the han dynasty of this country",twitch,twitch,,believed|originated,missing_slang|contains_unknown_terms|low_translation_confidence,review_unknown_terms,7
2518,"[Trivia] In one legend, Juno condemned this nymph, saying, ""You shall still have the last word, but no power to speak first""","trivia in one legend, juno condemned this nymph, saying, you shall still have the last word, but no power to speak first",twitch,twitch,,condemned|saying,missing_slang|contains_unknown_terms|low_translation_confidence,review_unknown_terms,7
1141,"Thanks for gifting Chicbreeze a sub, ChillyHTX meow MYAAA","thanks for gifting chicbreeze a sub, chillyhtx meow myaa",twitch,twitch,,gifting,missing_slang|contains_unknown_terms|low_translation_confidence,review_unknown_terms,7
1132,vIsSx BAPPED be nice,vissx bapped be nice,twitch,twitch,,bapped,missing_slang|contains_unknown_terms|low_translation_confidence,review_unknown_terms,7
3407,good for current chat state,good for current chat state,twitch,twitch,,current,missing_slang|contains_unknown_terms|low_translation_confidence,review_unknown_terms,7
3403,it is too donk FeelsDankMan,it is too donk feelsdankman,twitch,twitch,,too,missing_slang|contains_unknown_terms|low_translation_confidence,review_unknown_terms,7
533,@Pispet i just walked in the door,i just walked in the door,twitch,twitch,,door|walked,missing_slang|contains_unknown_terms|low_translation_confidence,review_unknown_terms,7
532,WICKED but i obviously live in japan,wicked but i obviously live in japan,twitch,twitch,,wicked,missing_slang|contains_unknown_terms|low_translation_confidence,review_unknown_terms,7
528,And wrangler is playing softcore diablo 2 resurrected,and wrangler is playing softcore diablo 2 resurrected,twitch,twitch,,resurrected,missing_slang|contains_unknown_terms|low_translation_confidence,review_unknown_terms,7
3074,I thought I repressed those memories about learning maya sodaSUFFER,i thought i repressed those memories about learning maya sodasuffer,twitch,twitch,,learning|repressed,missing_slang|contains_unknown_terms|low_translation_confidence,review_unknown_terms,7
3073,"[Trivia] Maker of racing saddles for these, like the Diplodocus & the Iguanandon","trivia maker of racing saddles for these, like the diplodocus the iguanandon",twitch,twitch,,racing,missing_slang|contains_unknown_terms|low_translation_confidence,review_unknown_terms,7
3072,Maya is a program for Electron Microscopes too LULW,maya is a program for electron microscopes too lulw,twitch,twitch,,too,missing_slang|contains_unknown_terms|low_translation_confidence,review_unknown_terms,7
1022,Mr wrangler02 xqcI anything u wanna say to the chat listening to you?,mr wrangler02 xqci anything u wanna say to the chat listening to you,twitch,twitch,,listening,missing_slang|contains_unknown_terms|low_translation_confidence,review_unknown_terms,7
545,ChillyHTX (im joking i will probably find someone who makes me watch anime some day SHRUGGERS ),chillyhtx im joking i will probably find someone who makes me watch anime some day shruggers,twitch,twitch,,joking,missing_slang|contains_unknown_terms|low_translation_confidence,review_unknown_terms,7
1063,JustCame finally time for cartoons,justcame finally time for cartoons,twitch,twitch,,cartoons,missing_slang|contains_unknown_terms|low_translation_confidence,review_unknown_terms,7
1062,ACTION ChillyHTX tucks TOMIIII into bed Okayge 👉 🛏️ Tuckge,action chillyhtx tucks tomii into bed okayge tuckge,twitch,twitch,,bed,missing_slang|contains_unknown_terms|low_translation_confidence,review_unknown_terms,7
1051,xqcI mr bobo any goodnight wishes?,xqci mr bobo any goodnight wishes,twitch,twitch,,goodnight,missing_slang|contains_unknown_terms|low_translation_confidence,review_unknown_terms,7
1046,xqcI wrangler02 we didnt asked haha,xqci wrangler02 we didnt asked haha,twitch,twitch,,asked,missing_slang|contains_unknown_terms|low_translation_confidence,review_unknown_terms,7
3084,"Jazzykat, artists prefer another program... zbrush ?","jazzykat, artists prefer another program. zbrush",twitch,twitch,,jazzykat,missing_slang|contains_unknown_terms|low_translation_confidence,review_unknown_terms,7
1042,they spelled civilians wrong,they spelled civilians wrong,twitch,twitch,,spelled,missing_slang|contains_unknown_terms|low_translation_confidence,review_unknown_terms,7
1040,xqcI thoughts on the new emote monkaHeliWatchesWidePeepoHappySmokesWhileRunningOverCivilansOfChicagoAndFatDankPeepoIsAlsoThereToo ? Mr eynahl,xqci thoughts on the new emote monkaheliwatcheswidepeepohappysmokeswhilerunningovercivilansofchicagoandfatdankpeepoisalsotheretoo ? mr eynahl,twitch,twitch,,monkaheliwatcheswidepeepohappysmokeswhilerunningovercivilansofchicagoandfatdankpeepoisalsotheretoo,missing_slang|contains_unknown_terms|low_translation_confidence,review_unknown_terms,7
1037,xqcI good morning eynahl,xqci good morning eynahl,twitch,twitch,,morning,missing_slang|contains_unknown_terms|low_translation_confidence,review_unknown_terms,7
1111,@brian6932 is it easy to make ahk do mouse movements just in a circle without clicking,is it easy to make ahk do mouse movements just in a circle without clicking,twitch,twitch,,clicking,missing_slang|contains_unknown_terms|low_translation_confidence,review_unknown_terms,7
126,Check out Chance's latest youtube video: ASSASSINATING COPS as a cat! | GTA RP NoPixel 3.0 - https://youtu.be/_i3N9Z1MtbE,check out chance's latest youtube video assassinating cops as a cat! gta rp nopixel 3.0,twitch,twitch,,assassinating,missing_slang|contains_unknown_terms|low_translation_confidence,review_unknown_terms,7
2515,he has a movie coming out where he is just himself,he has a movie coming out where he is just himself,twitch,twitch,,coming,missing_slang|contains_unknown_terms|low_translation_confidence,review_unknown_terms,7
2165,"5Head 1945 is around WW2, Roosevelt was the president during WW2","5head 1945 is around ww2, roosevelt was the president during ww2",twitch,twitch,,roosevelt,missing_slang|contains_unknown_terms|low_translation_confidence,review_unknown_terms,7
2128,"[Trivia] From 1916 to 2001,the Boeing aircraft company was headquartered in what city?","trivia from 1916 to 2001,the boeing aircraft company was headquartered in what city",twitch,twitch,,boeing|headquartered,missing_slang|contains_unknown_terms|low_translation_confidence,review_unknown_terms,7
2123,[Trivia] A 2011 New York Times obituary for the late Peter Falk discussed the actor’s 30-plus year gig as what TV character?,trivia a 2011 new york times obituary for the late peter falk discussed the actor s 30-plus year gig as what tv character,twitch,twitch,,discussed,missing_slang|contains_unknown_terms|low_translation_confidence,review_unknown_terms,7
3145,he released a beta with an endless first part,he released a beta with an endless first part,twitch,twitch,,released,missing_slang|contains_unknown_terms|low_translation_confidence,review_unknown_terms,7
3144,which is why im so bored,which is why im so bored,twitch,twitch,,bored,missing_slang|contains_unknown_terms|low_translation_confidence,review_unknown_terms,7
3134,Is anyone else seeing massive emotes in chat?? Wtf is going on,is anyone else seeing massive emotes in chat. wtf is going on,twitch,twitch,,seeing,missing_slang|contains_unknown_terms|low_translation_confidence,review_unknown_terms,7
3126,and its fricking laaaaaaaaaaaaaaaaaaame,and its fricking laame,twitch,twitch,,fricking,missing_slang|contains_unknown_terms|low_translation_confidence,review_unknown_terms,7
1034,morning eynahl sodaBOOP oathLove,morning eynahl sodaboop oathlove,twitch,twitch,,morning|sodaboop,missing_slang|contains_unknown_terms|low_translation_confidence,review_unknown_terms,7
1030,xqcI that was... interesting,xqci that was. interesting,twitch,twitch,,interesting,missing_slang|contains_unknown_terms|low_translation_confidence,review_unknown_terms,7
1052,i wish that you'll go to bed,i wish that you'll go to bed,twitch,twitch,,bed,missing_slang|contains_unknown_terms|low_translation_confidence,review_unknown_terms,7
1016,Drago is a furry SMH,drago is a furry smh,twitch,twitch,,furry|smh,missing_slang|contains_unknown_terms|low_translation_confidence,review_unknown_terms,7
565,ill be working every day up to but not including christmas eve,ill be working every day up to but not including christmas eve,twitch,twitch,,including|working,missing_slang|contains_unknown_terms|low_translation_confidence,review_unknown_terms,7
563,We are waiting for steam,we are waiting for steam,twitch,twitch,,waiting,missing_slang|contains_unknown_terms|low_translation_confidence,review_unknown_terms,7
3102,"Jazzykat, I only tested blender though SHRUGGERS","jazzykat, i only tested blender though shruggers",twitch,twitch,,jazzykat|tested,missing_slang|contains_unknown_terms|low_translation_confidence,review_unknown_terms,7
3099,"[Trivia] Because ultra-violet rays prompt the body to produce it, Vitamin D is often referred to by what nickname?","trivia because ultra-violet rays prompt the body to produce it, vitamin d is often referred to by what nickname",twitch,twitch,,referred,missing_slang|contains_unknown_terms|low_translation_confidence,review_unknown_terms,7
3098,"@kjones086, ya a lot of artists use zbrush for sculpting",ya a lot of artists use zbrush for sculpting,twitch,twitch,,sculpting,missing_slang|contains_unknown_terms|low_translation_confidence,review_unknown_terms,7
3097,COPIUMTRUCK SSS is happening,copiumtruck ss is happening,twitch,twitch,,happening,missing_slang|contains_unknown_terms|low_translation_confidence,review_unknown_terms,7
1005,justin getting scammed pattiiSMUG,justin getting scammed pattiismug,twitch,twitch,,scammed,missing_slang|contains_unknown_terms|low_translation_confidence,review_unknown_terms,7
1029,ive been procrastinating eating,ive been procrastinating eating,twitch,twitch,,eating|procrastinating,missing_slang|contains_unknown_terms|low_translation_confidence,review_unknown_terms,7
3644,"@SteveShepard U shut your whore mouth, I worked 4 hours of overtime today","u shut your whore mouth, i worked 4 hours of overtime today",twitch,twitch,,worked,missing_slang|contains_unknown_terms|low_translation_confidence,review_unknown_terms,7
3643,@Xinitoro I was looking on a price comparsion site,i was looking on a price comparsion site,twitch,twitch,,looking,missing_slang|contains_unknown_terms|low_translation_confidence,review_unknown_terms,7
110,"yes we are married eeya, hi wife muniDance","yes we are married eeya, hi wife munidance",twitch,twitch,,married,missing_slang|contains_unknown_terms|low_translation_confidence,review_unknown_terms,7
3691,@Nacchikins shipping costs the same,shipping costs the same,twitch,twitch,,shipping,missing_slang|contains_unknown_terms|low_translation_confidence,review_unknown_terms,7
2226,Hmm how long will mr streamers schedule continue to be fucked,hmm how long will mr streamers schedule continue to be fucked,twitch,twitch,,fucked,missing_slang|contains_unknown_terms|low_translation_confidence,review_unknown_terms,7
2225,Smadging WHERE SODA STREAM Smadging WHERE SODA STREAM Smadging WHERE SODA STREAM Smadging WHERE SODA STREAM Smadging WHERE SODA STREAM Smadging WHERE SODA STREAM,smadging where soda stream smadging where soda stream smadging where soda stream smadging where soda stream smadging where soda stream smadging where soda stream,twitch,twitch,,smadging,missing_slang|contains_unknown_terms|low_translation_confidence,review_unknown_terms,7
2220,"[Trivia] Aided by lightning each year, 100 million tons of this gas washes into the soil and becomes fertilizer","trivia aided by lightning each year, 100 million tons of this gas washes into the soil and becomes fertilizer",twitch,twitch,,aided|lightning,missing_slang|contains_unknown_terms|low_translation_confidence,review_unknown_terms,7
2185,"[Trivia] Ending the long autocratic rule of his predecessor, Vojislav Kostunica won this country's presidency in 2000","trivia ending the long autocratic rule of his predecessor, vojislav kostunica won this country's presidency in 200",twitch,twitch,,ending,missing_slang|contains_unknown_terms|low_translation_confidence,review_unknown_terms,7
2210,[Trivia] This Parent Pokémon resembles a Dinosaur with elements of a Kangaroo. Her baby can often be seen in her pouch.,trivia this parent pok mon resembles a dinosaur with elements of a kangaroo. her baby can often be seen in her pouch,twitch,twitch,,kangaroo,missing_slang|contains_unknown_terms|low_translation_confidence,review_unknown_terms,7
2207,"Hmm but it was in 2000, which is what the question asked","hmm but it was in 200, which is what the question asked",twitch,twitch,,asked,missing_slang|contains_unknown_terms|low_translation_confidence,review_unknown_terms,7
2500,[Trivia] Anger about the first of these established by federal law spurred violent protests in NYC in July 1863,trivia anger about the first of these established by federal law spurred violent protests in nyc in july 1863,twitch,twitch,,established|spurred,missing_slang|contains_unknown_terms|low_translation_confidence,review_unknown_terms,7
556,i have work tomorrow too,i have work tomorrow too,twitch,twitch,,too,missing_slang|contains_unknown_terms|low_translation_confidence,review_unknown_terms,7
3114,"[Trivia] If an elevator is crowded, a gentleman needn't remove this when a lady enters","trivia if an elevator is crowded, a gentleman needn't remove this when a lady enters",twitch,twitch,,crowded,missing_slang|contains_unknown_terms|low_translation_confidence,review_unknown_terms,7
1008,wrangler02 u gonna work all year then Smadging,wrangler02 u gonna work all year then smadging,twitch,twitch,,smadging,missing_slang|contains_unknown_terms|low_translation_confidence,review_unknown_terms,7
987,He will probably just let you have your break sooner,he will probably just let you have your break sooner,twitch,twitch,,sooner,missing_slang|contains_unknown_terms|low_translation_confidence,review_unknown_terms,7
984,yea aus gets fucked,yea aus gets fucked,twitch,twitch,,fucked,missing_slang|contains_unknown_terms|low_translation_confidence,review_unknown_terms,7
3380,"hmm, restarting Chatterino just now worked Hmm","hmm, restarting chatterino just now worked hmm",twitch,twitch,,restarting|worked,missing_slang|contains_unknown_terms|low_translation_confidence,review_unknown_terms,7
3378,i just remembered i have some beef in the frigde this gon be a gud nit,i just remembered i have some beef in the frigde this gon be a gud nit,twitch,twitch,,remembered,missing_slang|contains_unknown_terms|low_translation_confidence,review_unknown_terms,7
3373,Smadging NO HE WONT,smadging no he wont,twitch,twitch,,smadging,missing_slang|contains_unknown_terms|low_translation_confidence,review_unknown_terms,7
3372,Smadging NO HE WON,smadging no he won,twitch,twitch,,smadging,missing_slang|contains_unknown_terms|low_translation_confidence,review_unknown_terms,7
3369,@Nacchikins you cursed me monkerS,you cursed me monkers,twitch,twitch,,cursed,missing_slang|contains_unknown_terms|low_translation_confidence,review_unknown_terms,7
3368,Smadging HE'LL STREAM SOON Smadging HE'LL STREAM SOON Smadging HE'LL STREAM SOON Smadging HE'LL STREAM SOON Smadging HE'LL STREAM SOON Smadging HE'LL STREAM SOON,smadging he'll stream soon smadging he'll stream soon smadging he'll stream soon smadging he'll stream soon smadging he'll stream soon smadging he'll stream soon,twitch,twitch,,smadging,missing_slang|contains_unknown_terms|low_translation_confidence,review_unknown_terms,7
3366,and I refreshed multiple times DESKCHAN,and i refreshed multiple times deskchan,twitch,twitch,,refreshed,missing_slang|contains_unknown_terms|low_translation_confidence,review_unknown_terms,7
936,justing gib me t3 to squ peepoSlam,justing gib me t3 to squ peeposlam,twitch,twitch,,justing,missing_slang|contains_unknown_terms|low_translation_confidence,review_unknown_terms,7
934,alsobuoyant see what im saying,alsobuoyant see what im saying,twitch,twitch,,saying,missing_slang|contains_unknown_terms|low_translation_confidence,review_unknown_terms,7
3152,"either their in menu, queue, or standing in a dark room","either their in menu, queue, or standing in a dark room",twitch,twitch,,room|standing,missing_slang|contains_unknown_terms|low_translation_confidence,review_unknown_terms,7
3151,moon is fucking hilarious in EFT,moon is fucking hilarious in eft,twitch,twitch,,fucking|moon,missing_slang|contains_unknown_terms|low_translation_confidence,review_unknown_terms,7
3167,vikito2Sit SantaHat TouchGrass SnowTime sodaSit SantaHat TouchGrass SnowTime Jazzykat,vikito2sit santahat touchgrass snowtime sodasit santahat touchgrass snowtime jazzykat,twitch,twitch,,jazzykat,missing_slang|contains_unknown_terms|low_translation_confidence,review_unknown_terms,7
942,SodapoppinLookingAtYou Thinking1  Sussy  Thinking2,sodapoppinlookingatyou thinking1 sussy thinking2,twitch,twitch,,sodapoppinlookingatyou,missing_slang|contains_unknown_terms|low_translation_confidence,review_unknown_terms,7
559,Play diablo 2 resurrected,play diablo 2 resurrected,twitch,twitch,,resurrected,missing_slang|contains_unknown_terms|low_translation_confidence,review_unknown_terms,7
2241,imagine robbing a bank looking like that,imagine robbing a bank looking like that,twitch,twitch,,looking|robbing,missing_slang|contains_unknown_terms|low_translation_confidence,review_unknown_terms,7
3652,He's allowed to have a few days off.,he's allowed to have a few days off,twitch,twitch,,allowed,missing_slang|contains_unknown_terms|low_translation_confidence,review_unknown_terms,7
3671,i googled amazon and the site is in spanish schnaidah,i googled amazon and the site is in spanish schnaidah,twitch,twitch,,googled,missing_slang|contains_unknown_terms|low_translation_confidence,review_unknown_terms,7
93,"""Have you seen the new Cruella De Ville trailer?"" ""Yeah. They totally girlbossed her. As if she's a villain because she's a girl, not because she tried to make a coat out of puppies.""","have you seen the new cruella de ville trailer? yeah. they totally girlbossed her. as if she's a villain because she's a girl, not because she tried to make a coat out of puppies",urban_dictionary,local_urban_dictionary_api,,girlbossed,missing_slang|contains_unknown_terms|low_translation_confidence,review_unknown_terms,7
3668,@kjones086 ye I use that too,ye i use that too,twitch,twitch,,too,missing_slang|contains_unknown_terms|low_translation_confidence,review_unknown_terms,7
3655,can i get litty amazon deliveries now straight to my door?,can i get litty amazon deliveries now straight to my door,twitch,twitch,,door,missing_slang|contains_unknown_terms|low_translation_confidence,review_unknown_terms,7
2484,"[Trivia] Once ABC's chief White House correspondent, Brit Hume now serves as senior political analyst for this channel","trivia once abc's chief white house correspondent, brit hume now serves as senior political analyst for this channel",twitch,twitch,,correspondent,missing_slang|contains_unknown_terms|low_translation_confidence,review_unknown_terms,7
2478,[Trivia] @gtokie jared is close. [Similarity: 50%],trivia jared is close. similarity 50,twitch,twitch,,jared,missing_slang|contains_unknown_terms|low_translation_confidence,review_unknown_terms,7
3364,I see it too Hmm,i see it too hmm,twitch,twitch,,too,missing_slang|contains_unknown_terms|low_translation_confidence,review_unknown_terms,7
3362,I guess fixing sched didnt workout cuz of thunderstorm,i guess fixing sched didnt workout cuz of thunderstorm,twitch,twitch,,fixing|sched,missing_slang|contains_unknown_terms|low_translation_confidence,review_unknown_terms,7
3359,I subbed to QTpie for 3 years from 2014 LULW,i subbed to qtpie for 3 years from 2014 lulw,twitch,twitch,,subbed,missing_slang|contains_unknown_terms|low_translation_confidence,review_unknown_terms,7
3358,DESKCHAN SOOODA START STREAM DESKCHAN SOOODA START STREAM DESKCHAN SOOODA START STREAM DESKCHAN SOOODA START STREAM DESKCHAN SOOODA START STREAM,deskchan sooda start stream deskchan sooda start stream deskchan sooda start stream deskchan sooda start stream deskchan sooda start stream,twitch,twitch,,sooda,missing_slang|contains_unknown_terms|low_translation_confidence,review_unknown_terms,7
613,apex is for zoomers,apex is for zoomers,twitch,twitch,,zoomers,missing_slang|contains_unknown_terms|low_translation_confidence,review_unknown_terms,7
907,So when does this streamer start streaming  TrollDespair,so when does this streamer start streaming trolldespair,twitch,twitch,,streaming,missing_slang|contains_unknown_terms|low_translation_confidence,review_unknown_terms,7
905,walk that weeby to the shower room kaiouraPout,walk that weeby to the shower room kaiourapout,twitch,twitch,,room,missing_slang|contains_unknown_terms|low_translation_confidence,review_unknown_terms,7
930,i just logged into FF and there were only 9 in queue sodaEZ,i just logged into ff and there were only 9 in queue sodaez,twitch,twitch,,logged,missing_slang|contains_unknown_terms|low_translation_confidence,review_unknown_terms,7
928,Im in bed tho,im in bed tho,twitch,twitch,,bed,missing_slang|contains_unknown_terms|low_translation_confidence,review_unknown_terms,7
3188,"NOTED you can remove your tan with chemical peeling, nice","noted you can remove your tan with chemical peeling, nice",twitch,twitch,,peeling,missing_slang|contains_unknown_terms|low_translation_confidence,review_unknown_terms,7
3184,NOOOO my tan even tho lockdown didnt help me,noo my tan even tho lockdown didnt help me,twitch,twitch,,noo,missing_slang|contains_unknown_terms|low_translation_confidence,review_unknown_terms,7
3177,i only could have 3 layers of chemicals because my skin was starting to lose pigmentation,i only could have 3 layers of chemicals because my skin was starting to lose pigmentation,twitch,twitch,,starting,missing_slang|contains_unknown_terms|low_translation_confidence,review_unknown_terms,7
912,so when does this vtuber starts vtubing?,so when does this vtuber starts vtubing,twitch,twitch,,vtubing,missing_slang|contains_unknown_terms|low_translation_confidence,review_unknown_terms,7
875,@TOMIIll sodaDink this is a test of the automated bobo notification system,sodadink this is a test of the automated bobo notification system,twitch,twitch,,automated,missing_slang|contains_unknown_terms|low_translation_confidence,review_unknown_terms,7
626,Eeya I'm not opening that,eeya i'm not opening that,twitch,twitch,,opening,missing_slang|contains_unknown_terms|low_translation_confidence,review_unknown_terms,7
622,Pispet u gonna like it considering ur age https://www.twitch.tv/amazonmusic selphyIsee,pispet u gonna like it considering ur age selphyisee,twitch,twitch,,considering,missing_slang|contains_unknown_terms|low_translation_confidence,review_unknown_terms,7
620,TOMIIII csgo isnt too bad veiShy I only play a few games anyway,tomii csgo isnt too bad veishy i only play a few games anyway,twitch,twitch,,too,missing_slang|contains_unknown_terms|low_translation_confidence,review_unknown_terms,7
619,ya im zoomer as well,ya im zoomer as well,twitch,twitch,,zoomer,missing_slang|contains_unknown_terms|low_translation_confidence,review_unknown_terms,7
617,xoosd im from 00 im a zoomer,xoosd im from 00 im a zoomer,twitch,twitch,,xoosd|zoomer,missing_slang|contains_unknown_terms|low_translation_confidence,review_unknown_terms,7
2255,[Trivia] It's a stationary crib or cradle with a hood,trivia it's a stationary crib or cradle with a hood,twitch,twitch,,hood,missing_slang|contains_unknown_terms|low_translation_confidence,review_unknown_terms,7
2252,I dated a girl with a birthday then lol,i dated a girl with a birthday then lol,twitch,twitch,,dated|lol,missing_slang|contains_unknown_terms|low_translation_confidence,review_unknown_terms,7
3686,but what about shipping Hmm,but what about shipping hmm,twitch,twitch,,shipping,missing_slang|contains_unknown_terms|low_translation_confidence,review_unknown_terms,7
3685,"snoopydoly, User 'snoopydoly' has 131,859 lines (60.09% unique) in channel 'sodapoppin' with their most lines in January 2021 (16,292 lines)","snoopydoly, user 'snoopydoly' has 131,859 lines 60.09 unique in channel 'sodapoppin' with their most lines in january 2021 16,292 lines",twitch,twitch,,snoopydoly,missing_slang|contains_unknown_terms|low_translation_confidence,review_unknown_terms,7
3684,"snoopydoly, Counting chat lines for user 'snoopydoly' in channel 'sodapoppin'...","snoopydoly, counting chat lines for user 'snoopydoly' in channel 'sodapoppin'",twitch,twitch,,counting|snoopydoly,missing_slang|contains_unknown_terms|low_translation_confidence,review_unknown_terms,7
3681,[2021-02-27 19:29:30 UTC] snoopydoly: he talked back,2021-02-27 19 29 30 utc snoopydoly he talked back,twitch,twitch,,snoopydoly|talked,missing_slang|contains_unknown_terms|low_translation_confidence,review_unknown_terms,7
3673,Alarms are probably too advanced for his mush streamer brain. His normal brain never fully developed,alarms are probably too advanced for his mush streamer brain. his normal brain never fully developed,twitch,twitch,,advanced|developed|too,missing_slang|contains_unknown_terms|low_translation_confidence,review_unknown_terms,7
835,[2021-10-20 04:47:49 UTC] wrangler02: mods in rimworld is like personalizing your car,2021-10-20 04 47 49 utc wrangler02 mods in rimworld is like personalizing your car,twitch,twitch,,personalizing,missing_slang|contains_unknown_terms|low_translation_confidence,review_unknown_terms,7
791,adinSUS wrangler i cant find who asked,adinsus wrangler i cant find who asked,twitch,twitch,,asked,missing_slang|contains_unknown_terms|low_translation_confidence,review_unknown_terms,7
3235,peepoPISSED go live NOW,peepopissed go live now,twitch,twitch,,peepopissed,missing_slang|contains_unknown_terms|low_translation_confidence,review_unknown_terms,7
3229,rooC tannig is for band geeks,rooc tannig is for band geeks,twitch,twitch,,rooc,missing_slang|contains_unknown_terms|low_translation_confidence,review_unknown_terms,7
3346,yup that is sodapooper shaun,yup that is sodapooper shaun,twitch,twitch,,sodapooper,missing_slang|contains_unknown_terms|low_translation_confidence,review_unknown_terms,7
3337,I remeber when he didnt streamed for weeks widepeepoHappy,i remeber when he didnt streamed for weeks widepeepohappy,twitch,twitch,,streamed,missing_slang|contains_unknown_terms|low_translation_confidence,review_unknown_terms,7
642,ok dude who asked,ok dude who asked,twitch,twitch,,asked,missing_slang|contains_unknown_terms|low_translation_confidence,review_unknown_terms,7
635,sodaDink cooklesenpai tinyteeth_ eitchkeii aegirleet gromofananis crowndtv orange_bean,sodadink cooklesenpai tinyteeth eitchkeii aegirleet gromofananis crowndtv orange bean,twitch,twitch,,cooklesenpai,missing_slang|contains_unknown_terms|low_translation_confidence,review_unknown_terms,7
606,ChillyHTX cs is fucking old,chillyhtx cs is fucking old,twitch,twitch,,fucking,missing_slang|contains_unknown_terms|low_translation_confidence,review_unknown_terms,7
3198,so you got some vilitigo looking skin ? monkaW,so you got some vilitigo looking skin ? monkaw,twitch,twitch,,looking,missing_slang|contains_unknown_terms|low_translation_confidence,review_unknown_terms,7
841,i just look and am like,i just look and am like,twitch,twitch,,look,missing_slang|contains_unknown_terms|low_translation_confidence,review_unknown_terms,7
854,Thats why im asking that,thats why im asking that,twitch,twitch,,asking,missing_slang|contains_unknown_terms|low_translation_confidence,review_unknown_terms,7
824,Can you tell me the time when soda goes live? If he does. aeriyPls,can you tell me the time when soda goes live? if he does. aeriypls,twitch,twitch,,aeriypls,missing_slang|contains_unknown_terms|low_translation_confidence,review_unknown_terms,7
3218,it just fixed itself,it just fixed itself,twitch,twitch,,fixed,missing_slang|contains_unknown_terms|low_translation_confidence,review_unknown_terms,7
853,makes me feel nothing but bad,makes me feel nothing but bad,twitch,twitch,,nothing,missing_slang|contains_unknown_terms|low_translation_confidence,review_unknown_terms,7
852,adinSUS shouldnt you be going to bed tomi,adinsus shouldnt you be going to bed tomi,twitch,twitch,,bed,missing_slang|contains_unknown_terms|low_translation_confidence,review_unknown_terms,7
3720,I use amazon for everything,i use amazon for everything,twitch,twitch,,everything,missing_slang|contains_unknown_terms|low_translation_confidence,review_unknown_terms,7
3719,"@yoyo_ maybe but it would only be a one time thing, you wouldnt keep prooducing apple sauce","maybe but it would only be a one time thing, you wouldnt keep prooducing apple sauce",twitch,twitch,,prooducing,missing_slang|contains_unknown_terms|low_translation_confidence,review_unknown_terms,7
3717,how does that work? did you order everything from the list?,how does that work? did you order everything from the list,twitch,twitch,,everything,missing_slang|contains_unknown_terms|low_translation_confidence,review_unknown_terms,7
3702,yeah I got surprise taxes ordering from amazon.com once,yeah i got surprise taxes ordering from amazon.com once,twitch,twitch,,ordering,missing_slang|contains_unknown_terms|low_translation_confidence,review_unknown_terms,7
3701,"If you order ANYTHING off of Amazon in The U.S. right now, more than likely it wont arrive before Christmas, they're slammed with orders","if you order anything off of amazon in the u.s. right now, more than likely it wont arrive before christmas, they're slammed with orders",twitch,twitch,,arrive|slammed,missing_slang|contains_unknown_terms|low_translation_confidence,review_unknown_terms,7
3698,Finally after fucking 12_+ hours it works,finally after fucking 12 hours it works,twitch,twitch,,fucking,missing_slang|contains_unknown_terms|low_translation_confidence,review_unknown_terms,7
3693,@brian6932 i fucking did it i got it to work HAPPY,i fucking did it i got it to work happy,twitch,twitch,,fucking,missing_slang|contains_unknown_terms|low_translation_confidence,review_unknown_terms,7
2460,"[Trivia] Once ranked #1 for a record 237 weeks,tennis great Roger Federer hails from what country?","trivia once ranked 1 for a record 237 weeks,tennis great roger federer hails from what country",twitch,twitch,,ranked,missing_slang|contains_unknown_terms|low_translation_confidence,review_unknown_terms,7
2240,[Trivia] Many still remember that it was on this December date in 1941 that the U.S. officially entered World War II,trivia many still remember that it was on this december date in 1941 that the u.s. officially entered world war ii,twitch,twitch,,entered,missing_slang|contains_unknown_terms|low_translation_confidence,review_unknown_terms,7
2230,"[Trivia] In 2010,the New York Post reported a bank robber dressed as whom made off with an “Alderaan-sized wad of cash”?","trivia in 2010,the new york post reported a bank robber dressed as whom made off with an alderaan-sized wad of cash",twitch,twitch,,dressed|reported|sized,missing_slang|contains_unknown_terms|low_translation_confidence,review_unknown_terms,7
847,now what about this xoosd https://i.waifu.pics/kJ8hiQ1.png,now what about this xoosd,twitch,twitch,,xoosd,missing_slang|contains_unknown_terms|low_translation_confidence,review_unknown_terms,7
3329,Ultra died of congestive heart falure LULW,ultra died of congestive heart falure lulw,twitch,twitch,,died,missing_slang|contains_unknown_terms|low_translation_confidence,review_unknown_terms,7
659,I turned 28 4 months ago,i turned 28 4 months ago,twitch,twitch,,turned,missing_slang|contains_unknown_terms|low_translation_confidence,review_unknown_terms,7
657,i just turned 28 a month ago rescBday,i just turned 28 a month ago rescbday,twitch,twitch,,turned,missing_slang|contains_unknown_terms|low_translation_confidence,review_unknown_terms,7
814,xoosd how does this make you feel? https://i.waifu.pics/45IA-ur.jpg,xoosd how does this make you feel,twitch,twitch,,xoosd,missing_slang|contains_unknown_terms|low_translation_confidence,review_unknown_terms,7
806,yosefa is baiting he is not a weeb,yosefa is baiting he is not a weeb,twitch,twitch,,baiting,missing_slang|contains_unknown_terms|low_translation_confidence,review_unknown_terms,7
3820,"any insanely good lore knowers, will soda do his christmas present opening stream this year?","any insanely good lore knowers, will soda do his christmas present opening stream this year",twitch,twitch,,opening,missing_slang|contains_unknown_terms|low_translation_confidence,review_unknown_terms,7
3799,"@TheUltraCoolCutieBoBo, TheUltraCoolCutieBoBo has been following incest for 12 hours and 21 minutes",theultracoolcutiebobo has been following incest for 12 hours and 21 minutes,twitch,twitch,,theultracoolcutiebobo,missing_slang|contains_unknown_terms|low_translation_confidence,review_unknown_terms,7
3793,"snoopydoly, User 'snoopydoly' has 131,861 lines (60.09% unique) in channel 'sodapoppin' with their most lines in January 2021 (16,292 lines)","snoopydoly, user 'snoopydoly' has 131,861 lines 60.09 unique in channel 'sodapoppin' with their most lines in january 2021 16,292 lines",twitch,twitch,,snoopydoly,missing_slang|contains_unknown_terms|low_translation_confidence,review_unknown_terms,7
3776,"the schedule is ""fixed"" COPIUM2",the schedule is fixed copium2,twitch,twitch,,fixed,missing_slang|contains_unknown_terms|low_translation_confidence,review_unknown_terms,7
3770,when he accidentally dmed them,when he accidentally dmed them,twitch,twitch,,dmed,missing_slang|contains_unknown_terms|low_translation_confidence,review_unknown_terms,7
3767,no i just followed your better half oathDab,no i just followed your better half oathdab,twitch,twitch,,followed,missing_slang|contains_unknown_terms|low_translation_confidence,review_unknown_terms,7
2352,[Trivia] The title of this musical about a white DJ & a black club singer in 1950s Tennessee is the city of its setting,trivia the title of this musical about a white dj a black club singer in 1950s tennessee is the city of its setting,twitch,twitch,,setting,missing_slang|contains_unknown_terms|low_translation_confidence,review_unknown_terms,7
2366,"[Trivia] Before becoming coach of the Miami Dolphins in 1970, he coached the Baltimore Colts for 7 seasons","trivia before becoming coach of the miami dolphins in 1970, he coached the baltimore colts for 7 seasons",twitch,twitch,,becoming|coached,missing_slang|contains_unknown_terms|low_translation_confidence,review_unknown_terms,7
2357,most of these are jeopardy questions so there's context missing,most of these are jeopardy questions so there's context missing,twitch,twitch,,missing,missing_slang|contains_unknown_terms|low_translation_confidence,review_unknown_terms,7
3270,NaMogus shitshow saturday has been ejected NaMogus,namogus shitshow saturday has been ejected namogus,twitch,twitch,,ejected,missing_slang|contains_unknown_terms|low_translation_confidence,review_unknown_terms,7
3225,[2021-09-28 03:50:26 UTC] steveshepard: Make a car jumping a pool of sharks Jazzy WICKED,2021-09-28 03 50 26 utc steveshepard make a car jumping a pool of sharks jazzy wicked,twitch,twitch,,jazzy|jumping|pool|wicked,missing_slang|contains_unknown_terms|low_translation_confidence,review_unknown_terms,7
3756,"@TheUltraCoolCutieBoBo, TheUltraCoolCutieBoBo has been following Xini for 11 hours and 13 minutes",theultracoolcutiebobo has been following xini for 11 hours and 13 minutes,twitch,twitch,,theultracoolcutiebobo,missing_slang|contains_unknown_terms|low_translation_confidence,review_unknown_terms,7
3749,just be thrifty WICKED,just be thrifty wicked,twitch,twitch,,wicked,missing_slang|contains_unknown_terms|low_translation_confidence,review_unknown_terms,7
3741,[2021-10-21 02:17:53 UTC] xinitoro: i figured out a crucial part of it,2021-10-21 02 17 53 utc xinitoro i figured out a crucial part of it,twitch,twitch,,figured,missing_slang|contains_unknown_terms|low_translation_confidence,review_unknown_terms,7
3739,sometimes refurbished like new with huge discount,sometimes refurbished like new with huge discount,twitch,twitch,,refurbished,missing_slang|contains_unknown_terms|low_translation_confidence,review_unknown_terms,7
2430,[Trivia] J. Edgar Hoover was convinced he saw this man have intercourse with Marilyn Monroe,trivia j. edgar hoover was convinced he saw this man have intercourse with marilyn monroe,twitch,twitch,,convinced|hoover,missing_slang|contains_unknown_terms|low_translation_confidence,review_unknown_terms,7
3289,i want tarkov stream NAOW peepoPISSED,i want tarkov stream naow peepopissed,twitch,twitch,,peepopissed,missing_slang|contains_unknown_terms|low_translation_confidence,review_unknown_terms,7
693,Ok driving home brb,ok driving home brb,twitch,twitch,,driving,missing_slang|contains_unknown_terms|low_translation_confidence,review_unknown_terms,7
691,Wulfy eeya is bullying totsDead,wulfy eeya is bullying totsdead,twitch,twitch,,bullying,missing_slang|contains_unknown_terms|low_translation_confidence,review_unknown_terms,7
773,vulpes3Depressed back to anime,vulpes3depressed back to anime,twitch,twitch,,vulpes3depressed,missing_slang|contains_unknown_terms|low_translation_confidence,review_unknown_terms,7
763,Why is she ignoring me koroneWhy,why is she ignoring me koronewhy,twitch,twitch,,ignoring,missing_slang|contains_unknown_terms|low_translation_confidence,review_unknown_terms,7
3259,pepeJAM YOU WANTED TO,pepejam you wanted to,twitch,twitch,,wanted,missing_slang|contains_unknown_terms|low_translation_confidence,review_unknown_terms,7
3256,"Fuck man, I wish I had a extra 300k for that car. I pimped out a BRZ for a play car, and I want cars like that NotLikeThis","fuck man, i wish i had a extra 300k for that car. i pimped out a brz for a play car, and i want cars like that notlikethis",twitch,twitch,,pimped,missing_slang|contains_unknown_terms|low_translation_confidence,review_unknown_terms,7
3843,"[Trivia] By his death at age 31 in 1828, he'd composed more than 600 lieder including ""Ave Maria""","trivia by his death at age 31 in 1828, he'd composed more than 600 lieder including ave maria",twitch,twitch,,composed|including,missing_slang|contains_unknown_terms|low_translation_confidence,review_unknown_terms,7
9,Miley's new album slayed,miley's new album slayed,urban_dictionary,local_urban_dictionary_api,,slayed,missing_slang|contains_unknown_terms|low_translation_confidence,review_unknown_terms,7
732,tinyteeth_ this is a weeb offline chat WeebsShoo,tinyteeth this is a weeb offline chat weebsshoo,twitch,twitch,,weebsshoo,missing_slang|contains_unknown_terms|low_translation_confidence,review_unknown_terms,7
706,ACTION xoosd rolls 1337 (1-100),action xoosd rolls 1337 1-100,twitch,twitch,,xoosd,missing_slang|contains_unknown_terms|low_translation_confidence,review_unknown_terms,7
701,ACTION xoosd rolls 17 (1-100),action xoosd rolls 17 1-100,twitch,twitch,,xoosd,missing_slang|contains_unknown_terms|low_translation_confidence,review_unknown_terms,7
718,ACTION TheUltraCoolCutieBoBo rolls 39 (1-100),action theultracoolcutiebobo rolls 39 1-100,twitch,twitch,,theultracoolcutiebobo,missing_slang|contains_unknown_terms|low_translation_confidence,review_unknown_terms,7
3850,[Scramble] A scramble game has started.  Unscramble the following word to win: ndroo,scramble a scramble game has started. unscramble the following word to win ndroo,twitch,twitch,,ndroo,missing_slang|contains_unknown_terms|low_translation_confidence,review_unknown_terms,7
3845,"hold the fuck up, trivia crumpArrive","hold the fuck up, trivia crumparrive",twitch,twitch,,crumparrive,missing_slang|contains_unknown_terms|low_translation_confidence,review_unknown_terms,7
3826,"@reallycoolpoop his garage is full of boxes, his car is buried","his garage is full of boxes, his car is buried",twitch,twitch,,buried,missing_slang|contains_unknown_terms|low_translation_confidence,review_unknown_terms,7
3788,KirbyPunch grammar teachers,kirbypunch grammar teachers,twitch,twitch,,,missing_slang|short_text|low_translation_confidence,mine_or_ignore_no_dictionary_match,5
3787,chance wake up,chance wake up,twitch,twitch,,,missing_slang|short_text|low_translation_confidence,mine_or_ignore_no_dictionary_match,5
3785,sodaShovel,sodashovel,twitch,twitch,,,missing_slang|short_text|low_translation_confidence,mine_or_ignore_no_dictionary_match,5
3783,@schnaidah nevermind who sodaDEAD ?,nevermind who sodadead,twitch,twitch,,,missing_slang|short_text|low_translation_confidence,mine_or_ignore_no_dictionary_match,5
3781,sodaSip,sodasip,twitch,twitch,,,missing_slang|short_text|low_translation_confidence,mine_or_ignore_no_dictionary_match,5
3775,schnaidah huh? no,schnaidah huh? no,twitch,twitch,,,missing_slang|short_text|low_translation_confidence,mine_or_ignore_no_dictionary_match,5
3773,HotPokket,hotpokket,twitch,twitch,,,missing_slang|short_text|low_translation_confidence,mine_or_ignore_no_dictionary_match,5
2365,CoffeeTime good time,coffeetime good time,twitch,twitch,,,missing_slang|short_text|low_translation_confidence,mine_or_ignore_no_dictionary_match,5
2347,osbourne,osbourne,twitch,twitch,,,missing_slang|short_text|low_translation_confidence,mine_or_ignore_no_dictionary_match,5
2343,dopey,dopey,twitch,twitch,,,missing_slang|short_text|low_translation_confidence,mine_or_ignore_no_dictionary_match,5
2342,cell,cell,twitch,twitch,,,missing_slang|short_text|low_translation_confidence,mine_or_ignore_no_dictionary_match,5
2373,[Trivia] Hint: Don _____,trivia hint don,twitch,twitch,,,missing_slang|short_text|low_translation_confidence,mine_or_ignore_no_dictionary_match,5
2371,Esfand,esfand,twitch,twitch,,,missing_slang|short_text|low_translation_confidence,mine_or_ignore_no_dictionary_match,5
2370,Dicka,dicka,twitch,twitch,,,missing_slang|short_text|low_translation_confidence,mine_or_ignore_no_dictionary_match,5
2369,peepoFAT DinnerTime,peepofat dinnertime,twitch,twitch,,,missing_slang|short_text|low_translation_confidence,mine_or_ignore_no_dictionary_match,5
2368,Dan Marino,dan marino,twitch,twitch,,,missing_slang|short_text|low_translation_confidence,mine_or_ignore_no_dictionary_match,5
720,ChillyHTX kaiouraPat,chillyhtx kaiourapat,twitch,twitch,,,missing_slang|short_text|low_translation_confidence,mine_or_ignore_no_dictionary_match,5
719,wrangler02 DinkDonk,wrangler02 dinkdonk,twitch,twitch,,,missing_slang|short_text|low_translation_confidence,mine_or_ignore_no_dictionary_match,5
715,tnk selphyNuu,tnk selphynuu,twitch,twitch,,,missing_slang|short_text|low_translation_confidence,mine_or_ignore_no_dictionary_match,5
712,blossuYawn,blossuyawn,twitch,twitch,,,missing_slang|short_text|low_translation_confidence,mine_or_ignore_no_dictionary_match,5
3285,happythoTap,happythotap,twitch,twitch,,,missing_slang|short_text|low_translation_confidence,mine_or_ignore_no_dictionary_match,5
3283,bongoTap do variety,bongotap do variety,twitch,twitch,,,missing_slang|short_text|low_translation_confidence,mine_or_ignore_no_dictionary_match,5
3282,pepeSmoke,pepesmoke,twitch,twitch,,,missing_slang|short_text|low_translation_confidence,mine_or_ignore_no_dictionary_match,5
3281,bongoTap be mad,bongotap be mad,twitch,twitch,,,missing_slang|short_text|low_translation_confidence,mine_or_ignore_no_dictionary_match,5
688,O_o,o o,twitch,twitch,,,missing_slang|short_text|low_translation_confidence,mine_or_ignore_no_dictionary_match,5
3848,Schubert,schubert,twitch,twitch,,,missing_slang|short_text|low_translation_confidence,mine_or_ignore_no_dictionary_match,5
3822,sodaL2,sodal2,twitch,twitch,,,missing_slang|short_text|low_translation_confidence,mine_or_ignore_no_dictionary_match,5
3819,"@Ecko, ecksqcl",ecksqcl,twitch,twitch,,,missing_slang|short_text|low_translation_confidence,mine_or_ignore_no_dictionary_match,5
3814,sodaGun snaked5JollyBall,sodagun snaked5jollyball,twitch,twitch,,,missing_slang|short_text|low_translation_confidence,mine_or_ignore_no_dictionary_match,5
3811,ribs,ribs,twitch,twitch,,,missing_slang|short_text|low_translation_confidence,mine_or_ignore_no_dictionary_match,5
3810,[Trivia] Hint: Ri__,trivia hint ri,twitch,twitch,,,missing_slang|short_text|low_translation_confidence,mine_or_ignore_no_dictionary_match,5
3809,!christmas,christmas,twitch,twitch,,,missing_slang|short_text|low_translation_confidence,mine_or_ignore_no_dictionary_match,5
683,Close,close,twitch,twitch,,,missing_slang|short_text|low_translation_confidence,mine_or_ignore_no_dictionary_match,5
682,wrangler MEOW,wrangler meow,twitch,twitch,,,missing_slang|short_text|low_translation_confidence,mine_or_ignore_no_dictionary_match,5
680,!roll Pispet age,roll pispet age,twitch,twitch,,,missing_slang|short_text|low_translation_confidence,mine_or_ignore_no_dictionary_match,5
679,more pats,more pats,twitch,twitch,,,missing_slang|short_text|low_translation_confidence,mine_or_ignore_no_dictionary_match,5
678,selphyBlush,selphyblush,twitch,twitch,,,missing_slang|short_text|low_translation_confidence,mine_or_ignore_no_dictionary_match,5
708,odd,odd,twitch,twitch,,,missing_slang|short_text|low_translation_confidence,mine_or_ignore_no_dictionary_match,5
707,Wokege,wokege,twitch,twitch,,,missing_slang|short_text|low_translation_confidence,mine_or_ignore_no_dictionary_match,5
705,!roll Bedge,roll bedge,twitch,twitch,,,missing_slang|short_text|low_translation_confidence,mine_or_ignore_no_dictionary_match,5
703,veiLUL,veilul,twitch,twitch,,,missing_slang|short_text|low_translation_confidence,mine_or_ignore_no_dictionary_match,5
702,Bedge,bedge,twitch,twitch,,,missing_slang|short_text|low_translation_confidence,mine_or_ignore_no_dictionary_match,5
698,@rawheyd sodaSteer,sodasteer,twitch,twitch,,,missing_slang|short_text|low_translation_confidence,mine_or_ignore_no_dictionary_match,5
697,Hot OhISee,hot ohisee,twitch,twitch,,,missing_slang|short_text|low_translation_confidence,mine_or_ignore_no_dictionary_match,5
696,happythoSus,happythosus,twitch,twitch,,,missing_slang|short_text|low_translation_confidence,mine_or_ignore_no_dictionary_match,5
694,!roll eeya hot%,roll eeya hot,twitch,twitch,,,missing_slang|short_text|low_translation_confidence,mine_or_ignore_no_dictionary_match,5
722,nyannBlankies,nyannblankies,twitch,twitch,,,missing_slang|short_text|low_translation_confidence,mine_or_ignore_no_dictionary_match,5
721,HYPERS,hypers,twitch,twitch,,,missing_slang|short_text|low_translation_confidence,mine_or_ignore_no_dictionary_match,5
3280,bongoTap go live,bongotap go live,twitch,twitch,,,missing_slang|short_text|low_translation_confidence,mine_or_ignore_no_dictionary_match,5
3276,KoroneWakeUp sodaaaaaaa,koronewakeup sodaa,twitch,twitch,,,missing_slang|short_text|low_translation_confidence,mine_or_ignore_no_dictionary_match,5
3274,cereals time peepoFat,cereals time peepofat,twitch,twitch,,,missing_slang|short_text|low_translation_confidence,mine_or_ignore_no_dictionary_match,5
3272,pokiBonk soda,pokibonk soda,twitch,twitch,,,missing_slang|short_text|low_translation_confidence,mine_or_ignore_no_dictionary_match,5
3271,numbarz,numbarz,twitch,twitch,,,missing_slang|short_text|low_translation_confidence,mine_or_ignore_no_dictionary_match,5
741,peepoWeebSmash,peepoweebsmash,twitch,twitch,,,missing_slang|short_text|low_translation_confidence,mine_or_ignore_no_dictionary_match,5
740,moon2GUNCH,moon2gunch,twitch,twitch,,,missing_slang|short_text|low_translation_confidence,mine_or_ignore_no_dictionary_match,5
739,CalliPanic,callipanic,twitch,twitch,,,missing_slang|short_text|low_translation_confidence,mine_or_ignore_no_dictionary_match,5
737,Weebs modCheck,weebs modcheck,twitch,twitch,,,missing_slang|short_text|low_translation_confidence,mine_or_ignore_no_dictionary_match,5
735,NAMMERSINCHAT,nammersinchat,twitch,twitch,,,missing_slang|short_text|low_translation_confidence,mine_or_ignore_no_dictionary_match,5
734,NaM,nam,twitch,twitch,,,missing_slang|short_text|low_translation_confidence,mine_or_ignore_no_dictionary_match,5
733,@tinyteeth_ Sussy,sussy,twitch,twitch,,,missing_slang|short_text|low_translation_confidence,mine_or_ignore_no_dictionary_match,5
700,!roll cat age,roll cat age,twitch,twitch,,,missing_slang|short_text|low_translation_confidence,mine_or_ignore_no_dictionary_match,5
687,"""close"" COPIUM2",close copium2,twitch,twitch,,,missing_slang|short_text|low_translation_confidence,mine_or_ignore_no_dictionary_match,5
686,Actually,actually,twitch,twitch,,,missing_slang|short_text|low_translation_confidence,mine_or_ignore_no_dictionary_match,5
684,!roll gf age,roll gf age,twitch,twitch,,,missing_slang|short_text|low_translation_confidence,mine_or_ignore_no_dictionary_match,5
769,FloppaL,floppal,twitch,twitch,,,missing_slang|short_text|low_translation_confidence,mine_or_ignore_no_dictionary_match,5
768,its floppa friday!!,its floppa friday,twitch,twitch,,,missing_slang|short_text|low_translation_confidence,mine_or_ignore_no_dictionary_match,5
762,modCheck femboy friday,modcheck femboy friday,twitch,twitch,,,missing_slang|short_text|low_translation_confidence,mine_or_ignore_no_dictionary_match,5
731,"tinyteeth_, moon2M","tinyteeth , moon2m",twitch,twitch,,,missing_slang|short_text|low_translation_confidence,mine_or_ignore_no_dictionary_match,5
729,kaiouraBlankies,kaiourablankies,twitch,twitch,,,missing_slang|short_text|low_translation_confidence,mine_or_ignore_no_dictionary_match,5
728,FeelsBadMan Corpa,feelsbadman corpa,twitch,twitch,,,missing_slang|short_text|low_translation_confidence,mine_or_ignore_no_dictionary_match,5
3264,widepeepoPussy WICKEDglasses,widepeepopussy wickedglasses,twitch,twitch,,,missing_slang|short_text|low_translation_confidence,mine_or_ignore_no_dictionary_match,5
3258,happyJAM,happyjam,twitch,twitch,,,missing_slang|short_text|low_translation_confidence,mine_or_ignore_no_dictionary_match,5
3257,tesdt,tesdt,twitch,twitch,,,missing_slang|short_text|low_translation_confidence,mine_or_ignore_no_dictionary_match,5
3254,dkfjsldkfjskdfj make up,dkfjsldkfjskdfj make up,twitch,twitch,,,missing_slang|short_text|low_translation_confidence,mine_or_ignore_no_dictionary_match,5
757,peepoBox pokiW,peepobox pokiw,twitch,twitch,,,missing_slang|short_text|low_translation_confidence,mine_or_ignore_no_dictionary_match,5
756,pokiW,pokiw,twitch,twitch,,,missing_slang|short_text|low_translation_confidence,mine_or_ignore_no_dictionary_match,5
755,FeelsBadMan same,feelsbadman same,twitch,twitch,,,missing_slang|short_text|low_translation_confidence,mine_or_ignore_no_dictionary_match,5
753,Tnk squchaHoldme,tnk squchaholdme,twitch,twitch,,,missing_slang|short_text|low_translation_confidence,mine_or_ignore_no_dictionary_match,5
752,eeeeee ten,ee ten,twitch,twitch,,,missing_slang|short_text|low_translation_confidence,mine_or_ignore_no_dictionary_match,5
751,C monkaLaugh,c monkalaugh,twitch,twitch,,,missing_slang|short_text|low_translation_confidence,mine_or_ignore_no_dictionary_match,5
3291,these,these,twitch,twitch,,,missing_slang|short_text|low_translation_confidence,mine_or_ignore_no_dictionary_match,5
3288,bongoTap,bongotap,twitch,twitch,,,missing_slang|short_text|low_translation_confidence,mine_or_ignore_no_dictionary_match,5
692,nopers i'm 🙊,nopers i'm,twitch,twitch,,,missing_slang|short_text|low_translation_confidence,mine_or_ignore_no_dictionary_match,5
690,Shut up totsLUL,shut up totslul,twitch,twitch,,,missing_slang|short_text|low_translation_confidence,mine_or_ignore_no_dictionary_match,5
689,monkaLaugh,monkalaugh,twitch,twitch,,,missing_slang|short_text|low_translation_confidence,mine_or_ignore_no_dictionary_match,5
3317,kaiouraNom,kaiouranom,twitch,twitch,,,missing_slang|short_text|low_translation_confidence,mine_or_ignore_no_dictionary_match,5
748,FeelsBadMan,feelsbadman,twitch,twitch,,,missing_slang|short_text|low_translation_confidence,mine_or_ignore_no_dictionary_match,5
747,pokiC,pokic,twitch,twitch,,,missing_slang|short_text|low_translation_confidence,mine_or_ignore_no_dictionary_match,5
746,:O,o,twitch,twitch,,,missing_slang|short_text|low_translation_confidence,mine_or_ignore_no_dictionary_match,5
745,weebPeepoSmash,weebpeeposmash,twitch,twitch,,,missing_slang|short_text|low_translation_confidence,mine_or_ignore_no_dictionary_match,5
744,PUKERS modCheck,pukers modcheck,twitch,twitch,,,missing_slang|short_text|low_translation_confidence,mine_or_ignore_no_dictionary_match,5
743,pokiPuke,pokipuke,twitch,twitch,,,missing_slang|short_text|low_translation_confidence,mine_or_ignore_no_dictionary_match,5
742,die weebs die,die weebs die,twitch,twitch,,,missing_slang|short_text|low_translation_confidence,mine_or_ignore_no_dictionary_match,5
772,annytf3,annytf3,twitch,twitch,,,missing_slang|short_text|low_translation_confidence,mine_or_ignore_no_dictionary_match,5
771,annytfSilly,annytfsilly,twitch,twitch,,,missing_slang|short_text|low_translation_confidence,mine_or_ignore_no_dictionary_match,5
770,COPIUMTRUCK tomi,copiumtruck tomi,twitch,twitch,,,missing_slang|short_text|low_translation_confidence,mine_or_ignore_no_dictionary_match,5
797,elisWeird @xoosd,elisweird,twitch,twitch,,,missing_slang|short_text|low_translation_confidence,mine_or_ignore_no_dictionary_match,5
796,adinThreat,adinthreat,twitch,twitch,,,missing_slang|short_text|low_translation_confidence,mine_or_ignore_no_dictionary_match,5
794,@TheUltraCoolCutieBoBo TrollDespair,trolldespair,twitch,twitch,,,missing_slang|short_text|low_translation_confidence,mine_or_ignore_no_dictionary_match,5
792,adinHsThreat,adinhsthreat,twitch,twitch,,,missing_slang|short_text|low_translation_confidence,mine_or_ignore_no_dictionary_match,5
761,Femboys modCheck,femboys modcheck,twitch,twitch,,,missing_slang|short_text|low_translation_confidence,mine_or_ignore_no_dictionary_match,5
760,PUKERS where,pukers where,twitch,twitch,,,missing_slang|short_text|low_translation_confidence,mine_or_ignore_no_dictionary_match,5
758,pokW,pokw,twitch,twitch,,,missing_slang|short_text|low_translation_confidence,mine_or_ignore_no_dictionary_match,5
3248,where is chance https://betterttv.com/emotes/5e19409f8af14b5f1b437c17,where is chance,twitch,twitch,,,missing_slang|short_text|low_translation_confidence,mine_or_ignore_no_dictionary_match,5
3246,true OMEGALULiguess,true omegaluliguess,twitch,twitch,,,missing_slang|short_text|low_translation_confidence,mine_or_ignore_no_dictionary_match,5
3242,pepegeThink chance's program,pepegethink chance's program,twitch,twitch,,,missing_slang|short_text|low_translation_confidence,mine_or_ignore_no_dictionary_match,5
3239,@kjones086 Super power LULW,super power lulw,twitch,twitch,,,missing_slang|short_text|low_translation_confidence,mine_or_ignore_no_dictionary_match,5
786,NOTED,noted,twitch,twitch,,,missing_slang|short_text|low_translation_confidence,mine_or_ignore_no_dictionary_match,5
784,anime gat peepoWeebSmash,anime gat peepoweebsmash,twitch,twitch,,,missing_slang|short_text|low_translation_confidence,mine_or_ignore_no_dictionary_match,5
750,pokie10,pokie10,twitch,twitch,,,missing_slang|short_text|low_translation_confidence,mine_or_ignore_no_dictionary_match,5
3298,exepir ( ° ͜ʖ͡°)╭∩╮,exepir,twitch,twitch,,,missing_slang|short_text|low_translation_confidence,mine_or_ignore_no_dictionary_match,5
3294,make them,make them,twitch,twitch,,,missing_slang|short_text|low_translation_confidence,mine_or_ignore_no_dictionary_match,5
674,ong,ong,twitch,twitch,,,missing_slang|short_text|low_translation_confidence,mine_or_ignore_no_dictionary_match,5
673,yeah thats true,yeah thats true,twitch,twitch,,,missing_slang|short_text|low_translation_confidence,mine_or_ignore_no_dictionary_match,5
671,kaiouraDead kaiouraTail,kaiouradead kaiouratail,twitch,twitch,,,missing_slang|short_text|low_translation_confidence,mine_or_ignore_no_dictionary_match,5
670,veiPat SniperWulf,veipat sniperwulf,twitch,twitch,,,missing_slang|short_text|low_translation_confidence,mine_or_ignore_no_dictionary_match,5
667,!roll bobo age,roll bobo age,twitch,twitch,,,missing_slang|short_text|low_translation_confidence,mine_or_ignore_no_dictionary_match,5
3332,liar,liar,twitch,twitch,,,missing_slang|short_text|low_translation_confidence,mine_or_ignore_no_dictionary_match,5
782,anime = adinWstream,anime adinwstream,twitch,twitch,,,missing_slang|short_text|low_translation_confidence,mine_or_ignore_no_dictionary_match,5
778,YESIDOTHINKSO,yesidothinkso,twitch,twitch,,,missing_slang|short_text|low_translation_confidence,mine_or_ignore_no_dictionary_match,5
775,pokeSleep,pokesleep,twitch,twitch,,,missing_slang|short_text|low_translation_confidence,mine_or_ignore_no_dictionary_match,5
805,adinBraces,adinbraces,twitch,twitch,,,missing_slang|short_text|low_translation_confidence,mine_or_ignore_no_dictionary_match,5
803,Weeb baj?,weeb baj,twitch,twitch,,,missing_slang|short_text|low_translation_confidence,mine_or_ignore_no_dictionary_match,5
802,forsenE,forsene,twitch,twitch,,,missing_slang|short_text|low_translation_confidence,mine_or_ignore_no_dictionary_match,5
801,YOSEFSAA7 MODS,yosefsaa7 mods,twitch,twitch,,,missing_slang|short_text|low_translation_confidence,mine_or_ignore_no_dictionary_match,5
800,!timeoutme forsenE,timeoutme forsene,twitch,twitch,,,missing_slang|short_text|low_translation_confidence,mine_or_ignore_no_dictionary_match,5
799,forsen3 forsen4 forsenE,forsen3 forsen4 forsene,twitch,twitch,,,missing_slang|short_text|low_translation_confidence,mine_or_ignore_no_dictionary_match,5
798,forsen1 forsen2,forsen1 forsen2,twitch,twitch,,,missing_slang|short_text|low_translation_confidence,mine_or_ignore_no_dictionary_match,5
831,PoroSad,porosad,twitch,twitch,,,missing_slang|short_text|low_translation_confidence,mine_or_ignore_no_dictionary_match,5
829,40m,40m,twitch,twitch,,,missing_slang|short_text|low_translation_confidence,mine_or_ignore_no_dictionary_match,5
827,TOMIIll ( ° ͜ʖ͡°)╭∩╮,tomiill,twitch,twitch,,,missing_slang|short_text|low_translation_confidence,mine_or_ignore_no_dictionary_match,5
826,Stupid bot MEOW,stupid bot meow,twitch,twitch,,,missing_slang|short_text|low_translation_confidence,mine_or_ignore_no_dictionary_match,5
3236,DinkDonk streamer,dinkdonk streamer,twitch,twitch,,,missing_slang|short_text|low_translation_confidence,mine_or_ignore_no_dictionary_match,5
3234,KoroneWakeUp streamer,koronewakeup streamer,twitch,twitch,,,missing_slang|short_text|low_translation_confidence,mine_or_ignore_no_dictionary_match,5
3233,sodaDink,sodadink,twitch,twitch,,,missing_slang|short_text|low_translation_confidence,mine_or_ignore_no_dictionary_match,5
3230,why,why,twitch,twitch,,,missing_slang|short_text|low_translation_confidence,mine_or_ignore_no_dictionary_match,5
3224,2019,2019,twitch,twitch,,,missing_slang|short_text|low_translation_confidence,mine_or_ignore_no_dictionary_match,5
821,adinSUS,adinsus,twitch,twitch,,,missing_slang|short_text|low_translation_confidence,mine_or_ignore_no_dictionary_match,5
819,me MEOW,me meow,twitch,twitch,,,missing_slang|short_text|low_translation_confidence,mine_or_ignore_no_dictionary_match,5
818,i cant click,i cant click,twitch,twitch,,,missing_slang|short_text|low_translation_confidence,mine_or_ignore_no_dictionary_match,5
817,I need something,i need something,twitch,twitch,,,missing_slang|short_text|low_translation_confidence,mine_or_ignore_no_dictionary_match,5
783,NOIDONTTHINKSO bobo,noidontthinkso bobo,twitch,twitch,,,missing_slang|short_text|low_translation_confidence,mine_or_ignore_no_dictionary_match,5
3316,card games sodaSUFFER,card games sodasuffer,twitch,twitch,,,missing_slang|short_text|low_translation_confidence,mine_or_ignore_no_dictionary_match,5
676,ChillyHTX pattiiPAT,chillyhtx pattiipat,twitch,twitch,,,missing_slang|short_text|low_translation_confidence,mine_or_ignore_no_dictionary_match,5
3320,happythoSip 🎄,happythosip,twitch,twitch,,,missing_slang|short_text|low_translation_confidence,mine_or_ignore_no_dictionary_match,5
660,!roll my age,roll my age,twitch,twitch,,,missing_slang|short_text|low_translation_confidence,mine_or_ignore_no_dictionary_match,5
658,happy late birdthay,happy late birdthay,twitch,twitch,,,missing_slang|short_text|low_translation_confidence,mine_or_ignore_no_dictionary_match,5
656,T,t,twitch,twitch,,,missing_slang|short_text|low_translation_confidence,mine_or_ignore_no_dictionary_match,5
653,53,53,twitch,twitch,,,missing_slang|short_text|low_translation_confidence,mine_or_ignore_no_dictionary_match,5
651,OhNowISee how old,ohnowisee how old,twitch,twitch,,,missing_slang|short_text|low_translation_confidence,mine_or_ignore_no_dictionary_match,5
650,peepoPain,peepopain,twitch,twitch,,,missing_slang|short_text|low_translation_confidence,mine_or_ignore_no_dictionary_match,5
648,same,same,twitch,twitch,,,missing_slang|short_text|low_translation_confidence,mine_or_ignore_no_dictionary_match,5
815,Bobo,bobo,twitch,twitch,,,missing_slang|short_text|low_translation_confidence,mine_or_ignore_no_dictionary_match,5
813,no cope,no cope,twitch,twitch,,,missing_slang|short_text|low_translation_confidence,mine_or_ignore_no_dictionary_match,5
810,xqcL ThankEgg,xqcl thankegg,twitch,twitch,,,missing_slang|short_text|low_translation_confidence,mine_or_ignore_no_dictionary_match,5
809,xqcL pokiW,xqcl pokiw,twitch,twitch,,,missing_slang|short_text|low_translation_confidence,mine_or_ignore_no_dictionary_match,5
808,COPIUMTRUCK,copiumtruck,twitch,twitch,,,missing_slang|short_text|low_translation_confidence,mine_or_ignore_no_dictionary_match,5
837,Susge,susge,twitch,twitch,,,missing_slang|short_text|low_translation_confidence,mine_or_ignore_no_dictionary_match,5
833,wrong chat,wrong chat,twitch,twitch,,,missing_slang|short_text|low_translation_confidence,mine_or_ignore_no_dictionary_match,5
832,!rs me MEOW,rs me meow,twitch,twitch,,,missing_slang|short_text|low_translation_confidence,mine_or_ignore_no_dictionary_match,5
855,TANTRUM,tantrum,twitch,twitch,,,missing_slang|short_text|low_translation_confidence,mine_or_ignore_no_dictionary_match,5
3203,slow? sodaHmm,slow? sodahmm,twitch,twitch,,,missing_slang|short_text|low_translation_confidence,mine_or_ignore_no_dictionary_match,5
3202,but I'm native,but i'm native,twitch,twitch,,,missing_slang|short_text|low_translation_confidence,mine_or_ignore_no_dictionary_match,5
823,:D,d,twitch,twitch,,,missing_slang|short_text|low_translation_confidence,mine_or_ignore_no_dictionary_match,5
3220,good luck,good luck,twitch,twitch,,,missing_slang|short_text|low_translation_confidence,mine_or_ignore_no_dictionary_match,5
3214,HolidaySanta,holidaysanta,twitch,twitch,,,missing_slang|short_text|low_translation_confidence,mine_or_ignore_no_dictionary_match,5
3213,1,1,twitch,twitch,,,missing_slang|short_text|low_translation_confidence,mine_or_ignore_no_dictionary_match,5
3212,!duckpic,duckpic,twitch,twitch,,,missing_slang|short_text|low_translation_confidence,mine_or_ignore_no_dictionary_match,5
3211,message,message,twitch,twitch,,,missing_slang|short_text|low_translation_confidence,mine_or_ignore_no_dictionary_match,5
3210,"@exepir, testu sodaAYAYA",testu sodaayaya,twitch,twitch,,,missing_slang|short_text|low_translation_confidence,mine_or_ignore_no_dictionary_match,5
3206,ppOverheat,ppoverheat,twitch,twitch,,,missing_slang|short_text|low_translation_confidence,mine_or_ignore_no_dictionary_match,5
851,i dont like,i dont like,twitch,twitch,,,missing_slang|short_text|low_translation_confidence,mine_or_ignore_no_dictionary_match,5
850,its weeb,its weeb,twitch,twitch,,,missing_slang|short_text|low_translation_confidence,mine_or_ignore_no_dictionary_match,5
816,tommy,tommy,twitch,twitch,,,missing_slang|short_text|low_translation_confidence,mine_or_ignore_no_dictionary_match,5
3327,my left ear,my left ear,twitch,twitch,,,missing_slang|short_text|low_translation_confidence,mine_or_ignore_no_dictionary_match,5
3326,WutFace this video,wutface this video,twitch,twitch,,,missing_slang|short_text|low_translation_confidence,mine_or_ignore_no_dictionary_match,5
882,NAH NAH,nah nah,twitch,twitch,,,missing_slang|short_text|low_translation_confidence,mine_or_ignore_no_dictionary_match,5
881,BYE BYE,bye bye,twitch,twitch,,,missing_slang|short_text|low_translation_confidence,mine_or_ignore_no_dictionary_match,5
880,PANIC CAPS,panic caps,twitch,twitch,,,missing_slang|short_text|low_translation_confidence,mine_or_ignore_no_dictionary_match,5
879,FLAME FLAME,flame flame,twitch,twitch,,,missing_slang|short_text|low_translation_confidence,mine_or_ignore_no_dictionary_match,5
878,@zackfw254 ppSenora,ppsenora,twitch,twitch,,,missing_slang|short_text|low_translation_confidence,mine_or_ignore_no_dictionary_match,5
877,BO BO,bo bo,twitch,twitch,,,missing_slang|short_text|low_translation_confidence,mine_or_ignore_no_dictionary_match,5
876,YO YO,yo yo,twitch,twitch,,,missing_slang|short_text|low_translation_confidence,mine_or_ignore_no_dictionary_match,5
844,yeah fair enough,yeah fair enough,twitch,twitch,,,missing_slang|short_text|low_translation_confidence,mine_or_ignore_no_dictionary_match,5
843,"@wrangler02, NaM Clap",nam clap,twitch,twitch,,,missing_slang|short_text|low_translation_confidence,mine_or_ignore_no_dictionary_match,5
842,oh ok,oh ok,twitch,twitch,,,missing_slang|short_text|low_translation_confidence,mine_or_ignore_no_dictionary_match,5
840,@Master_NaM_er NaM 7,nam 7,twitch,twitch,,,missing_slang|short_text|low_translation_confidence,mine_or_ignore_no_dictionary_match,5
839,Calamity FeelsBadMan,calamity feelsbadman,twitch,twitch,,,missing_slang|short_text|low_translation_confidence,mine_or_ignore_no_dictionary_match,5
866,Pwease,pwease,twitch,twitch,,,missing_slang|short_text|low_translation_confidence,mine_or_ignore_no_dictionary_match,5
864,Is for science,is for science,twitch,twitch,,,missing_slang|short_text|low_translation_confidence,mine_or_ignore_no_dictionary_match,5
863,twitch is odd,twitch is odd,twitch,twitch,,,missing_slang|short_text|low_translation_confidence,mine_or_ignore_no_dictionary_match,5
858,Yes i will,yes i will,twitch,twitch,,,missing_slang|short_text|low_translation_confidence,mine_or_ignore_no_dictionary_match,5
3347,BobLennon,boblennon,twitch,twitch,,,missing_slang|short_text|low_translation_confidence,mine_or_ignore_no_dictionary_match,5
3345,cant remember,cant remember,twitch,twitch,,,missing_slang|short_text|low_translation_confidence,mine_or_ignore_no_dictionary_match,5
3340,!rq taurenhunter,rq taurenhunter,twitch,twitch,,,missing_slang|short_text|low_translation_confidence,mine_or_ignore_no_dictionary_match,5
645,I won’t,i won t,twitch,twitch,,,missing_slang|short_text|low_translation_confidence,mine_or_ignore_no_dictionary_match,5
643,Say anything sodaREE,say anything sodaree,twitch,twitch,,,missing_slang|short_text|low_translation_confidence,mine_or_ignore_no_dictionary_match,5
641,Dont,dont,twitch,twitch,,,missing_slang|short_text|low_translation_confidence,mine_or_ignore_no_dictionary_match,5
637,@tinyteeth_ sodaDink moon2S,sodadink moon2s,twitch,twitch,,,missing_slang|short_text|low_translation_confidence,mine_or_ignore_no_dictionary_match,5
636,hehehe,hehehe,twitch,twitch,,,missing_slang|short_text|low_translation_confidence,mine_or_ignore_no_dictionary_match,5
633,26 or 27,26 or 27,twitch,twitch,,,missing_slang|short_text|low_translation_confidence,mine_or_ignore_no_dictionary_match,5
632,RarePepe,rarepepe,twitch,twitch,,,missing_slang|short_text|low_translation_confidence,mine_or_ignore_no_dictionary_match,5
3333,swedish text emiruSUS,swedish text emirusus,twitch,twitch,,,missing_slang|short_text|low_translation_confidence,mine_or_ignore_no_dictionary_match,5
3197,anyone else?,anyone else,twitch,twitch,,,missing_slang|short_text|low_translation_confidence,mine_or_ignore_no_dictionary_match,5
3196,i assume so,i assume so,twitch,twitch,,,missing_slang|short_text|low_translation_confidence,mine_or_ignore_no_dictionary_match,5
3194,aa,aa,twitch,twitch,,,missing_slang|short_text|low_translation_confidence,mine_or_ignore_no_dictionary_match,5
884,Flame catCry,flame catcry,twitch,twitch,,,missing_slang|short_text|low_translation_confidence,mine_or_ignore_no_dictionary_match,5
883,GAY GAY,gay gay,twitch,twitch,,,missing_slang|short_text|low_translation_confidence,mine_or_ignore_no_dictionary_match,5
624,FeelsOldMan,feelsoldman,twitch,twitch,,,missing_slang|short_text|low_translation_confidence,mine_or_ignore_no_dictionary_match,5
618,SHRUGGERS,shruggers,twitch,twitch,,,missing_slang|short_text|low_translation_confidence,mine_or_ignore_no_dictionary_match,5
616,headBang,headbang,twitch,twitch,,,missing_slang|short_text|low_translation_confidence,mine_or_ignore_no_dictionary_match,5
590,why Pispet kromiaSmug,why pispet kromiasmug,twitch,twitch,,,missing_slang|short_text|low_translation_confidence,mine_or_ignore_no_dictionary_match,5
874,o_ô aight,o aight,twitch,twitch,,,missing_slang|short_text|low_translation_confidence,mine_or_ignore_no_dictionary_match,5
872,Send*,send,twitch,twitch,,,missing_slang|short_text|low_translation_confidence,mine_or_ignore_no_dictionary_match,5
901,blossuWalkies blossuWalkies2,blossuwalkies blossuwalkies2,twitch,twitch,,,missing_slang|short_text|low_translation_confidence,mine_or_ignore_no_dictionary_match,5
900,snailWalk,snailwalk,twitch,twitch,,,missing_slang|short_text|low_translation_confidence,mine_or_ignore_no_dictionary_match,5
898,Tiger nkoHeadpat,tiger nkoheadpat,twitch,twitch,,,missing_slang|short_text|low_translation_confidence,mine_or_ignore_no_dictionary_match,5
896,@Krayevsky7 scuffedCry,scuffedcry,twitch,twitch,,,missing_slang|short_text|low_translation_confidence,mine_or_ignore_no_dictionary_match,5
895,TNK nkoHeadpat,tnk nkoheadpat,twitch,twitch,,,missing_slang|short_text|low_translation_confidence,mine_or_ignore_no_dictionary_match,5
894,🐱 krayevsky7,krayevsky7,twitch,twitch,,,missing_slang|short_text|low_translation_confidence,mine_or_ignore_no_dictionary_match,5
893,Krayevsky7 MODS,krayevsky7 mods,twitch,twitch,,,missing_slang|short_text|low_translation_confidence,mine_or_ignore_no_dictionary_match,5
892,!timeoutme,timeoutme,twitch,twitch,,,missing_slang|short_text|low_translation_confidence,mine_or_ignore_no_dictionary_match,5
889,squchaRee,squcharee,twitch,twitch,,,missing_slang|short_text|low_translation_confidence,mine_or_ignore_no_dictionary_match,5
3199,normal for me,normal for me,twitch,twitch,,,missing_slang|short_text|low_translation_confidence,mine_or_ignore_no_dictionary_match,5
888,u lose,u lose,twitch,twitch,,,missing_slang|short_text|low_translation_confidence,mine_or_ignore_no_dictionary_match,5
887,nyannAngry,nyannangry,twitch,twitch,,,missing_slang|short_text|low_translation_confidence,mine_or_ignore_no_dictionary_match,5
886,Smadge,smadge,twitch,twitch,,,missing_slang|short_text|low_translation_confidence,mine_or_ignore_no_dictionary_match,5
3185,chemical peel,chemical peel,twitch,twitch,,,missing_slang|short_text|low_translation_confidence,mine_or_ignore_no_dictionary_match,5
3181,3 layers? monkaW,3 layers? monkaw,twitch,twitch,,,missing_slang|short_text|low_translation_confidence,mine_or_ignore_no_dictionary_match,5
3179,sodaMONK what,sodamonk what,twitch,twitch,,,missing_slang|short_text|low_translation_confidence,mine_or_ignore_no_dictionary_match,5
3178,"@Novacht, same PoroSad",same porosad,twitch,twitch,,,missing_slang|short_text|low_translation_confidence,mine_or_ignore_no_dictionary_match,5
3174,monkaW make up,monkaw make up,twitch,twitch,,,missing_slang|short_text|low_translation_confidence,mine_or_ignore_no_dictionary_match,5
915,Wait,wait,twitch,twitch,,,missing_slang|short_text|low_translation_confidence,mine_or_ignore_no_dictionary_match,5
914,Woah,woah,twitch,twitch,,,missing_slang|short_text|low_translation_confidence,mine_or_ignore_no_dictionary_match,5
913,vtuberWiggle,vtuberwiggle,twitch,twitch,,,missing_slang|short_text|low_translation_confidence,mine_or_ignore_no_dictionary_match,5
605,AYAYA SantaHat,ayaya santahat,twitch,twitch,,,missing_slang|short_text|low_translation_confidence,mine_or_ignore_no_dictionary_match,5
603,DO THAT,do that,twitch,twitch,,,missing_slang|short_text|low_translation_confidence,mine_or_ignore_no_dictionary_match,5
600,sodaNODDERS,sodanodders,twitch,twitch,,,missing_slang|short_text|low_translation_confidence,mine_or_ignore_no_dictionary_match,5
599,Hmm,hmm,twitch,twitch,,,missing_slang|short_text|low_translation_confidence,mine_or_ignore_no_dictionary_match,5
629,What,what,twitch,twitch,,,missing_slang|short_text|low_translation_confidence,mine_or_ignore_no_dictionary_match,5
3361,Stare right here,stare right here,twitch,twitch,,,missing_slang|short_text|low_translation_confidence,mine_or_ignore_no_dictionary_match,5
3360,@VulpesHD I don't sodaCry,i don't sodacry,twitch,twitch,,,missing_slang|short_text|low_translation_confidence,mine_or_ignore_no_dictionary_match,5
3354,where is sodaFat ?,where is sodafat,twitch,twitch,,,missing_slang|short_text|low_translation_confidence,mine_or_ignore_no_dictionary_match,5
3352,death*,death,twitch,twitch,,,missing_slang|short_text|low_translation_confidence,mine_or_ignore_no_dictionary_match,5
611,Ew,ew,twitch,twitch,,,missing_slang|short_text|low_translation_confidence,mine_or_ignore_no_dictionary_match,5
610,Just normal guns,just normal guns,twitch,twitch,,,missing_slang|short_text|low_translation_confidence,mine_or_ignore_no_dictionary_match,5
609,FRICK SantaHat,frick santahat,twitch,twitch,,,missing_slang|short_text|low_translation_confidence,mine_or_ignore_no_dictionary_match,5
607,play csgo!!,play csgo,twitch,twitch,,,missing_slang|short_text|low_translation_confidence,mine_or_ignore_no_dictionary_match,5
910,Huh,huh,twitch,twitch,,,missing_slang|short_text|low_translation_confidence,mine_or_ignore_no_dictionary_match,5
904,blossuWalkies blossuWalkies2 clamkyouHehe,blossuwalkies blossuwalkies2 clamkyouhehe,twitch,twitch,,,missing_slang|short_text|low_translation_confidence,mine_or_ignore_no_dictionary_match,5
933,squchaTummy,squchatummy,twitch,twitch,,,missing_slang|short_text|low_translation_confidence,mine_or_ignore_no_dictionary_match,5
931,happythoTuck TOMIIll,happythotuck tomiill,twitch,twitch,,,missing_slang|short_text|low_translation_confidence,mine_or_ignore_no_dictionary_match,5
927,BRUHFAINT,bruhfaint,twitch,twitch,,,missing_slang|short_text|low_translation_confidence,mine_or_ignore_no_dictionary_match,5
926,sodaDead,sodadead,twitch,twitch,,,missing_slang|short_text|low_translation_confidence,mine_or_ignore_no_dictionary_match,5
925,jeez,jeez,twitch,twitch,,,missing_slang|short_text|low_translation_confidence,mine_or_ignore_no_dictionary_match,5
924,Almost 4am,almost 4am,twitch,twitch,,,missing_slang|short_text|low_translation_confidence,mine_or_ignore_no_dictionary_match,5
951,PeepoMas,peepomas,twitch,twitch,,,missing_slang|short_text|low_translation_confidence,mine_or_ignore_no_dictionary_match,5
950,ppHop,pphop,twitch,twitch,,,missing_slang|short_text|low_translation_confidence,mine_or_ignore_no_dictionary_match,5
3153,or empty field,or empty field,twitch,twitch,,,missing_slang|short_text|low_translation_confidence,mine_or_ignore_no_dictionary_match,5
923,for u,for u,twitch,twitch,,,missing_slang|short_text|low_translation_confidence,mine_or_ignore_no_dictionary_match,5
922,Agree,agree,twitch,twitch,,,missing_slang|short_text|low_translation_confidence,mine_or_ignore_no_dictionary_match,5
920,FF happythoSleepy,ff happythosleepy,twitch,twitch,,,missing_slang|short_text|low_translation_confidence,mine_or_ignore_no_dictionary_match,5
3161,they're*,they're,twitch,twitch,,,missing_slang|short_text|low_translation_confidence,mine_or_ignore_no_dictionary_match,5
3160,widepeepoConcept inventory manegement,widepeepoconcept inventory manegement,twitch,twitch,,,missing_slang|short_text|low_translation_confidence,mine_or_ignore_no_dictionary_match,5
3159,🌱 peepoHide 🌱,peepohide,twitch,twitch,,,missing_slang|short_text|low_translation_confidence,mine_or_ignore_no_dictionary_match,5
949,christmas time peepoHappier,christmas time peepohappier,twitch,twitch,,,missing_slang|short_text|low_translation_confidence,mine_or_ignore_no_dictionary_match,5
945,peepoHappyCowboy,peepohappycowboy,twitch,twitch,,,missing_slang|short_text|low_translation_confidence,mine_or_ignore_no_dictionary_match,5
944,same PogChamp,same pogchamp,twitch,twitch,,,missing_slang|short_text|low_translation_confidence,mine_or_ignore_no_dictionary_match,5
943,Im on vacations,im on vacations,twitch,twitch,,,missing_slang|short_text|low_translation_confidence,mine_or_ignore_no_dictionary_match,5
941,muniShy tummy,munishy tummy,twitch,twitch,,,missing_slang|short_text|low_translation_confidence,mine_or_ignore_no_dictionary_match,5
940,anything u doin>,anything u doin,twitch,twitch,,,missing_slang|short_text|low_translation_confidence,mine_or_ignore_no_dictionary_match,5
589,Im on phone,im on phone,twitch,twitch,,,missing_slang|short_text|low_translation_confidence,mine_or_ignore_no_dictionary_match,5
566,sodaFacepalm,sodafacepalm,twitch,twitch,,,missing_slang|short_text|low_translation_confidence,mine_or_ignore_no_dictionary_match,5
3381,pokiKona SantaHat beef,pokikona santahat beef,twitch,twitch,,,missing_slang|short_text|low_translation_confidence,mine_or_ignore_no_dictionary_match,5
3371,maybe reinstall 7tv,maybe reinstall 7tv,twitch,twitch,,,missing_slang|short_text|low_translation_confidence,mine_or_ignore_no_dictionary_match,5
3370,@DivideByNone I'll check,i'll check,twitch,twitch,,,missing_slang|short_text|low_translation_confidence,mine_or_ignore_no_dictionary_match,5
595,@Novacht drue,drue,twitch,twitch,,,missing_slang|short_text|low_translation_confidence,mine_or_ignore_no_dictionary_match,5
594,peepoWTF,peepowtf,twitch,twitch,,,missing_slang|short_text|low_translation_confidence,mine_or_ignore_no_dictionary_match,5
592,poe sucks,poe sucks,twitch,twitch,,,missing_slang|short_text|low_translation_confidence,mine_or_ignore_no_dictionary_match,5
591,I'm your owner,i'm your owner,twitch,twitch,,,missing_slang|short_text|low_translation_confidence,mine_or_ignore_no_dictionary_match,5
562,whatss ets,whatss ets,twitch,twitch,,,missing_slang|short_text|low_translation_confidence,mine_or_ignore_no_dictionary_match,5
937,justin*,justin,twitch,twitch,,,missing_slang|short_text|low_translation_confidence,mine_or_ignore_no_dictionary_match,5
964,mhm same,mhm same,twitch,twitch,,,missing_slang|short_text|low_translation_confidence,mine_or_ignore_no_dictionary_match,5
963,Nerdge,nerdge,twitch,twitch,,,missing_slang|short_text|low_translation_confidence,mine_or_ignore_no_dictionary_match,5
959,wrangler02 yes xqcCo,wrangler02 yes xqcco,twitch,twitch,,,missing_slang|short_text|low_translation_confidence,mine_or_ignore_no_dictionary_match,5
957,!christmascd PeepoMas,christmascd peepomas,twitch,twitch,,,missing_slang|short_text|low_translation_confidence,mine_or_ignore_no_dictionary_match,5
955,blossuPout,blossupout,twitch,twitch,,,missing_slang|short_text|low_translation_confidence,mine_or_ignore_no_dictionary_match,5
953,vIsSx canta4,vissx canta4,twitch,twitch,,,missing_slang|short_text|low_translation_confidence,mine_or_ignore_no_dictionary_match,5
988,:p,p,twitch,twitch,,,missing_slang|short_text|low_translation_confidence,mine_or_ignore_no_dictionary_match,5
986,with moneys,with moneys,twitch,twitch,,,missing_slang|short_text|low_translation_confidence,mine_or_ignore_no_dictionary_match,5
985,damn,damn,twitch,twitch,,,missing_slang|short_text|low_translation_confidence,mine_or_ignore_no_dictionary_match,5
3146,jakkyzat NOPERS,jakkyzat nopers,twitch,twitch,,,missing_slang|short_text|low_translation_confidence,mine_or_ignore_no_dictionary_match,5
3141,sodaHmm inscryption beta,sodahmm inscryption beta,twitch,twitch,,,missing_slang|short_text|low_translation_confidence,mine_or_ignore_no_dictionary_match,5
3138,brown,brown,twitch,twitch,,,missing_slang|short_text|low_translation_confidence,mine_or_ignore_no_dictionary_match,5
3136,orange,orange,twitch,twitch,,,missing_slang|short_text|low_translation_confidence,mine_or_ignore_no_dictionary_match,5
3133,tarkov,tarkov,twitch,twitch,,,missing_slang|short_text|low_translation_confidence,mine_or_ignore_no_dictionary_match,5
3131,oh i know,oh i know,twitch,twitch,,,missing_slang|short_text|low_translation_confidence,mine_or_ignore_no_dictionary_match,5
3129,what's eft,what's eft,twitch,twitch,,,missing_slang|short_text|low_translation_confidence,mine_or_ignore_no_dictionary_match,5
3128,escape from tarkov,escape from tarkov,twitch,twitch,,,missing_slang|short_text|low_translation_confidence,mine_or_ignore_no_dictionary_match,5
3127,wats eft,wats eft,twitch,twitch,,,missing_slang|short_text|low_translation_confidence,mine_or_ignore_no_dictionary_match,5
981,x,x,twitch,twitch,,,missing_slang|short_text|low_translation_confidence,mine_or_ignore_no_dictionary_match,5
979,-40,40,twitch,twitch,,,missing_slang|short_text|low_translation_confidence,mine_or_ignore_no_dictionary_match,5
978,jesus,jesus,twitch,twitch,,,missing_slang|short_text|low_translation_confidence,mine_or_ignore_no_dictionary_match,5
939,like,like,twitch,twitch,,,missing_slang|short_text|low_translation_confidence,mine_or_ignore_no_dictionary_match,5
3112,sunny d,sunny d,twitch,twitch,,,missing_slang|short_text|low_translation_confidence,mine_or_ignore_no_dictionary_match,5
3110,sunshine vitamin,sunshine vitamin,twitch,twitch,,,missing_slang|short_text|low_translation_confidence,mine_or_ignore_no_dictionary_match,5
1013,where monkaW,where monkaw,twitch,twitch,,,missing_slang|short_text|low_translation_confidence,mine_or_ignore_no_dictionary_match,5
1011,squchaWUT web,squchawut web,twitch,twitch,,,missing_slang|short_text|low_translation_confidence,mine_or_ignore_no_dictionary_match,5
1007,selphySad shyNodders,selphysad shynodders,twitch,twitch,,,missing_slang|short_text|low_translation_confidence,mine_or_ignore_no_dictionary_match,5
1006,suisei BlessRNG,suisei blessrng,twitch,twitch,,,missing_slang|short_text|low_translation_confidence,mine_or_ignore_no_dictionary_match,5
977,selphyGasm no tummy,selphygasm no tummy,twitch,twitch,,,missing_slang|short_text|low_translation_confidence,mine_or_ignore_no_dictionary_match,5
976,no pattiiSIT,no pattiisit,twitch,twitch,,,missing_slang|short_text|low_translation_confidence,mine_or_ignore_no_dictionary_match,5
974,it's $40 pattiiSIT,it's 40 pattiisit,twitch,twitch,,,missing_slang|short_text|low_translation_confidence,mine_or_ignore_no_dictionary_match,5
973,gib totsSlam,gib totsslam,twitch,twitch,,,missing_slang|short_text|low_translation_confidence,mine_or_ignore_no_dictionary_match,5
971,xqc!,xqc,twitch,twitch,,,missing_slang|short_text|low_translation_confidence,mine_or_ignore_no_dictionary_match,5
997,for us pattiiSIT,for us pattiisit,twitch,twitch,,,missing_slang|short_text|low_translation_confidence,mine_or_ignore_no_dictionary_match,5
993,what frick pattiiSIT,what frick pattiisit,twitch,twitch,,,missing_slang|short_text|low_translation_confidence,mine_or_ignore_no_dictionary_match,5
992,? nymnBRUH,nymnbruh,twitch,twitch,,,missing_slang|short_text|low_translation_confidence,mine_or_ignore_no_dictionary_match,5
990,Test it MEOW,test it meow,twitch,twitch,,,missing_slang|short_text|low_translation_confidence,mine_or_ignore_no_dictionary_match,5
989,NODDERS,nodders,twitch,twitch,,,missing_slang|short_text|low_translation_confidence,mine_or_ignore_no_dictionary_match,5
558,Don't go wrangler02,don't go wrangler02,twitch,twitch,,,missing_slang|short_text|low_translation_confidence,mine_or_ignore_no_dictionary_match,5
554,Kinda,kinda,twitch,twitch,,,missing_slang|short_text|low_translation_confidence,mine_or_ignore_no_dictionary_match,5
551,weebNod,weebnod,twitch,twitch,,,missing_slang|short_text|low_translation_confidence,mine_or_ignore_no_dictionary_match,5
550,Eeya https://youtu.be/IEtFFKvxZMs,eeya,twitch,twitch,,,missing_slang|short_text|low_translation_confidence,mine_or_ignore_no_dictionary_match,5
580,!fight @Novacht,fight,twitch,twitch,,,missing_slang|short_text|low_translation_confidence,mine_or_ignore_no_dictionary_match,5
579,@wrangler02 SMASH,smash,twitch,twitch,,,missing_slang|short_text|low_translation_confidence,mine_or_ignore_no_dictionary_match,5
577,PANIC shh,panic shh,twitch,twitch,,,missing_slang|short_text|low_translation_confidence,mine_or_ignore_no_dictionary_match,5
576,huhWhat,huhwhat,twitch,twitch,,,missing_slang|short_text|low_translation_confidence,mine_or_ignore_no_dictionary_match,5
575,thats eots,thats eots,twitch,twitch,,,missing_slang|short_text|low_translation_confidence,mine_or_ignore_no_dictionary_match,5
574,NOPERS1,nopers1,twitch,twitch,,,missing_slang|short_text|low_translation_confidence,mine_or_ignore_no_dictionary_match,5
572,no idea,no idea,twitch,twitch,,,missing_slang|short_text|low_translation_confidence,mine_or_ignore_no_dictionary_match,5
539,kill me instead,kill me instead,twitch,twitch,,,missing_slang|short_text|low_translation_confidence,mine_or_ignore_no_dictionary_match,5
3125,calmJAM2 🏖 🌅,calmjam2,twitch,twitch,,,missing_slang|short_text|low_translation_confidence,mine_or_ignore_no_dictionary_match,5
3120,his hat,his hat,twitch,twitch,,,missing_slang|short_text|low_translation_confidence,mine_or_ignore_no_dictionary_match,5
3117,hat,hat,twitch,twitch,,,missing_slang|short_text|low_translation_confidence,mine_or_ignore_no_dictionary_match,5
3116,go liiiiiiiiiiiiiiiive,go liive,twitch,twitch,,,missing_slang|short_text|low_translation_confidence,mine_or_ignore_no_dictionary_match,5
3094,obese,obese,twitch,twitch,,,missing_slang|short_text|low_translation_confidence,mine_or_ignore_no_dictionary_match,5
1045,pattiiCRINGE juicers,pattiicringe juicers,twitch,twitch,,,missing_slang|short_text|low_translation_confidence,mine_or_ignore_no_dictionary_match,5
1044,Juicers out totsSlam,juicers out totsslam,twitch,twitch,,,missing_slang|short_text|low_translation_confidence,mine_or_ignore_no_dictionary_match,5
1043,its a mouthful,its a mouthful,twitch,twitch,,,missing_slang|short_text|low_translation_confidence,mine_or_ignore_no_dictionary_match,5
1004,Tnk Kissaweeb,tnk kissaweeb,twitch,twitch,,,missing_slang|short_text|low_translation_confidence,mine_or_ignore_no_dictionary_match,5
1002,peepoHappier Eeyaland,peepohappier eeyaland,twitch,twitch,,,missing_slang|short_text|low_translation_confidence,mine_or_ignore_no_dictionary_match,5
1001,burgir time pattiiSIT,burgir time pattiisit,twitch,twitch,,,missing_slang|short_text|low_translation_confidence,mine_or_ignore_no_dictionary_match,5
1000,Eeyaland,eeyaland,twitch,twitch,,,missing_slang|short_text|low_translation_confidence,mine_or_ignore_no_dictionary_match,5
1028,Novacht forsenHug,novacht forsenhug,twitch,twitch,,,missing_slang|short_text|low_translation_confidence,mine_or_ignore_no_dictionary_match,5
1027,@EYNAHL PawgChamp,pawgchamp,twitch,twitch,,,missing_slang|short_text|low_translation_confidence,mine_or_ignore_no_dictionary_match,5
1026,@EYNAHL forsenHug,forsenhug,twitch,twitch,,,missing_slang|short_text|low_translation_confidence,mine_or_ignore_no_dictionary_match,5
1024,that is all :),that is all,twitch,twitch,,,missing_slang|short_text|low_translation_confidence,mine_or_ignore_no_dictionary_match,5
1021,xqcI,xqci,twitch,twitch,,,missing_slang|short_text|low_translation_confidence,mine_or_ignore_no_dictionary_match,5
1020,Pispet MODS,pispet mods,twitch,twitch,,,missing_slang|short_text|low_translation_confidence,mine_or_ignore_no_dictionary_match,5
1019,!timeoutme tnk happythoLove,timeoutme tnk happytholove,twitch,twitch,,,missing_slang|short_text|low_translation_confidence,mine_or_ignore_no_dictionary_match,5
983,yes pattiiSIT,yes pattiisit,twitch,twitch,,,missing_slang|short_text|low_translation_confidence,mine_or_ignore_no_dictionary_match,5
3394,🧂 4🍋 CHEER,4 cheer,twitch,twitch,,,missing_slang|short_text|low_translation_confidence,mine_or_ignore_no_dictionary_match,5
3393,CHEER vulpes CHEER,cheer vulpes cheer,twitch,twitch,,,missing_slang|short_text|low_translation_confidence,mine_or_ignore_no_dictionary_match,5
3391,CHEER brian CHEER,cheer brian cheer,twitch,twitch,,,missing_slang|short_text|low_translation_confidence,mine_or_ignore_no_dictionary_match,5
3388,CHEER divide CHEER,cheer divide cheer,twitch,twitch,,,missing_slang|short_text|low_translation_confidence,mine_or_ignore_no_dictionary_match,5
3387,its mine,its mine,twitch,twitch,,,missing_slang|short_text|low_translation_confidence,mine_or_ignore_no_dictionary_match,5
3384,sodaREE,sodaree,twitch,twitch,,,missing_slang|short_text|low_translation_confidence,mine_or_ignore_no_dictionary_match,5
3382,nnysVote,nnysvote,twitch,twitch,,,missing_slang|short_text|low_translation_confidence,mine_or_ignore_no_dictionary_match,5
564,eat the shit,eat the shit,twitch,twitch,,,missing_slang|short_text|low_translation_confidence,mine_or_ignore_no_dictionary_match,5
527,is 9 am,is 9 am,twitch,twitch,,,missing_slang|short_text|low_translation_confidence,mine_or_ignore_no_dictionary_match,5
3109,you mean D?,you mean d,twitch,twitch,,,missing_slang|short_text|low_translation_confidence,mine_or_ignore_no_dictionary_match,5
3108,[Trivia] Hint: Sunshi__ _______,trivia hint sunshi,twitch,twitch,,,missing_slang|short_text|low_translation_confidence,mine_or_ignore_no_dictionary_match,5
3106,sun vitamin,sun vitamin,twitch,twitch,,,missing_slang|short_text|low_translation_confidence,mine_or_ignore_no_dictionary_match,5
3104,uvitamin,uvitamin,twitch,twitch,,,missing_slang|short_text|low_translation_confidence,mine_or_ignore_no_dictionary_match,5
3103,deez nut,deez nut,twitch,twitch,,,missing_slang|short_text|low_translation_confidence,mine_or_ignore_no_dictionary_match,5
3101,DEEZ NUTS,deez nuts,twitch,twitch,,,missing_slang|short_text|low_translation_confidence,mine_or_ignore_no_dictionary_match,5
3095,obedience,obedience,twitch,twitch,,,missing_slang|short_text|low_translation_confidence,mine_or_ignore_no_dictionary_match,5
3083,weird question,weird question,twitch,twitch,,,missing_slang|short_text|low_translation_confidence,mine_or_ignore_no_dictionary_match,5
3082,valeksasv8 sodaWAVE,valeksasv8 sodawave,twitch,twitch,,,missing_slang|short_text|low_translation_confidence,mine_or_ignore_no_dictionary_match,5
3081,dino saddle happythoWeird ?,dino saddle happythoweird,twitch,twitch,,,missing_slang|short_text|low_translation_confidence,mine_or_ignore_no_dictionary_match,5
1041,KoroneFukireta,koronefukireta,twitch,twitch,,,missing_slang|short_text|low_translation_confidence,mine_or_ignore_no_dictionary_match,5
1039,TOMIIll forsenHug,tomiill forsenhug,twitch,twitch,,,missing_slang|short_text|low_translation_confidence,mine_or_ignore_no_dictionary_match,5
1032,@EYNAHL peepoSlam,peeposlam,twitch,twitch,,,missing_slang|short_text|low_translation_confidence,mine_or_ignore_no_dictionary_match,5
1031,no wrangler02,no wrangler02,twitch,twitch,,,missing_slang|short_text|low_translation_confidence,mine_or_ignore_no_dictionary_match,5
1061,!tuck TOMIIII,tuck tomii,twitch,twitch,,,missing_slang|short_text|low_translation_confidence,mine_or_ignore_no_dictionary_match,5
1060,TOMIIll MODS,tomiill mods,twitch,twitch,,,missing_slang|short_text|low_translation_confidence,mine_or_ignore_no_dictionary_match,5
1059,AHHHH,ahh,twitch,twitch,,,missing_slang|short_text|low_translation_confidence,mine_or_ignore_no_dictionary_match,5
1055,peepoTalk,peepotalk,twitch,twitch,,,missing_slang|short_text|low_translation_confidence,mine_or_ignore_no_dictionary_match,5
1053,sleep*,sleep,twitch,twitch,,,missing_slang|short_text|low_translation_confidence,mine_or_ignore_no_dictionary_match,5
538,veiNODDERS,veinodders,twitch,twitch,,,missing_slang|short_text|low_translation_confidence,mine_or_ignore_no_dictionary_match,5
537,squchaHug watch anime,squchahug watch anime,twitch,twitch,,,missing_slang|short_text|low_translation_confidence,mine_or_ignore_no_dictionary_match,5
536,@Pispet peepoPain drue,peepopain drue,twitch,twitch,,,missing_slang|short_text|low_translation_confidence,mine_or_ignore_no_dictionary_match,5
3396,hi saltys4lmon,hi saltys4lmon,twitch,twitch,,,missing_slang|short_text|low_translation_confidence,mine_or_ignore_no_dictionary_match,5
1075,so soon tho,so soon tho,twitch,twitch,,,missing_slang|short_text|low_translation_confidence,mine_or_ignore_no_dictionary_match,5
1073,pattiiSIP shaddup web,pattiisip shaddup web,twitch,twitch,,,missing_slang|short_text|low_translation_confidence,mine_or_ignore_no_dictionary_match,5
1069,pepeSUM gayforcandy,pepesum gayforcandy,twitch,twitch,,,missing_slang|short_text|low_translation_confidence,mine_or_ignore_no_dictionary_match,5
1065,xqcT,xqct,twitch,twitch,,,missing_slang|short_text|low_translation_confidence,mine_or_ignore_no_dictionary_match,5
1064,squchaGasm Onii-chan,squchagasm onii-chan,twitch,twitch,,,missing_slang|short_text|low_translation_confidence,mine_or_ignore_no_dictionary_match,5
1091,snbPat vissx,snbpat vissx,twitch,twitch,,,missing_slang|short_text|low_translation_confidence,mine_or_ignore_no_dictionary_match,5
1090,selphyNuu,selphynuu,twitch,twitch,,,missing_slang|short_text|low_translation_confidence,mine_or_ignore_no_dictionary_match,5
1089,tnk k3llyPls,tnk k3llypls,twitch,twitch,,,missing_slang|short_text|low_translation_confidence,mine_or_ignore_no_dictionary_match,5
1049,@TOMIIll peepoLeaveFinger,peepoleavefinger,twitch,twitch,,,missing_slang|short_text|low_translation_confidence,mine_or_ignore_no_dictionary_match,5
1047,ChillyHTX xqcL,chillyhtx xqcl,twitch,twitch,,,missing_slang|short_text|low_translation_confidence,mine_or_ignore_no_dictionary_match,5
3093,[Trivia] Hint: obe______,trivia hint obe,twitch,twitch,,,missing_slang|short_text|low_translation_confidence,mine_or_ignore_no_dictionary_match,5
3092,dog,dog,twitch,twitch,,,missing_slang|short_text|low_translation_confidence,mine_or_ignore_no_dictionary_match,5
3090,dog house,dog house,twitch,twitch,,,missing_slang|short_text|low_translation_confidence,mine_or_ignore_no_dictionary_match,5
3089,uhh,uhh,twitch,twitch,,,missing_slang|short_text|low_translation_confidence,mine_or_ignore_no_dictionary_match,5
3088,veterinary,veterinary,twitch,twitch,,,missing_slang|short_text|low_translation_confidence,mine_or_ignore_no_dictionary_match,5
3085,%trivia b,trivia b,twitch,twitch,,,missing_slang|short_text|low_translation_confidence,mine_or_ignore_no_dictionary_match,5
525,Is 3am,is 3am,twitch,twitch,,,missing_slang|short_text|low_translation_confidence,mine_or_ignore_no_dictionary_match,5
524,yea?,yea,twitch,twitch,,,missing_slang|short_text|low_translation_confidence,mine_or_ignore_no_dictionary_match,5
523,at midnight?,at midnight,twitch,twitch,,,missing_slang|short_text|low_translation_confidence,mine_or_ignore_no_dictionary_match,5
522,at 1 am?,at 1 am,twitch,twitch,,,missing_slang|short_text|low_translation_confidence,mine_or_ignore_no_dictionary_match,5
521,at 3pm?,at 3pm,twitch,twitch,,,missing_slang|short_text|low_translation_confidence,mine_or_ignore_no_dictionary_match,5
519,@TOMIIll sodaDink wake up,sodadink wake up,twitch,twitch,,,missing_slang|short_text|low_translation_confidence,mine_or_ignore_no_dictionary_match,5
518,gn tomi veiSleep,gn tomi veisleep,twitch,twitch,,,missing_slang|short_text|low_translation_confidence,mine_or_ignore_no_dictionary_match,5
549,selphyPout,selphypout,twitch,twitch,,,missing_slang|short_text|low_translation_confidence,mine_or_ignore_no_dictionary_match,5
547,Pispet very weebNod,pispet very weebnod,twitch,twitch,,,missing_slang|short_text|low_translation_confidence,mine_or_ignore_no_dictionary_match,5
546,That's gay,that's gay,twitch,twitch,,,missing_slang|short_text|low_translation_confidence,mine_or_ignore_no_dictionary_match,5
544,no u tomi,no u tomi,twitch,twitch,,,missing_slang|short_text|low_translation_confidence,mine_or_ignore_no_dictionary_match,5
543,veiF,veif,twitch,twitch,,,missing_slang|short_text|low_translation_confidence,mine_or_ignore_no_dictionary_match,5
542,Watch Arcane,watch arcane,twitch,twitch,,,missing_slang|short_text|low_translation_confidence,mine_or_ignore_no_dictionary_match,5
541,Anime sucks,anime sucks,twitch,twitch,,,missing_slang|short_text|low_translation_confidence,mine_or_ignore_no_dictionary_match,5
3078,dinosaur,dinosaur,twitch,twitch,,,missing_slang|short_text|low_translation_confidence,mine_or_ignore_no_dictionary_match,5
1076,clamkyouHehe,clamkyouhehe,twitch,twitch,,,missing_slang|short_text|low_translation_confidence,mine_or_ignore_no_dictionary_match,5
1116,kaiouraBite,kaiourabite,twitch,twitch,,,missing_slang|short_text|low_translation_confidence,mine_or_ignore_no_dictionary_match,5
1088,Chicweber happythoLove,chicweber happytholove,twitch,twitch,,,missing_slang|short_text|low_translation_confidence,mine_or_ignore_no_dictionary_match,5
1087,@Chicbreeze peepoSit,peeposit,twitch,twitch,,,missing_slang|short_text|low_translation_confidence,mine_or_ignore_no_dictionary_match,5
1086,wrangler BOP ANGRY,wrangler bop angry,twitch,twitch,,,missing_slang|short_text|low_translation_confidence,mine_or_ignore_no_dictionary_match,5
1085,@Chicbreeze peepoLegs peepoFeet,peepolegs peepofeet,twitch,twitch,,,missing_slang|short_text|low_translation_confidence,mine_or_ignore_no_dictionary_match,5
1084,autumnvrSnack,autumnvrsnack,twitch,twitch,,,missing_slang|short_text|low_translation_confidence,mine_or_ignore_no_dictionary_match,5
1082,o_ô you,o you,twitch,twitch,,,missing_slang|short_text|low_translation_confidence,mine_or_ignore_no_dictionary_match,5
1109,happythoNod,happythonod,twitch,twitch,,,missing_slang|short_text|low_translation_confidence,mine_or_ignore_no_dictionary_match,5
1108,"@SniperWulf, Kissaweeb",kissaweeb,twitch,twitch,,,missing_slang|short_text|low_translation_confidence,mine_or_ignore_no_dictionary_match,5
1107,noKissu,nokissu,twitch,twitch,,,missing_slang|short_text|low_translation_confidence,mine_or_ignore_no_dictionary_match,5
1106,eckMeowG,eckmeowg,twitch,twitch,,,missing_slang|short_text|low_translation_confidence,mine_or_ignore_no_dictionary_match,5
1105,@Ecko peepoFlower,peepoflower,twitch,twitch,,,missing_slang|short_text|low_translation_confidence,mine_or_ignore_no_dictionary_match,5
1104,yes wrangler sodaSit,yes wrangler sodasit,twitch,twitch,,,missing_slang|short_text|low_translation_confidence,mine_or_ignore_no_dictionary_match,5
1101,embeber vulpes3Lurk,embeber vulpes3lurk,twitch,twitch,,,missing_slang|short_text|low_translation_confidence,mine_or_ignore_no_dictionary_match,5
1100,chicbeber sodaPOUT,chicbeber sodapout,twitch,twitch,,,missing_slang|short_text|low_translation_confidence,mine_or_ignore_no_dictionary_match,5
3080,motorcycle,motorcycle,twitch,twitch,,,missing_slang|short_text|low_translation_confidence,mine_or_ignore_no_dictionary_match,5
3410,looks like monkaEXTREME,looks like monkaextreme,twitch,twitch,,,missing_slang|short_text|low_translation_confidence,mine_or_ignore_no_dictionary_match,5
3406,PADORU kjones PADORU,padoru kjones padoru,twitch,twitch,,,missing_slang|short_text|low_translation_confidence,mine_or_ignore_no_dictionary_match,5
3405,@saltys4lmon sodaWave heya buddy,sodawave heya buddy,twitch,twitch,,,missing_slang|short_text|low_translation_confidence,mine_or_ignore_no_dictionary_match,5
3399,poarapBROW,poarapbrow,twitch,twitch,,,missing_slang|short_text|low_translation_confidence,mine_or_ignore_no_dictionary_match,5
530,wrangler02 Wokege,wrangler02 wokege,twitch,twitch,,,missing_slang|short_text|low_translation_confidence,mine_or_ignore_no_dictionary_match,5
529,in US time,in us time,twitch,twitch,,,missing_slang|short_text|low_translation_confidence,mine_or_ignore_no_dictionary_match,5
491,kum,kum,twitch,twitch,,,missing_slang|short_text|low_translation_confidence,mine_or_ignore_no_dictionary_match,5
1097,webers vulpes3Lurk,webers vulpes3lurk,twitch,twitch,,,missing_slang|short_text|low_translation_confidence,mine_or_ignore_no_dictionary_match,5
1096,FeelsDankMan ah ok,feelsdankman ah ok,twitch,twitch,,,missing_slang|short_text|low_translation_confidence,mine_or_ignore_no_dictionary_match,5
3077,bicycle,bicycle,twitch,twitch,,,missing_slang|short_text|low_translation_confidence,mine_or_ignore_no_dictionary_match,5
3076,oh i see,oh i see,twitch,twitch,,,missing_slang|short_text|low_translation_confidence,mine_or_ignore_no_dictionary_match,5
3071,mayahiO,mayahio,twitch,twitch,,,missing_slang|short_text|low_translation_confidence,mine_or_ignore_no_dictionary_match,5
3067,smallville,smallville,twitch,twitch,,,missing_slang|short_text|low_translation_confidence,mine_or_ignore_no_dictionary_match,5
1123,PepeLaugh,pepelaugh,twitch,twitch,,,missing_slang|short_text|low_translation_confidence,mine_or_ignore_no_dictionary_match,5
1118,pattiiBITE,pattiibite,twitch,twitch,,,missing_slang|short_text|low_translation_confidence,mine_or_ignore_no_dictionary_match,5
1117,AYAYAS,ayayas,twitch,twitch,,,missing_slang|short_text|low_translation_confidence,mine_or_ignore_no_dictionary_match,5
1152,clamkyouSchneef,clamkyouschneef,twitch,twitch,,,missing_slang|short_text|low_translation_confidence,mine_or_ignore_no_dictionary_match,5
1114,vIsSx vulpes3Ree,vissx vulpes3ree,twitch,twitch,,,missing_slang|short_text|low_translation_confidence,mine_or_ignore_no_dictionary_match,5
1112,wulfer kaiouraRee kaiouraTail,wulfer kaiouraree kaiouratail,twitch,twitch,,,missing_slang|short_text|low_translation_confidence,mine_or_ignore_no_dictionary_match,5
1110,annytfPat,annytfpat,twitch,twitch,,,missing_slang|short_text|low_translation_confidence,mine_or_ignore_no_dictionary_match,5
1140,agony?,agony,twitch,twitch,,,missing_slang|short_text|low_translation_confidence,mine_or_ignore_no_dictionary_match,5
1139,o_ô agny?,o agny,twitch,twitch,,,missing_slang|short_text|low_translation_confidence,mine_or_ignore_no_dictionary_match,5
1138,cirAngy,cirangy,twitch,twitch,,,missing_slang|short_text|low_translation_confidence,mine_or_ignore_no_dictionary_match,5
1137,lanfea2Boop vissx,lanfea2boop vissx,twitch,twitch,,,missing_slang|short_text|low_translation_confidence,mine_or_ignore_no_dictionary_match,5
1136,vulpes3Ree,vulpes3ree,twitch,twitch,,,missing_slang|short_text|low_translation_confidence,mine_or_ignore_no_dictionary_match,5
1135,Chicweeby vulpes3Ree,chicweeby vulpes3ree,twitch,twitch,,,missing_slang|short_text|low_translation_confidence,mine_or_ignore_no_dictionary_match,5
1134,cirAngy im agny,cirangy im agny,twitch,twitch,,,missing_slang|short_text|low_translation_confidence,mine_or_ignore_no_dictionary_match,5
1133,", selphyHae",selphyhae,twitch,twitch,,,missing_slang|short_text|low_translation_confidence,mine_or_ignore_no_dictionary_match,5
1098,bebers vulpes3Lurk,bebers vulpes3lurk,twitch,twitch,,,missing_slang|short_text|low_translation_confidence,mine_or_ignore_no_dictionary_match,5
502,TOMIIll MEOW yo,tomiill meow yo,twitch,twitch,,,missing_slang|short_text|low_translation_confidence,mine_or_ignore_no_dictionary_match,5
3412,"@saltys4lmon, duckHey",duckhey,twitch,twitch,,,missing_slang|short_text|low_translation_confidence,mine_or_ignore_no_dictionary_match,5
3411,PADORU ryan PADORU,padoru ryan padoru,twitch,twitch,,,missing_slang|short_text|low_translation_confidence,mine_or_ignore_no_dictionary_match,5
1172,pebis,pebis,twitch,twitch,,,missing_slang|short_text|low_translation_confidence,mine_or_ignore_no_dictionary_match,5
1171,!timemeout 1hr 32m,timemeout 1hr 32m,twitch,twitch,,,missing_slang|short_text|low_translation_confidence,mine_or_ignore_no_dictionary_match,5
1168,ChillyHTX koroneBonk,chillyhtx koronebonk,twitch,twitch,,,missing_slang|short_text|low_translation_confidence,mine_or_ignore_no_dictionary_match,5
1167,veiSway SoSnowy,veisway sosnowy,twitch,twitch,,,missing_slang|short_text|low_translation_confidence,mine_or_ignore_no_dictionary_match,5
1166,Chicweber kaiouraBite,chicweber kaiourabite,twitch,twitch,,,missing_slang|short_text|low_translation_confidence,mine_or_ignore_no_dictionary_match,5
1165,sodaSpin SnowTime,sodaspin snowtime,twitch,twitch,,,missing_slang|short_text|low_translation_confidence,mine_or_ignore_no_dictionary_match,5
1164,vIsSx kaiouraPout,vissx kaiourapout,twitch,twitch,,,missing_slang|short_text|low_translation_confidence,mine_or_ignore_no_dictionary_match,5
1128,kaiouraEep kaiouraTail,kaiouraeep kaiouratail,twitch,twitch,,,missing_slang|short_text|low_translation_confidence,mine_or_ignore_no_dictionary_match,5
3060,netrowk,netrowk,twitch,twitch,,,missing_slang|short_text|low_translation_confidence,mine_or_ignore_no_dictionary_match,5
3058,newport,newport,twitch,twitch,,,missing_slang|short_text|low_translation_confidence,mine_or_ignore_no_dictionary_match,5
3056,[Scramble] Hint: ne_____,scramble hint ne,twitch,twitch,,,missing_slang|short_text|low_translation_confidence,mine_or_ignore_no_dictionary_match,5
3055,"@melloal, happythoPat",happythopat,twitch,twitch,,,missing_slang|short_text|low_translation_confidence,mine_or_ignore_no_dictionary_match,5
3053,"@Nacchikins, thx TrollDespair",thx trolldespair,twitch,twitch,,,missing_slang|short_text|low_translation_confidence,mine_or_ignore_no_dictionary_match,5
3047,!keyboard,keyboard,twitch,twitch,,,missing_slang|short_text|low_translation_confidence,mine_or_ignore_no_dictionary_match,5
1156,Simpsorma koroneBonk,simpsorma koronebonk,twitch,twitch,,,missing_slang|short_text|low_translation_confidence,mine_or_ignore_no_dictionary_match,5
1155,!timemeout 1hr 8m,timemeout 1hr 8m,twitch,twitch,,,missing_slang|short_text|low_translation_confidence,mine_or_ignore_no_dictionary_match,5
487,que,que,twitch,twitch,,,missing_slang|short_text|low_translation_confidence,mine_or_ignore_no_dictionary_match,5
486,si,si,twitch,twitch,,,missing_slang|short_text|low_translation_confidence,mine_or_ignore_no_dictionary_match,5
516,VigSad Vigors,vigsad vigors,twitch,twitch,,,missing_slang|short_text|low_translation_confidence,mine_or_ignore_no_dictionary_match,5
513,gn chat catKISS,gn chat catkiss,twitch,twitch,,,missing_slang|short_text|low_translation_confidence,mine_or_ignore_no_dictionary_match,5
511,sodaHappy wrangler,sodahappy wrangler,twitch,twitch,,,missing_slang|short_text|low_translation_confidence,mine_or_ignore_no_dictionary_match,5
510,peepoHappy,peepohappy,twitch,twitch,,,missing_slang|short_text|low_translation_confidence,mine_or_ignore_no_dictionary_match,5
509,adinDukie,adindukie,twitch,twitch,,,missing_slang|short_text|low_translation_confidence,mine_or_ignore_no_dictionary_match,5
507,oui,oui,twitch,twitch,,,missing_slang|short_text|low_translation_confidence,mine_or_ignore_no_dictionary_match,5
506,lmao xD nerd,lmao xd nerd,twitch,twitch,,,missing_slang|short_text|low_translation_confidence,mine_or_ignore_no_dictionary_match,5
480,Que comes?,que comes,twitch,twitch,,,missing_slang|short_text|low_translation_confidence,mine_or_ignore_no_dictionary_match,5
1150,Sillyweb kaiouraLurk,sillyweb kaiouralurk,twitch,twitch,,,missing_slang|short_text|low_translation_confidence,mine_or_ignore_no_dictionary_match,5
1148,kaiouraLost,kaiouralost,twitch,twitch,,,missing_slang|short_text|low_translation_confidence,mine_or_ignore_no_dictionary_match,5
1147,veiYes,veiyes,twitch,twitch,,,missing_slang|short_text|low_translation_confidence,mine_or_ignore_no_dictionary_match,5
1145,selphyPog,selphypog,twitch,twitch,,,missing_slang|short_text|low_translation_confidence,mine_or_ignore_no_dictionary_match,5
1144,good,good,twitch,twitch,,,missing_slang|short_text|low_translation_confidence,mine_or_ignore_no_dictionary_match,5
1142,in agony scuffedCry,in agony scuffedcry,twitch,twitch,,,missing_slang|short_text|low_translation_confidence,mine_or_ignore_no_dictionary_match,5
1203,among us,among us,twitch,twitch,,,missing_slang|short_text|low_translation_confidence,mine_or_ignore_no_dictionary_match,5
1202,soda,soda,twitch,twitch,,,missing_slang|short_text|low_translation_confidence,mine_or_ignore_no_dictionary_match,5
1163,happythoTuck tnk,happythotuck tnk,twitch,twitch,,,missing_slang|short_text|low_translation_confidence,mine_or_ignore_no_dictionary_match,5
1160,kaiouraDead,kaiouradead,twitch,twitch,,,missing_slang|short_text|low_translation_confidence,mine_or_ignore_no_dictionary_match,5
1158,sodaLurk happythoLurk realvrLurk,sodalurk happytholurk realvrlurk,twitch,twitch,,,missing_slang|short_text|low_translation_confidence,mine_or_ignore_no_dictionary_match,5
1186,peepoClap gj,peepoclap gj,twitch,twitch,,,missing_slang|short_text|low_translation_confidence,mine_or_ignore_no_dictionary_match,5
1184,!timeoutme eeya happythoTuck,timeoutme eeya happythotuck,twitch,twitch,,,missing_slang|short_text|low_translation_confidence,mine_or_ignore_no_dictionary_match,5
1183,sodaHUG,sodahug,twitch,twitch,,,missing_slang|short_text|low_translation_confidence,mine_or_ignore_no_dictionary_match,5
1181,eynahl squchaHug,eynahl squchahug,twitch,twitch,,,missing_slang|short_text|low_translation_confidence,mine_or_ignore_no_dictionary_match,5
1179,!advice,advice,twitch,twitch,,,missing_slang|short_text|low_translation_confidence,mine_or_ignore_no_dictionary_match,5
1177,natsukoCopium,natsukocopium,twitch,twitch,,,missing_slang|short_text|low_translation_confidence,mine_or_ignore_no_dictionary_match,5
1175,Meoww,meoww,twitch,twitch,,,missing_slang|short_text|low_translation_confidence,mine_or_ignore_no_dictionary_match,5
1151,nyannBlush,nyannblush,twitch,twitch,,,missing_slang|short_text|low_translation_confidence,mine_or_ignore_no_dictionary_match,5
490,qum,qum,twitch,twitch,,,missing_slang|short_text|low_translation_confidence,mine_or_ignore_no_dictionary_match,5
489,cum,cum,twitch,twitch,,,missing_slang|short_text|low_translation_confidence,mine_or_ignore_no_dictionary_match,5
488,tomitomitomitomitomitomitomi bongoTap,tomitomitomitomitomitomitomi bongotap,twitch,twitch,,,missing_slang|short_text|low_translation_confidence,mine_or_ignore_no_dictionary_match,5
1218,dragonicdrago koroneBonk,dragonicdrago koronebonk,twitch,twitch,,,missing_slang|short_text|low_translation_confidence,mine_or_ignore_no_dictionary_match,5
1216,TeaTime Clueless,teatime clueless,twitch,twitch,,,missing_slang|short_text|low_translation_confidence,mine_or_ignore_no_dictionary_match,5
1215,Clueless TeaTime,clueless teatime,twitch,twitch,,,missing_slang|short_text|low_translation_confidence,mine_or_ignore_no_dictionary_match,5
1213,Clueless,clueless,twitch,twitch,,,missing_slang|short_text|low_translation_confidence,mine_or_ignore_no_dictionary_match,5
1211,what bot Clueless,what bot clueless,twitch,twitch,,,missing_slang|short_text|low_translation_confidence,mine_or_ignore_no_dictionary_match,5
1210,xD nuthlusbot,xd nuthlusbot,twitch,twitch,,,missing_slang|short_text|low_translation_confidence,mine_or_ignore_no_dictionary_match,5
3045,pokiHmph,pokihmph,twitch,twitch,,,missing_slang|short_text|low_translation_confidence,mine_or_ignore_no_dictionary_match,5
3043,radioactivity,radioactivity,twitch,twitch,,,missing_slang|short_text|low_translation_confidence,mine_or_ignore_no_dictionary_match,5
3041,radiation,radiation,twitch,twitch,,,missing_slang|short_text|low_translation_confidence,mine_or_ignore_no_dictionary_match,5
3039,mmmmm,mm,twitch,twitch,,,missing_slang|short_text|low_translation_confidence,mine_or_ignore_no_dictionary_match,5
3038,pomodoro,pomodoro,twitch,twitch,,,missing_slang|short_text|low_translation_confidence,mine_or_ignore_no_dictionary_match,5
3036,parmeggiano,parmeggiano,twitch,twitch,,,missing_slang|short_text|low_translation_confidence,mine_or_ignore_no_dictionary_match,5
3034,cheese peepoFat,cheese peepofat,twitch,twitch,,,missing_slang|short_text|low_translation_confidence,mine_or_ignore_no_dictionary_match,5
3033,mmm parma ham,mm parma ham,twitch,twitch,,,missing_slang|short_text|low_translation_confidence,mine_or_ignore_no_dictionary_match,5
3031,palace,palace,twitch,twitch,,,missing_slang|short_text|low_translation_confidence,mine_or_ignore_no_dictionary_match,5
3030,parma,parma,twitch,twitch,,,missing_slang|short_text|low_translation_confidence,mine_or_ignore_no_dictionary_match,5
478,Porque si,porque si,twitch,twitch,,,missing_slang|short_text|low_translation_confidence,mine_or_ignore_no_dictionary_match,5
477,por que,por que,twitch,twitch,,,missing_slang|short_text|low_translation_confidence,mine_or_ignore_no_dictionary_match,5
475,Amazonmusic channel,amazonmusic channel,twitch,twitch,,,missing_slang|short_text|low_translation_confidence,mine_or_ignore_no_dictionary_match,5
474,Where,where,twitch,twitch,,,missing_slang|short_text|low_translation_confidence,mine_or_ignore_no_dictionary_match,5
472,no u,no u,twitch,twitch,,,missing_slang|short_text|low_translation_confidence,mine_or_ignore_no_dictionary_match,5
470,adinThatscrazy,adinthatscrazy,twitch,twitch,,,missing_slang|short_text|low_translation_confidence,mine_or_ignore_no_dictionary_match,5
501,theyungyee MEOW yo,theyungyee meow yo,twitch,twitch,,,missing_slang|short_text|low_translation_confidence,mine_or_ignore_no_dictionary_match,5
497,ChillyHTX catKISS,chillyhtx catkiss,twitch,twitch,,,missing_slang|short_text|low_translation_confidence,mine_or_ignore_no_dictionary_match,5
496,sodaMeow nyaaaaaaaaaaa~,sodameow nyaa,twitch,twitch,,,missing_slang|short_text|low_translation_confidence,mine_or_ignore_no_dictionary_match,5
495,theyungyee catKISS2,theyungyee catkiss2,twitch,twitch,,,missing_slang|short_text|low_translation_confidence,mine_or_ignore_no_dictionary_match,5
494,PUKERS,pukers,twitch,twitch,,,missing_slang|short_text|low_translation_confidence,mine_or_ignore_no_dictionary_match,5
492,veiF cummers,veif cummers,twitch,twitch,,,missing_slang|short_text|low_translation_confidence,mine_or_ignore_no_dictionary_match,5
457,pispet happythoTuck,pispet happythotuck,twitch,twitch,,,missing_slang|short_text|low_translation_confidence,mine_or_ignore_no_dictionary_match,5
1194,!deathroll 69420,deathroll 69420,twitch,twitch,,,missing_slang|short_text|low_translation_confidence,mine_or_ignore_no_dictionary_match,5
1192,CHEER,cheer,twitch,twitch,,,missing_slang|short_text|low_translation_confidence,mine_or_ignore_no_dictionary_match,5
1190,!timemeout 1hr 24m,timemeout 1hr 24m,twitch,twitch,,,missing_slang|short_text|low_translation_confidence,mine_or_ignore_no_dictionary_match,5
1239,[Trivia] Hint: Sall_ ____,trivia hint sall,twitch,twitch,,,missing_slang|short_text|low_translation_confidence,mine_or_ignore_no_dictionary_match,5
1207,chat,chat,twitch,twitch,,,missing_slang|short_text|low_translation_confidence,mine_or_ignore_no_dictionary_match,5
3029,[Trivia] Hint: Pa___,trivia hint pa,twitch,twitch,,,missing_slang|short_text|low_translation_confidence,mine_or_ignore_no_dictionary_match,5
3028,juventus,juventus,twitch,twitch,,,missing_slang|short_text|low_translation_confidence,mine_or_ignore_no_dictionary_match,5
3027,venice,venice,twitch,twitch,,,missing_slang|short_text|low_translation_confidence,mine_or_ignore_no_dictionary_match,5
3026,kjones086 sodaL,kjones086 sodal,twitch,twitch,,,missing_slang|short_text|low_translation_confidence,mine_or_ignore_no_dictionary_match,5
3025,vatican,vatican,twitch,twitch,,,missing_slang|short_text|low_translation_confidence,mine_or_ignore_no_dictionary_match,5
3024,florence,florence,twitch,twitch,,,missing_slang|short_text|low_translation_confidence,mine_or_ignore_no_dictionary_match,5
3023,rome,rome,twitch,twitch,,,missing_slang|short_text|low_translation_confidence,mine_or_ignore_no_dictionary_match,5
3022,milan,milan,twitch,twitch,,,missing_slang|short_text|low_translation_confidence,mine_or_ignore_no_dictionary_match,5
3021,naples,naples,twitch,twitch,,,missing_slang|short_text|low_translation_confidence,mine_or_ignore_no_dictionary_match,5
3017,valeksasv8 sodaHi sodaL,valeksasv8 sodahi sodal,twitch,twitch,,,missing_slang|short_text|low_translation_confidence,mine_or_ignore_no_dictionary_match,5
3015,ska,ska,twitch,twitch,,,missing_slang|short_text|low_translation_confidence,mine_or_ignore_no_dictionary_match,5
3014,peepoLeave,peepoleave,twitch,twitch,,,missing_slang|short_text|low_translation_confidence,mine_or_ignore_no_dictionary_match,5
1199,!roll,roll,twitch,twitch,,,missing_slang|short_text|low_translation_confidence,mine_or_ignore_no_dictionary_match,5
479,como,como,twitch,twitch,,,missing_slang|short_text|low_translation_confidence,mine_or_ignore_no_dictionary_match,5
1259,redsCute,redscute,twitch,twitch,,,missing_slang|short_text|low_translation_confidence,mine_or_ignore_no_dictionary_match,5
1258,modCheck cuties?,modcheck cuties,twitch,twitch,,,missing_slang|short_text|low_translation_confidence,mine_or_ignore_no_dictionary_match,5
1255,!discord,discord,twitch,twitch,,,missing_slang|short_text|low_translation_confidence,mine_or_ignore_no_dictionary_match,5
1236,bluray,bluray,twitch,twitch,,,missing_slang|short_text|low_translation_confidence,mine_or_ignore_no_dictionary_match,5
1235,[Trivia] Hint: Bl____,trivia hint bl,twitch,twitch,,,missing_slang|short_text|low_translation_confidence,mine_or_ignore_no_dictionary_match,5
1233,BatMan,batman,twitch,twitch,,,missing_slang|short_text|low_translation_confidence,mine_or_ignore_no_dictionary_match,5
1232,DankChat,dankchat,twitch,twitch,,,missing_slang|short_text|low_translation_confidence,mine_or_ignore_no_dictionary_match,5
1231,peepoChat,peepochat,twitch,twitch,,,missing_slang|short_text|low_translation_confidence,mine_or_ignore_no_dictionary_match,5
1222,!age,age,twitch,twitch,,,missing_slang|short_text|low_translation_confidence,mine_or_ignore_no_dictionary_match,5
1252,sally f,sally f,twitch,twitch,,,missing_slang|short_text|low_translation_confidence,mine_or_ignore_no_dictionary_match,5
1250,sally e,sally e,twitch,twitch,,,missing_slang|short_text|low_translation_confidence,mine_or_ignore_no_dictionary_match,5
1248,sally  d,sally d,twitch,twitch,,,missing_slang|short_text|low_translation_confidence,mine_or_ignore_no_dictionary_match,5
1246,sally c,sally c,twitch,twitch,,,missing_slang|short_text|low_translation_confidence,mine_or_ignore_no_dictionary_match,5
1244,sally b,sally b,twitch,twitch,,,missing_slang|short_text|low_translation_confidence,mine_or_ignore_no_dictionary_match,5
1242,sally a,sally a,twitch,twitch,,,missing_slang|short_text|low_translation_confidence,mine_or_ignore_no_dictionary_match,5
1240,sally,sally,twitch,twitch,,,missing_slang|short_text|low_translation_confidence,mine_or_ignore_no_dictionary_match,5
455,veiO,veio,twitch,twitch,,,missing_slang|short_text|low_translation_confidence,mine_or_ignore_no_dictionary_match,5
3427,usable* pepoHmm,usable pepohmm,twitch,twitch,,,missing_slang|short_text|low_translation_confidence,mine_or_ignore_no_dictionary_match,5
3426,PADORU,padoru,twitch,twitch,,,missing_slang|short_text|low_translation_confidence,mine_or_ignore_no_dictionary_match,5
3418,CD TANTRUM,cd tantrum,twitch,twitch,,,missing_slang|short_text|low_translation_confidence,mine_or_ignore_no_dictionary_match,5
3416,@saltys4lmon ryan sodaPOUT,ryan sodapout,twitch,twitch,,,missing_slang|short_text|low_translation_confidence,mine_or_ignore_no_dictionary_match,5
3415,;padoru PADORU,padoru padoru,twitch,twitch,,,missing_slang|short_text|low_translation_confidence,mine_or_ignore_no_dictionary_match,5
485,ok,ok,twitch,twitch,,,missing_slang|short_text|low_translation_confidence,mine_or_ignore_no_dictionary_match,5
484,Si cum,si cum,twitch,twitch,,,missing_slang|short_text|low_translation_confidence,mine_or_ignore_no_dictionary_match,5
483,done,done,twitch,twitch,,,missing_slang|short_text|low_translation_confidence,mine_or_ignore_no_dictionary_match,5
482,que cum?,que cum,twitch,twitch,,,missing_slang|short_text|low_translation_confidence,mine_or_ignore_no_dictionary_match,5
445,ammoFlexL mizkifW ammoFlexR,ammoflexl mizkifw ammoflexr,twitch,twitch,,,missing_slang|short_text|low_translation_confidence,mine_or_ignore_no_dictionary_match,5
3013,r&b,r b,twitch,twitch,,,missing_slang|short_text|low_translation_confidence,mine_or_ignore_no_dictionary_match,5
3011,bop,bop,twitch,twitch,,,missing_slang|short_text|low_translation_confidence,mine_or_ignore_no_dictionary_match,5
3005,native,native,twitch,twitch,,,missing_slang|short_text|low_translation_confidence,mine_or_ignore_no_dictionary_match,5
3004,brian sodaHi sodaL,brian sodahi sodal,twitch,twitch,,,missing_slang|short_text|low_translation_confidence,mine_or_ignore_no_dictionary_match,5
2999,assume,assume,twitch,twitch,,,missing_slang|short_text|low_translation_confidence,mine_or_ignore_no_dictionary_match,5
2969,sports DansGame,sports dansgame,twitch,twitch,,,missing_slang|short_text|low_translation_confidence,mine_or_ignore_no_dictionary_match,5
2966,traveler,traveler,twitch,twitch,,,missing_slang|short_text|low_translation_confidence,mine_or_ignore_no_dictionary_match,5
1300,and not user,and not user,twitch,twitch,,,missing_slang|short_text|low_translation_confidence,mine_or_ignore_no_dictionary_match,5
1299,cause it's query,cause it's query,twitch,twitch,,,missing_slang|short_text|low_translation_confidence,mine_or_ignore_no_dictionary_match,5
2997,susamus,susamus,twitch,twitch,,,missing_slang|short_text|low_translation_confidence,mine_or_ignore_no_dictionary_match,5
2996,samuses,samuses,twitch,twitch,,,missing_slang|short_text|low_translation_confidence,mine_or_ignore_no_dictionary_match,5
2995,museus,museus,twitch,twitch,,,missing_slang|short_text|low_translation_confidence,mine_or_ignore_no_dictionary_match,5
2994,seamus,seamus,twitch,twitch,,,missing_slang|short_text|low_translation_confidence,mine_or_ignore_no_dictionary_match,5
2993,amuses,amuses,twitch,twitch,,,missing_slang|short_text|low_translation_confidence,mine_or_ignore_no_dictionary_match,5
2992,ameuse,ameuse,twitch,twitch,,,missing_slang|short_text|low_translation_confidence,mine_or_ignore_no_dictionary_match,5
2988,amazeful 5Head,amazeful 5head,twitch,twitch,,,missing_slang|short_text|low_translation_confidence,mine_or_ignore_no_dictionary_match,5
2983,close enough,close enough,twitch,twitch,,,missing_slang|short_text|low_translation_confidence,mine_or_ignore_no_dictionary_match,5
2982,@brian6932 emiruYIKES,emiruyikes,twitch,twitch,,,missing_slang|short_text|low_translation_confidence,mine_or_ignore_no_dictionary_match,5
1279,FeelsLateMan,feelslateman,twitch,twitch,,,missing_slang|short_text|low_translation_confidence,mine_or_ignore_no_dictionary_match,5
1275,hellen,hellen,twitch,twitch,,,missing_slang|short_text|low_translation_confidence,mine_or_ignore_no_dictionary_match,5
1273,hell,hell,twitch,twitch,,,missing_slang|short_text|low_translation_confidence,mine_or_ignore_no_dictionary_match,5
1316,catKISS,catkiss,twitch,twitch,,,missing_slang|short_text|low_translation_confidence,mine_or_ignore_no_dictionary_match,5
1315,DankG,dankg,twitch,twitch,,,missing_slang|short_text|low_translation_confidence,mine_or_ignore_no_dictionary_match,5
1310,Clueless surely soon,clueless surely soon,twitch,twitch,,,missing_slang|short_text|low_translation_confidence,mine_or_ignore_no_dictionary_match,5
1307,hogingL,hogingl,twitch,twitch,,,missing_slang|short_text|low_translation_confidence,mine_or_ignore_no_dictionary_match,5
1304,!commands,commands,twitch,twitch,,,missing_slang|short_text|low_translation_confidence,mine_or_ignore_no_dictionary_match,5
1302,!fight fight,fight fight,twitch,twitch,,,missing_slang|short_text|low_translation_confidence,mine_or_ignore_no_dictionary_match,5
2963,porter,porter,twitch,twitch,,,missing_slang|short_text|low_translation_confidence,mine_or_ignore_no_dictionary_match,5
2962,troper,troper,twitch,twitch,,,missing_slang|short_text|low_translation_confidence,mine_or_ignore_no_dictionary_match,5
2960,report,report,twitch,twitch,,,missing_slang|short_text|low_translation_confidence,mine_or_ignore_no_dictionary_match,5
1272,[Trivia] Hint: He__,trivia hint he,twitch,twitch,,,missing_slang|short_text|low_translation_confidence,mine_or_ignore_no_dictionary_match,5
1270,Keepo,keepo,twitch,twitch,,,missing_slang|short_text|low_translation_confidence,mine_or_ignore_no_dictionary_match,5
2980,pokiBonk @crashfort,pokibonk,twitch,twitch,,,missing_slang|short_text|low_translation_confidence,mine_or_ignore_no_dictionary_match,5
2976,yogi bear,yogi bear,twitch,twitch,,,missing_slang|short_text|low_translation_confidence,mine_or_ignore_no_dictionary_match,5
2973,[Trivia] Hint: Yogi _____,trivia hint yogi,twitch,twitch,,,missing_slang|short_text|low_translation_confidence,mine_or_ignore_no_dictionary_match,5
2971,John Baseball,john baseball,twitch,twitch,,,missing_slang|short_text|low_translation_confidence,mine_or_ignore_no_dictionary_match,5
2970,peepoShrug,peeposhrug,twitch,twitch,,,missing_slang|short_text|low_translation_confidence,mine_or_ignore_no_dictionary_match,5
441,sodaWiggle,sodawiggle,twitch,twitch,,,missing_slang|short_text|low_translation_confidence,mine_or_ignore_no_dictionary_match,5
438,xqcL Pispet,xqcl pispet,twitch,twitch,,,missing_slang|short_text|low_translation_confidence,mine_or_ignore_no_dictionary_match,5
469,modCheck,modcheck,twitch,twitch,,,missing_slang|short_text|low_translation_confidence,mine_or_ignore_no_dictionary_match,5
468,to you,to you,twitch,twitch,,,missing_slang|short_text|low_translation_confidence,mine_or_ignore_no_dictionary_match,5
467,you,you,twitch,twitch,,,missing_slang|short_text|low_translation_confidence,mine_or_ignore_no_dictionary_match,5
464,Yes,yes,twitch,twitch,,,missing_slang|short_text|low_translation_confidence,mine_or_ignore_no_dictionary_match,5
462,Yeppers,yeppers,twitch,twitch,,,missing_slang|short_text|low_translation_confidence,mine_or_ignore_no_dictionary_match,5
461,MenheraIgnore,menheraignore,twitch,twitch,,,missing_slang|short_text|low_translation_confidence,mine_or_ignore_no_dictionary_match,5
460,sodaL2 pispet,sodal2 pispet,twitch,twitch,,,missing_slang|short_text|low_translation_confidence,mine_or_ignore_no_dictionary_match,5
459,pispet Tuckge,pispet tuckge,twitch,twitch,,,missing_slang|short_text|low_translation_confidence,mine_or_ignore_no_dictionary_match,5
458,Nopers,nopers,twitch,twitch,,,missing_slang|short_text|low_translation_confidence,mine_or_ignore_no_dictionary_match,5
431,meowtLikeThis,meowtlikethis,twitch,twitch,,,missing_slang|short_text|low_translation_confidence,mine_or_ignore_no_dictionary_match,5
1295,pajaGIGA,pajagiga,twitch,twitch,,,missing_slang|short_text|low_translation_confidence,mine_or_ignore_no_dictionary_match,5
1291,who won pajaGIGA,who won pajagiga,twitch,twitch,,,missing_slang|short_text|low_translation_confidence,mine_or_ignore_no_dictionary_match,5
1290,FeelsDabMan,feelsdabman,twitch,twitch,,,missing_slang|short_text|low_translation_confidence,mine_or_ignore_no_dictionary_match,5
1289,!fight myslef,fight myslef,twitch,twitch,,,missing_slang|short_text|low_translation_confidence,mine_or_ignore_no_dictionary_match,5
1322,bobo TASTY,bobo tasty,twitch,twitch,,,missing_slang|short_text|low_translation_confidence,mine_or_ignore_no_dictionary_match,5
1320,@theyungyee TASTY,tasty,twitch,twitch,,,missing_slang|short_text|low_translation_confidence,mine_or_ignore_no_dictionary_match,5
1342,FeelsSupportMan TeaTime,feelssupportman teatime,twitch,twitch,,,missing_slang|short_text|low_translation_confidence,mine_or_ignore_no_dictionary_match,5
1340,peepoGiggle,peepogiggle,twitch,twitch,,,missing_slang|short_text|low_translation_confidence,mine_or_ignore_no_dictionary_match,5
2954,reporter,reporter,twitch,twitch,,,missing_slang|short_text|low_translation_confidence,mine_or_ignore_no_dictionary_match,5
2943,food,food,twitch,twitch,,,missing_slang|short_text|low_translation_confidence,mine_or_ignore_no_dictionary_match,5
2941,AlienDance,aliendance,twitch,twitch,,,missing_slang|short_text|low_translation_confidence,mine_or_ignore_no_dictionary_match,5
2939,No i wouldn't,no i wouldn't,twitch,twitch,,,missing_slang|short_text|low_translation_confidence,mine_or_ignore_no_dictionary_match,5
1332,hogings,hogings,twitch,twitch,,,missing_slang|short_text|low_translation_confidence,mine_or_ignore_no_dictionary_match,5
1331,!d20,d20,twitch,twitch,,,missing_slang|short_text|low_translation_confidence,mine_or_ignore_no_dictionary_match,5
1329,adinWstream,adinwstream,twitch,twitch,,,missing_slang|short_text|low_translation_confidence,mine_or_ignore_no_dictionary_match,5
1328,yungyee dankHug happythoLove,yungyee dankhug happytholove,twitch,twitch,,,missing_slang|short_text|low_translation_confidence,mine_or_ignore_no_dictionary_match,5
1327,nice adin sub,nice adin sub,twitch,twitch,,,missing_slang|short_text|low_translation_confidence,mine_or_ignore_no_dictionary_match,5
1297,ah,ah,twitch,twitch,,,missing_slang|short_text|low_translation_confidence,mine_or_ignore_no_dictionary_match,5
444,CalliPanic juicer,callipanic juicer,twitch,twitch,,,missing_slang|short_text|low_translation_confidence,mine_or_ignore_no_dictionary_match,5
442,SillyChilly kaiouraBite,sillychilly kaiourabite,twitch,twitch,,,missing_slang|short_text|low_translation_confidence,mine_or_ignore_no_dictionary_match,5
430,eeya happythoTuck,eeya happythotuck,twitch,twitch,,,missing_slang|short_text|low_translation_confidence,mine_or_ignore_no_dictionary_match,5
428,KKonaW adinWstream merica,kkonaw adinwstream merica,twitch,twitch,,,missing_slang|short_text|low_translation_confidence,mine_or_ignore_no_dictionary_match,5
427,koroneBonk,koronebonk,twitch,twitch,,,missing_slang|short_text|low_translation_confidence,mine_or_ignore_no_dictionary_match,5
426,AMERICA,america,twitch,twitch,,,missing_slang|short_text|low_translation_confidence,mine_or_ignore_no_dictionary_match,5
425,vissx pattiiBITE vulpes3Tail,vissx pattiibite vulpes3tail,twitch,twitch,,,missing_slang|short_text|low_translation_confidence,mine_or_ignore_no_dictionary_match,5
424,pissy kaiouraRee kaiouraTail,pissy kaiouraree kaiouratail,twitch,twitch,,,missing_slang|short_text|low_translation_confidence,mine_or_ignore_no_dictionary_match,5
423,totsSmug,totssmug,twitch,twitch,,,missing_slang|short_text|low_translation_confidence,mine_or_ignore_no_dictionary_match,5
422,roflgatorKyute radiantPog pispet,roflgatorkyute radiantpog pispet,twitch,twitch,,,missing_slang|short_text|low_translation_confidence,mine_or_ignore_no_dictionary_match,5
453,!tuck pispet,tuck pispet,twitch,twitch,,,missing_slang|short_text|low_translation_confidence,mine_or_ignore_no_dictionary_match,5
451,FeelsOkayMan epic,feelsokayman epic,twitch,twitch,,,missing_slang|short_text|low_translation_confidence,mine_or_ignore_no_dictionary_match,5
449,ammoFlexL sodaW xqcArm2,ammoflexl sodaw xqcarm2,twitch,twitch,,,missing_slang|short_text|low_translation_confidence,mine_or_ignore_no_dictionary_match,5
448,xqcL,xqcl,twitch,twitch,,,missing_slang|short_text|low_translation_confidence,mine_or_ignore_no_dictionary_match,5
447,xqcL xdoubleDsaucex,xqcl xdoubledsaucex,twitch,twitch,,,missing_slang|short_text|low_translation_confidence,mine_or_ignore_no_dictionary_match,5
446,CalliPanic Mizkid,callipanic mizkid,twitch,twitch,,,missing_slang|short_text|low_translation_confidence,mine_or_ignore_no_dictionary_match,5
1324,kraf catKISS MEOW,kraf catkiss meow,twitch,twitch,,,missing_slang|short_text|low_translation_confidence,mine_or_ignore_no_dictionary_match,5
1323,Hogings MEOW catKISS,hogings meow catkiss,twitch,twitch,,,missing_slang|short_text|low_translation_confidence,mine_or_ignore_no_dictionary_match,5
3443,who jammin happyJAM,who jammin happyjam,twitch,twitch,,,missing_slang|short_text|low_translation_confidence,mine_or_ignore_no_dictionary_match,5
3442,monkaH,monkah,twitch,twitch,,,missing_slang|short_text|low_translation_confidence,mine_or_ignore_no_dictionary_match,5
3437,TANTRUM YOU DON'T,tantrum you don't,twitch,twitch,,,missing_slang|short_text|low_translation_confidence,mine_or_ignore_no_dictionary_match,5
3435,brain emiruSUS,brain emirusus,twitch,twitch,,,missing_slang|short_text|low_translation_confidence,mine_or_ignore_no_dictionary_match,5
3434,NoBrainTime,nobraintime,twitch,twitch,,,missing_slang|short_text|low_translation_confidence,mine_or_ignore_no_dictionary_match,5
3432,brain no peepoGiggle,brain no peepogiggle,twitch,twitch,,,missing_slang|short_text|low_translation_confidence,mine_or_ignore_no_dictionary_match,5
3431,any jobbers,any jobbers,twitch,twitch,,,missing_slang|short_text|low_translation_confidence,mine_or_ignore_no_dictionary_match,5
436,squchaSip,squchasip,twitch,twitch,,,missing_slang|short_text|low_translation_confidence,mine_or_ignore_no_dictionary_match,5
433,eeya xqcL radiantLove,eeya xqcl radiantlove,twitch,twitch,,,missing_slang|short_text|low_translation_confidence,mine_or_ignore_no_dictionary_match,5
432,noTuck,notuck,twitch,twitch,,,missing_slang|short_text|low_translation_confidence,mine_or_ignore_no_dictionary_match,5
2928,cum borpaSpin,cum borpaspin,twitch,twitch,,,missing_slang|short_text|low_translation_confidence,mine_or_ignore_no_dictionary_match,5
2927,sale,sale,twitch,twitch,,,missing_slang|short_text|low_translation_confidence,mine_or_ignore_no_dictionary_match,5
2925,salt,salt,twitch,twitch,,,missing_slang|short_text|low_translation_confidence,mine_or_ignore_no_dictionary_match,5
2923,emiruANGRY,emiruangry,twitch,twitch,,,missing_slang|short_text|low_translation_confidence,mine_or_ignore_no_dictionary_match,5
1364,gatorade,gatorade,twitch,twitch,,,missing_slang|short_text|low_translation_confidence,mine_or_ignore_no_dictionary_match,5
1325,Hogings taste THIS,hogings taste this,twitch,twitch,,,missing_slang|short_text|low_translation_confidence,mine_or_ignore_no_dictionary_match,5
3451,legos DansGame,legos dansgame,twitch,twitch,,,missing_slang|short_text|low_translation_confidence,mine_or_ignore_no_dictionary_match,5
3449,sodaComfy_TK,sodacomfy tk,twitch,twitch,,,missing_slang|short_text|low_translation_confidence,mine_or_ignore_no_dictionary_match,5
3448,happythoWoah,happythowoah,twitch,twitch,,,missing_slang|short_text|low_translation_confidence,mine_or_ignore_no_dictionary_match,5
421,esfandAB pattiiT esfandAK,esfandab pattiit esfandak,twitch,twitch,,,missing_slang|short_text|low_translation_confidence,mine_or_ignore_no_dictionary_match,5
420,pattiiT,pattiit,twitch,twitch,,,missing_slang|short_text|low_translation_confidence,mine_or_ignore_no_dictionary_match,5
419,eeya pattiiSIT,eeya pattiisit,twitch,twitch,,,missing_slang|short_text|low_translation_confidence,mine_or_ignore_no_dictionary_match,5
418,cyrKiss,cyrkiss,twitch,twitch,,,missing_slang|short_text|low_translation_confidence,mine_or_ignore_no_dictionary_match,5
417,shyNodders,shynodders,twitch,twitch,,,missing_slang|short_text|low_translation_confidence,mine_or_ignore_no_dictionary_match,5
414,squchaMlem,squchamlem,twitch,twitch,,,missing_slang|short_text|low_translation_confidence,mine_or_ignore_no_dictionary_match,5
375,totsDab,totsdab,twitch,twitch,,,missing_slang|short_text|low_translation_confidence,mine_or_ignore_no_dictionary_match,5
1381,i alternate,i alternate,twitch,twitch,,,missing_slang|short_text|low_translation_confidence,mine_or_ignore_no_dictionary_match,5
1379,na?,na,twitch,twitch,,,missing_slang|short_text|low_translation_confidence,mine_or_ignore_no_dictionary_match,5
1377,FeelsDankMan TeaTime,feelsdankman teatime,twitch,twitch,,,missing_slang|short_text|low_translation_confidence,mine_or_ignore_no_dictionary_match,5
1336,ty,ty,twitch,twitch,,,missing_slang|short_text|low_translation_confidence,mine_or_ignore_no_dictionary_match,5
409,widepeepoHappy,widepeepohappy,twitch,twitch,,,missing_slang|short_text|low_translation_confidence,mine_or_ignore_no_dictionary_match,5
3445,TASTY bungieBREAD,tasty bungiebread,twitch,twitch,,,missing_slang|short_text|low_translation_confidence,mine_or_ignore_no_dictionary_match,5
2905,FeelsDankMan ok,feelsdankman ok,twitch,twitch,,,missing_slang|short_text|low_translation_confidence,mine_or_ignore_no_dictionary_match,5
2903,Ok so,ok so,twitch,twitch,,,missing_slang|short_text|low_translation_confidence,mine_or_ignore_no_dictionary_match,5
1413,old times,old times,twitch,twitch,,,missing_slang|short_text|low_translation_confidence,mine_or_ignore_no_dictionary_match,5
1412,old fashion,old fashion,twitch,twitch,,,missing_slang|short_text|low_translation_confidence,mine_or_ignore_no_dictionary_match,5
1411,old period,old period,twitch,twitch,,,missing_slang|short_text|low_translation_confidence,mine_or_ignore_no_dictionary_match,5
1376,DinkDonk,dinkdonk,twitch,twitch,,,missing_slang|short_text|low_translation_confidence,mine_or_ignore_no_dictionary_match,5
1371,table tennis,table tennis,twitch,twitch,,,missing_slang|short_text|low_translation_confidence,mine_or_ignore_no_dictionary_match,5
1369,pingpong,pingpong,twitch,twitch,,,missing_slang|short_text|low_translation_confidence,mine_or_ignore_no_dictionary_match,5
1397,%scramble,scramble,twitch,twitch,,,missing_slang|short_text|low_translation_confidence,mine_or_ignore_no_dictionary_match,5
1396,prehistoric,prehistoric,twitch,twitch,,,missing_slang|short_text|low_translation_confidence,mine_or_ignore_no_dictionary_match,5
1394,oathMeowdy,oathmeowdy,twitch,twitch,,,missing_slang|short_text|low_translation_confidence,mine_or_ignore_no_dictionary_match,5
1389,johnny cash,johnny cash,twitch,twitch,,,missing_slang|short_text|low_translation_confidence,mine_or_ignore_no_dictionary_match,5
1387,johnny sins,johnny sins,twitch,twitch,,,missing_slang|short_text|low_translation_confidence,mine_or_ignore_no_dictionary_match,5
391,!downtime,downtime,twitch,twitch,,,missing_slang|short_text|low_translation_confidence,mine_or_ignore_no_dictionary_match,5
3458,the stare emote,the stare emote,twitch,twitch,,,missing_slang|short_text|low_translation_confidence,mine_or_ignore_no_dictionary_match,5
3457,peepoMage,peepomage,twitch,twitch,,,missing_slang|short_text|low_translation_confidence,mine_or_ignore_no_dictionary_match,5
1401,ancient,ancient,twitch,twitch,,,missing_slang|short_text|low_translation_confidence,mine_or_ignore_no_dictionary_match,5
1400,past,past,twitch,twitch,,,missing_slang|short_text|low_translation_confidence,mine_or_ignore_no_dictionary_match,5
1399,enlighentment,enlighentment,twitch,twitch,,,missing_slang|short_text|low_translation_confidence,mine_or_ignore_no_dictionary_match,5
1429,james bond,james bond,twitch,twitch,,,missing_slang|short_text|low_translation_confidence,mine_or_ignore_no_dictionary_match,5
1428,clive owen,clive owen,twitch,twitch,,,missing_slang|short_text|low_translation_confidence,mine_or_ignore_no_dictionary_match,5
1427,sean connery,sean connery,twitch,twitch,,,missing_slang|short_text|low_translation_confidence,mine_or_ignore_no_dictionary_match,5
1425,rapidly,rapidly,twitch,twitch,,,missing_slang|short_text|low_translation_confidence,mine_or_ignore_no_dictionary_match,5
1424,terminator,terminator,twitch,twitch,,,missing_slang|short_text|low_translation_confidence,mine_or_ignore_no_dictionary_match,5
1423,Educational term FeelsDankMan,educational term feelsdankman,twitch,twitch,,,missing_slang|short_text|low_translation_confidence,mine_or_ignore_no_dictionary_match,5
1385,sodaSit,sodasit,twitch,twitch,,,missing_slang|short_text|low_translation_confidence,mine_or_ignore_no_dictionary_match,5
1384,[Trivia] Hint: Johnn_ ______,trivia hint johnn,twitch,twitch,,,missing_slang|short_text|low_translation_confidence,mine_or_ignore_no_dictionary_match,5
2916,Monaco,monaco,twitch,twitch,,,missing_slang|short_text|low_translation_confidence,mine_or_ignore_no_dictionary_match,5
2915,yes it is,yes it is,twitch,twitch,,,missing_slang|short_text|low_translation_confidence,mine_or_ignore_no_dictionary_match,5
2914,morocco,morocco,twitch,twitch,,,missing_slang|short_text|low_translation_confidence,mine_or_ignore_no_dictionary_match,5
2913,france,france,twitch,twitch,,,missing_slang|short_text|low_translation_confidence,mine_or_ignore_no_dictionary_match,5
2912,No it's not,no it's not,twitch,twitch,,,missing_slang|short_text|low_translation_confidence,mine_or_ignore_no_dictionary_match,5
3476,@kjones086 thats called lirik,thats called lirik,twitch,twitch,,,missing_slang|short_text|low_translation_confidence,mine_or_ignore_no_dictionary_match,5
3473,emiruAYAYA,emiruayaya,twitch,twitch,,,missing_slang|short_text|low_translation_confidence,mine_or_ignore_no_dictionary_match,5
3471,LIVE WHEN,live when,twitch,twitch,,,missing_slang|short_text|low_translation_confidence,mine_or_ignore_no_dictionary_match,5
3470,yep AYAYA,yep ayaya,twitch,twitch,,,missing_slang|short_text|low_translation_confidence,mine_or_ignore_no_dictionary_match,5
3468,sodaAyaya,sodaayaya,twitch,twitch,,,missing_slang|short_text|low_translation_confidence,mine_or_ignore_no_dictionary_match,5
3467,nope,nope,twitch,twitch,,,missing_slang|short_text|low_translation_confidence,mine_or_ignore_no_dictionary_match,5
3465,"@caleb_thewhitehand, AYAYA",ayaya,twitch,twitch,,,missing_slang|short_text|low_translation_confidence,mine_or_ignore_no_dictionary_match,5
3463,pokiStare,pokistare,twitch,twitch,,,missing_slang|short_text|low_translation_confidence,mine_or_ignore_no_dictionary_match,5
404,!baam,baam,twitch,twitch,,,missing_slang|short_text|low_translation_confidence,mine_or_ignore_no_dictionary_match,5
398,flopppa,floppa,twitch,twitch,,,missing_slang|short_text|low_translation_confidence,mine_or_ignore_no_dictionary_match,5
364,%trivia happythoTap,trivia happythotap,twitch,twitch,,,missing_slang|short_text|low_translation_confidence,mine_or_ignore_no_dictionary_match,5
1407,wot,wot,twitch,twitch,,,missing_slang|short_text|low_translation_confidence,mine_or_ignore_no_dictionary_match,5
1406,messenger,messenger,twitch,twitch,,,missing_slang|short_text|low_translation_confidence,mine_or_ignore_no_dictionary_match,5
1404,messengers,messengers,twitch,twitch,,,missing_slang|short_text|low_translation_confidence,mine_or_ignore_no_dictionary_match,5
1403,artifact,artifact,twitch,twitch,,,missing_slang|short_text|low_translation_confidence,mine_or_ignore_no_dictionary_match,5
1402,old,old,twitch,twitch,,,missing_slang|short_text|low_translation_confidence,mine_or_ignore_no_dictionary_match,5
1455,cater,cater,twitch,twitch,,,missing_slang|short_text|low_translation_confidence,mine_or_ignore_no_dictionary_match,5
1453,cati,cati,twitch,twitch,,,missing_slang|short_text|low_translation_confidence,mine_or_ignore_no_dictionary_match,5
1451,cat,cat,twitch,twitch,,,missing_slang|short_text|low_translation_confidence,mine_or_ignore_no_dictionary_match,5
1422,[Scramble] Hint: ra_____,scramble hint ra,twitch,twitch,,,missing_slang|short_text|low_translation_confidence,mine_or_ignore_no_dictionary_match,5
1420,lmao,lmao,twitch,twitch,,,missing_slang|short_text|low_translation_confidence,mine_or_ignore_no_dictionary_match,5
1419,wtf,wtf,twitch,twitch,,,missing_slang|short_text|low_translation_confidence,mine_or_ignore_no_dictionary_match,5
1416,old FeelsDankMan,old feelsdankman,twitch,twitch,,,missing_slang|short_text|low_translation_confidence,mine_or_ignore_no_dictionary_match,5
1415,old b,old b,twitch,twitch,,,missing_slang|short_text|low_translation_confidence,mine_or_ignore_no_dictionary_match,5
1414,old people,old people,twitch,twitch,,,missing_slang|short_text|low_translation_confidence,mine_or_ignore_no_dictionary_match,5
1445,the peanuts,the peanuts,twitch,twitch,,,missing_slang|short_text|low_translation_confidence,mine_or_ignore_no_dictionary_match,5
1444,donald duck,donald duck,twitch,twitch,,,missing_slang|short_text|low_translation_confidence,mine_or_ignore_no_dictionary_match,5
1443,ar,ar,twitch,twitch,,,missing_slang|short_text|low_translation_confidence,mine_or_ignore_no_dictionary_match,5
1432,actor,actor,twitch,twitch,,,missing_slang|short_text|low_translation_confidence,mine_or_ignore_no_dictionary_match,5
1431,graham chapman,graham chapman,twitch,twitch,,,missing_slang|short_text|low_translation_confidence,mine_or_ignore_no_dictionary_match,5
1430,old white men,old white men,twitch,twitch,,,missing_slang|short_text|low_translation_confidence,mine_or_ignore_no_dictionary_match,5
1409,[Trivia] Hint: old ______,trivia hint old,twitch,twitch,,,missing_slang|short_text|low_translation_confidence,mine_or_ignore_no_dictionary_match,5
2880,fares,fares,twitch,twitch,,,missing_slang|short_text|low_translation_confidence,mine_or_ignore_no_dictionary_match,5
2876,borpaConga borpaConga borpaConga,borpaconga borpaconga borpaconga,twitch,twitch,,,missing_slang|short_text|low_translation_confidence,mine_or_ignore_no_dictionary_match,5
2873,explore,explore,twitch,twitch,,,missing_slang|short_text|low_translation_confidence,mine_or_ignore_no_dictionary_match,5
1476,bat THIS,bat this,twitch,twitch,,,missing_slang|short_text|low_translation_confidence,mine_or_ignore_no_dictionary_match,5
2900,WideGTR,widegtr,twitch,twitch,,,missing_slang|short_text|low_translation_confidence,mine_or_ignore_no_dictionary_match,5
2898,ensures,ensures,twitch,twitch,,,missing_slang|short_text|low_translation_confidence,mine_or_ignore_no_dictionary_match,5
2897,ensure,ensure,twitch,twitch,,,missing_slang|short_text|low_translation_confidence,mine_or_ignore_no_dictionary_match,5
2896,[Scramble] Hint: en_____,scramble hint en,twitch,twitch,,,missing_slang|short_text|low_translation_confidence,mine_or_ignore_no_dictionary_match,5
2894,happythoShrug,happythoshrug,twitch,twitch,,,missing_slang|short_text|low_translation_confidence,mine_or_ignore_no_dictionary_match,5
2893,YEAHBUT7TV,yeahbut7tv,twitch,twitch,,,missing_slang|short_text|low_translation_confidence,mine_or_ignore_no_dictionary_match,5
2891,nurses,nurses,twitch,twitch,,,missing_slang|short_text|low_translation_confidence,mine_or_ignore_no_dictionary_match,5
2890,porsche911GT3,porsche911gt3,twitch,twitch,,,missing_slang|short_text|low_translation_confidence,mine_or_ignore_no_dictionary_match,5
2889,it looks,it looks,twitch,twitch,,,missing_slang|short_text|low_translation_confidence,mine_or_ignore_no_dictionary_match,5
1460,catly,catly,twitch,twitch,,,missing_slang|short_text|low_translation_confidence,mine_or_ignore_no_dictionary_match,5
1459,catl,catl,twitch,twitch,,,missing_slang|short_text|low_translation_confidence,mine_or_ignore_no_dictionary_match,5
1458,cata,cata,twitch,twitch,,,missing_slang|short_text|low_translation_confidence,mine_or_ignore_no_dictionary_match,5
363,sodaL peepoLeave,sodal peepoleave,twitch,twitch,,,missing_slang|short_text|low_translation_confidence,mine_or_ignore_no_dictionary_match,5
361,sodaSit_HF pattiiSIT,sodasit hf pattiisit,twitch,twitch,,,missing_slang|short_text|low_translation_confidence,mine_or_ignore_no_dictionary_match,5
359,happythoTuck Xinitoro,happythotuck xinitoro,twitch,twitch,,,missing_slang|short_text|low_translation_confidence,mine_or_ignore_no_dictionary_match,5
358,sodaSLEEP,sodasleep,twitch,twitch,,,missing_slang|short_text|low_translation_confidence,mine_or_ignore_no_dictionary_match,5
387,donde,donde,twitch,twitch,,,missing_slang|short_text|low_translation_confidence,mine_or_ignore_no_dictionary_match,5
385,valo is baad,valo is baad,twitch,twitch,,,missing_slang|short_text|low_translation_confidence,mine_or_ignore_no_dictionary_match,5
383,valorant annytfHehe,valorant annytfhehe,twitch,twitch,,,missing_slang|short_text|low_translation_confidence,mine_or_ignore_no_dictionary_match,5
381,frick!,frick,twitch,twitch,,,missing_slang|short_text|low_translation_confidence,mine_or_ignore_no_dictionary_match,5
378,maybe,maybe,twitch,twitch,,,missing_slang|short_text|low_translation_confidence,mine_or_ignore_no_dictionary_match,5
347,soap,soap,twitch,twitch,,,missing_slang|short_text|low_translation_confidence,mine_or_ignore_no_dictionary_match,5
1448,cats,cats,twitch,twitch,,,missing_slang|short_text|low_translation_confidence,mine_or_ignore_no_dictionary_match,5
1447,call,call,twitch,twitch,,,missing_slang|short_text|low_translation_confidence,mine_or_ignore_no_dictionary_match,5
1446,[Trivia] Hint: Ca___,trivia hint ca,twitch,twitch,,,missing_slang|short_text|low_translation_confidence,mine_or_ignore_no_dictionary_match,5
2885,sodaWiggle peepoPog,sodawiggle peepopog,twitch,twitch,,,missing_slang|short_text|low_translation_confidence,mine_or_ignore_no_dictionary_match,5
2884,saj,saj,twitch,twitch,,,missing_slang|short_text|low_translation_confidence,mine_or_ignore_no_dictionary_match,5
2881,fears,fears,twitch,twitch,,,missing_slang|short_text|low_translation_confidence,mine_or_ignore_no_dictionary_match,5
1504,attack,attack,twitch,twitch,,,missing_slang|short_text|low_translation_confidence,mine_or_ignore_no_dictionary_match,5
1474,TASTY reeses monkey,tasty reeses monkey,twitch,twitch,,,missing_slang|short_text|low_translation_confidence,mine_or_ignore_no_dictionary_match,5
1471,rheseus monkey,rheseus monkey,twitch,twitch,,,missing_slang|short_text|low_translation_confidence,mine_or_ignore_no_dictionary_match,5
1470,[Trivia] Hint: Rhese__ _______,trivia hint rhese,twitch,twitch,,,missing_slang|short_text|low_translation_confidence,mine_or_ignore_no_dictionary_match,5
1469,howler,howler,twitch,twitch,,,missing_slang|short_text|low_translation_confidence,mine_or_ignore_no_dictionary_match,5
1467,orangutan,orangutan,twitch,twitch,,,missing_slang|short_text|low_translation_confidence,mine_or_ignore_no_dictionary_match,5
1466,orangatang,orangatang,twitch,twitch,,,missing_slang|short_text|low_translation_confidence,mine_or_ignore_no_dictionary_match,5
1465,macaques,macaques,twitch,twitch,,,missing_slang|short_text|low_translation_confidence,mine_or_ignore_no_dictionary_match,5
1464,chimp,chimp,twitch,twitch,,,missing_slang|short_text|low_translation_confidence,mine_or_ignore_no_dictionary_match,5
1463,chimps,chimps,twitch,twitch,,,missing_slang|short_text|low_translation_confidence,mine_or_ignore_no_dictionary_match,5
1493,MiniK,minik,twitch,twitch,,,missing_slang|short_text|low_translation_confidence,mine_or_ignore_no_dictionary_match,5
1485,Tru NODDERS,tru nodders,twitch,twitch,,,missing_slang|short_text|low_translation_confidence,mine_or_ignore_no_dictionary_match,5
1481,elite,elite,twitch,twitch,,,missing_slang|short_text|low_translation_confidence,mine_or_ignore_no_dictionary_match,5
1480,add THIS vulpes,add this vulpes,twitch,twitch,,,missing_slang|short_text|low_translation_confidence,mine_or_ignore_no_dictionary_match,5
1479,elp,elp,twitch,twitch,,,missing_slang|short_text|low_translation_confidence,mine_or_ignore_no_dictionary_match,5
1450,car,car,twitch,twitch,,,missing_slang|short_text|low_translation_confidence,mine_or_ignore_no_dictionary_match,5
1525,@gayforcandy Gayge,gayge,twitch,twitch,,,missing_slang|short_text|low_translation_confidence,mine_or_ignore_no_dictionary_match,5
1524,widepeepoHappy nice,widepeepohappy nice,twitch,twitch,,,missing_slang|short_text|low_translation_confidence,mine_or_ignore_no_dictionary_match,5
1520,sometimes,sometimes,twitch,twitch,,,missing_slang|short_text|low_translation_confidence,mine_or_ignore_no_dictionary_match,5
1517,ppSlide,ppslide,twitch,twitch,,,missing_slang|short_text|low_translation_confidence,mine_or_ignore_no_dictionary_match,5
1515,!tweet,tweet,twitch,twitch,,,missing_slang|short_text|low_translation_confidence,mine_or_ignore_no_dictionary_match,5
1478,[Scramble] Hint: el___,scramble hint el,twitch,twitch,,,missing_slang|short_text|low_translation_confidence,mine_or_ignore_no_dictionary_match,5
2868,assplode,assplode,twitch,twitch,,,missing_slang|short_text|low_translation_confidence,mine_or_ignore_no_dictionary_match,5
2867,asylum,asylum,twitch,twitch,,,missing_slang|short_text|low_translation_confidence,mine_or_ignore_no_dictionary_match,5
2866,happythoSus TeaTime,happythosus teatime,twitch,twitch,,,missing_slang|short_text|low_translation_confidence,mine_or_ignore_no_dictionary_match,5
2863,[Scramble] Hint: as______,scramble hint as,twitch,twitch,,,missing_slang|short_text|low_translation_confidence,mine_or_ignore_no_dictionary_match,5
2862,@brian6932 forsenNOIDONTTHINKSO,forsennoidontthinkso,twitch,twitch,,,missing_slang|short_text|low_translation_confidence,mine_or_ignore_no_dictionary_match,5
2861,widepeepoHappy bigTeaTime,widepeepohappy bigteatime,twitch,twitch,,,missing_slang|short_text|low_translation_confidence,mine_or_ignore_no_dictionary_match,5
2859,"@crashfort, get 7tv FeelsDankMan",get 7tv feelsdankman,twitch,twitch,,,missing_slang|short_text|low_translation_confidence,mine_or_ignore_no_dictionary_match,5
2856,abyssmal,abyssmal,twitch,twitch,,,missing_slang|short_text|low_translation_confidence,mine_or_ignore_no_dictionary_match,5
2854,"@crashfort, pokiW TeaTime",pokiw teatime,twitch,twitch,,,missing_slang|short_text|low_translation_confidence,mine_or_ignore_no_dictionary_match,5
1508,gachiHYPER,gachihyper,twitch,twitch,,,missing_slang|short_text|low_translation_confidence,mine_or_ignore_no_dictionary_match,5
346,human,human,twitch,twitch,,,missing_slang|short_text|low_translation_confidence,mine_or_ignore_no_dictionary_match,5
3488,decumpression.exe,decumpression.exe,twitch,twitch,,,missing_slang|short_text|low_translation_confidence,mine_or_ignore_no_dictionary_match,5
3481,scuffedCry SnowTime,scuffedcry snowtime,twitch,twitch,,,missing_slang|short_text|low_translation_confidence,mine_or_ignore_no_dictionary_match,5
3478,it's called forsen,it's called forsen,twitch,twitch,,,missing_slang|short_text|low_translation_confidence,mine_or_ignore_no_dictionary_match,5
371,cyacha7,cyacha7,twitch,twitch,,,missing_slang|short_text|low_translation_confidence,mine_or_ignore_no_dictionary_match,5
370,"@Xinitoro, gn xinii catKISS",gn xinii catkiss,twitch,twitch,,,missing_slang|short_text|low_translation_confidence,mine_or_ignore_no_dictionary_match,5
368,guy faux,guy faux,twitch,twitch,,,missing_slang|short_text|low_translation_confidence,mine_or_ignore_no_dictionary_match,5
367,guy fieri,guy fieri,twitch,twitch,,,missing_slang|short_text|low_translation_confidence,mine_or_ignore_no_dictionary_match,5
366,[Trivia] Hint: Guy ________,trivia hint guy,twitch,twitch,,,missing_slang|short_text|low_translation_confidence,mine_or_ignore_no_dictionary_match,5
335,mel,mel,twitch,twitch,,,missing_slang|short_text|low_translation_confidence,mine_or_ignore_no_dictionary_match,5
1501,Hogings pattiiT,hogings pattiit,twitch,twitch,,,missing_slang|short_text|low_translation_confidence,mine_or_ignore_no_dictionary_match,5
1499,BigBrother,bigbrother,twitch,twitch,,,missing_slang|short_text|low_translation_confidence,mine_or_ignore_no_dictionary_match,5
1498,tyrone,tyrone,twitch,twitch,,,missing_slang|short_text|low_translation_confidence,mine_or_ignore_no_dictionary_match,5
1497,tyler,tyler,twitch,twitch,,,missing_slang|short_text|low_translation_confidence,mine_or_ignore_no_dictionary_match,5
1496,[Trivia] Hint: Ty___,trivia hint ty,twitch,twitch,,,missing_slang|short_text|low_translation_confidence,mine_or_ignore_no_dictionary_match,5
1494,peepoS,peepos,twitch,twitch,,,missing_slang|short_text|low_translation_confidence,mine_or_ignore_no_dictionary_match,5
1550,"@brian6932, catKISS2",catkiss2,twitch,twitch,,,missing_slang|short_text|low_translation_confidence,mine_or_ignore_no_dictionary_match,5
1549,peepoFine,peepofine,twitch,twitch,,,missing_slang|short_text|low_translation_confidence,mine_or_ignore_no_dictionary_match,5
1547,Bryans FRICK,bryans frick,twitch,twitch,,,missing_slang|short_text|low_translation_confidence,mine_or_ignore_no_dictionary_match,5
1514,!lasttweet,lasttweet,twitch,twitch,,,missing_slang|short_text|low_translation_confidence,mine_or_ignore_no_dictionary_match,5
1510,lies,lies,twitch,twitch,,,missing_slang|short_text|low_translation_confidence,mine_or_ignore_no_dictionary_match,5
2853,MLADY,mlady,twitch,twitch,,,missing_slang|short_text|low_translation_confidence,mine_or_ignore_no_dictionary_match,5
2852,mlda,mlda,twitch,twitch,,,missing_slang|short_text|low_translation_confidence,mine_or_ignore_no_dictionary_match,5
2850,lady,lady,twitch,twitch,,,missing_slang|short_text|low_translation_confidence,mine_or_ignore_no_dictionary_match,5
2845,Clap,clap,twitch,twitch,,,missing_slang|short_text|low_translation_confidence,mine_or_ignore_no_dictionary_match,5
2843,option,option,twitch,twitch,,,missing_slang|short_text|low_translation_confidence,mine_or_ignore_no_dictionary_match,5
2841,kirbyD,kirbyd,twitch,twitch,,,missing_slang|short_text|low_translation_confidence,mine_or_ignore_no_dictionary_match,5
2840,point,point,twitch,twitch,,,missing_slang|short_text|low_translation_confidence,mine_or_ignore_no_dictionary_match,5
2839,potion,potion,twitch,twitch,,,missing_slang|short_text|low_translation_confidence,mine_or_ignore_no_dictionary_match,5
1540,!fight brian6932,fight brian6932,twitch,twitch,,,missing_slang|short_text|low_translation_confidence,mine_or_ignore_no_dictionary_match,5
1538,test,test,twitch,twitch,,,missing_slang|short_text|low_translation_confidence,mine_or_ignore_no_dictionary_match,5
1503,attacj,attacj,twitch,twitch,,,missing_slang|short_text|low_translation_confidence,mine_or_ignore_no_dictionary_match,5
1563,cute emote weebNod,cute emote weebnod,twitch,twitch,,,missing_slang|short_text|low_translation_confidence,mine_or_ignore_no_dictionary_match,5
1562,"@Hogings, dankHug",dankhug,twitch,twitch,,,missing_slang|short_text|low_translation_confidence,mine_or_ignore_no_dictionary_match,5
1560,@brian6932 hogingHug,hoginghug,twitch,twitch,,,missing_slang|short_text|low_translation_confidence,mine_or_ignore_no_dictionary_match,5
2836,",sw https://open.spotify.com/track/3hn2s09PyNrYSqCnhYjm7L?si=7a4d22a717b74563",sw,twitch,twitch,,,missing_slang|short_text|low_translation_confidence,mine_or_ignore_no_dictionary_match,5
2835,north west,north west,twitch,twitch,,,missing_slang|short_text|low_translation_confidence,mine_or_ignore_no_dictionary_match,5
2833,northwest,northwest,twitch,twitch,,,missing_slang|short_text|low_translation_confidence,mine_or_ignore_no_dictionary_match,5
1532,sodaWaddle sodaWaddle sodaWaddle,sodawaddle sodawaddle sodawaddle,twitch,twitch,,,missing_slang|short_text|low_translation_confidence,mine_or_ignore_no_dictionary_match,5
1531,"DepressedJew, DansGame DinkDonk","depressedjew, dansgame dinkdonk",twitch,twitch,,,missing_slang|short_text|low_translation_confidence,mine_or_ignore_no_dictionary_match,5
1530,pepeMeltdown,pepemeltdown,twitch,twitch,,,missing_slang|short_text|low_translation_confidence,mine_or_ignore_no_dictionary_match,5
1529,depres39God,depres39god,twitch,twitch,,,missing_slang|short_text|low_translation_confidence,mine_or_ignore_no_dictionary_match,5
1528,DinkDonk pokiBop,dinkdonk pokibop,twitch,twitch,,,missing_slang|short_text|low_translation_confidence,mine_or_ignore_no_dictionary_match,5
1555,peepoSmash,peeposmash,twitch,twitch,,,missing_slang|short_text|low_translation_confidence,mine_or_ignore_no_dictionary_match,5
1554,",aaahug",aahug,twitch,twitch,,,missing_slang|short_text|low_translation_confidence,mine_or_ignore_no_dictionary_match,5
1553,", hug",hug,twitch,twitch,,,missing_slang|short_text|low_translation_confidence,mine_or_ignore_no_dictionary_match,5
1552,"@BakaBryanBC, PETTHEVULPES",petthevulpes,twitch,twitch,,,missing_slang|short_text|low_translation_confidence,mine_or_ignore_no_dictionary_match,5
1551,MrDestructoid Clap,mrdestructoid clap,twitch,twitch,,,missing_slang|short_text|low_translation_confidence,mine_or_ignore_no_dictionary_match,5
1589,sodaLove chat,sodalove chat,twitch,twitch,,,missing_slang|short_text|low_translation_confidence,mine_or_ignore_no_dictionary_match,5
1588,zach HAPPIES,zach happies,twitch,twitch,,,missing_slang|short_text|low_translation_confidence,mine_or_ignore_no_dictionary_match,5
1587,@zackfw254 sodaLove,sodalove,twitch,twitch,,,missing_slang|short_text|low_translation_confidence,mine_or_ignore_no_dictionary_match,5
1586,"@zackfw254, sodaL",sodal,twitch,twitch,,,missing_slang|short_text|low_translation_confidence,mine_or_ignore_no_dictionary_match,5
1585,HAPPIES @DivideByNone HAPPIES sodaLove,happies happies sodalove,twitch,twitch,,,missing_slang|short_text|low_translation_confidence,mine_or_ignore_no_dictionary_match,5
1584,borpaSpin cum,borpaspin cum,twitch,twitch,,,missing_slang|short_text|low_translation_confidence,mine_or_ignore_no_dictionary_match,5
1582,borpaSpin,borpaspin,twitch,twitch,,,missing_slang|short_text|low_translation_confidence,mine_or_ignore_no_dictionary_match,5
1579,sure ppL,sure ppl,twitch,twitch,,,missing_slang|short_text|low_translation_confidence,mine_or_ignore_no_dictionary_match,5
1546,Y > I,y i,twitch,twitch,,,missing_slang|short_text|low_translation_confidence,mine_or_ignore_no_dictionary_match,5
1545,wrong pokiWeird,wrong pokiweird,twitch,twitch,,,missing_slang|short_text|low_translation_confidence,mine_or_ignore_no_dictionary_match,5
1544,Bryan > Brian,bryan brian,twitch,twitch,,,missing_slang|short_text|low_translation_confidence,mine_or_ignore_no_dictionary_match,5
1543,EZ x2,ez x2,twitch,twitch,,,missing_slang|short_text|low_translation_confidence,mine_or_ignore_no_dictionary_match,5
1542,pokiWeird,pokiweird,twitch,twitch,,,missing_slang|short_text|low_translation_confidence,mine_or_ignore_no_dictionary_match,5
1569,naisu peepoHappy,naisu peepohappy,twitch,twitch,,,missing_slang|short_text|low_translation_confidence,mine_or_ignore_no_dictionary_match,5
1565,brian6932 hogingThighs,brian6932 hogingthighs,twitch,twitch,,,missing_slang|short_text|low_translation_confidence,mine_or_ignore_no_dictionary_match,5
1564,thank u,thank u,twitch,twitch,,,missing_slang|short_text|low_translation_confidence,mine_or_ignore_no_dictionary_match,5
333,[Trivia] Hint: Me___,trivia hint me,twitch,twitch,,,missing_slang|short_text|low_translation_confidence,mine_or_ignore_no_dictionary_match,5
332,bosley,bosley,twitch,twitch,,,missing_slang|short_text|low_translation_confidence,mine_or_ignore_no_dictionary_match,5
331,hoegain,hoegain,twitch,twitch,,,missing_slang|short_text|low_translation_confidence,mine_or_ignore_no_dictionary_match,5
330,male patter baldness,male patter baldness,twitch,twitch,,,missing_slang|short_text|low_translation_confidence,mine_or_ignore_no_dictionary_match,5
329,hairloss,hairloss,twitch,twitch,,,missing_slang|short_text|low_translation_confidence,mine_or_ignore_no_dictionary_match,5
328,rogaine,rogaine,twitch,twitch,,,missing_slang|short_text|low_translation_confidence,mine_or_ignore_no_dictionary_match,5
327,peepoClap,peepoclap,twitch,twitch,,,missing_slang|short_text|low_translation_confidence,mine_or_ignore_no_dictionary_match,5
357,pattiiSIT pattiiSIT pattiiSIT,pattiisit pattiisit pattiisit,twitch,twitch,,,missing_slang|short_text|low_translation_confidence,mine_or_ignore_no_dictionary_match,5
356,pattiiSIT pattiiSIT,pattiisit pattiisit,twitch,twitch,,,missing_slang|short_text|low_translation_confidence,mine_or_ignore_no_dictionary_match,5
355,pattiiSIT,pattiisit,twitch,twitch,,,missing_slang|short_text|low_translation_confidence,mine_or_ignore_no_dictionary_match,5
351,FeelsDankMan,feelsdankman,twitch,twitch,,,missing_slang|short_text|low_translation_confidence,mine_or_ignore_no_dictionary_match,5
350,NotLikeThis,notlikethis,twitch,twitch,,,missing_slang|short_text|low_translation_confidence,mine_or_ignore_no_dictionary_match,5
349,man,man,twitch,twitch,,,missing_slang|short_text|low_translation_confidence,mine_or_ignore_no_dictionary_match,5
2831,emiruSUS,emirusus,twitch,twitch,,,missing_slang|short_text|low_translation_confidence,mine_or_ignore_no_dictionary_match,5
2827,Kreygasm,kreygasm,twitch,twitch,,,missing_slang|short_text|low_translation_confidence,mine_or_ignore_no_dictionary_match,5
2823,forsen simulator pepeW,forsen simulator pepew,twitch,twitch,,,missing_slang|short_text|low_translation_confidence,mine_or_ignore_no_dictionary_match,5
1615,theyungyee koroneBonk,theyungyee koronebonk,twitch,twitch,,,missing_slang|short_text|low_translation_confidence,mine_or_ignore_no_dictionary_match,5
1614,!timemeout,timemeout,twitch,twitch,,,missing_slang|short_text|low_translation_confidence,mine_or_ignore_no_dictionary_match,5
1612,sodaSTARE,sodastare,twitch,twitch,,,missing_slang|short_text|low_translation_confidence,mine_or_ignore_no_dictionary_match,5
1611,weirdo,weirdo,twitch,twitch,,,missing_slang|short_text|low_translation_confidence,mine_or_ignore_no_dictionary_match,5
2803,diane,diane,twitch,twitch,,,missing_slang|short_text|low_translation_confidence,mine_or_ignore_no_dictionary_match,5
2796,happythoGiggle,happythogiggle,twitch,twitch,,,missing_slang|short_text|low_translation_confidence,mine_or_ignore_no_dictionary_match,5
1575,um,um,twitch,twitch,,,missing_slang|short_text|low_translation_confidence,mine_or_ignore_no_dictionary_match,5
1574,OhNowISee,ohnowisee,twitch,twitch,,,missing_slang|short_text|low_translation_confidence,mine_or_ignore_no_dictionary_match,5
2820,Fake americans,fake americans,twitch,twitch,,,missing_slang|short_text|low_translation_confidence,mine_or_ignore_no_dictionary_match,5
2819,VaN,van,twitch,twitch,,,missing_slang|short_text|low_translation_confidence,mine_or_ignore_no_dictionary_match,5
2818,pokiKona 🇺🇸,pokikona,twitch,twitch,,,missing_slang|short_text|low_translation_confidence,mine_or_ignore_no_dictionary_match,5
2814,white,white,twitch,twitch,,,missing_slang|short_text|low_translation_confidence,mine_or_ignore_no_dictionary_match,5
2809,stylish,stylish,twitch,twitch,,,missing_slang|short_text|low_translation_confidence,mine_or_ignore_no_dictionary_match,5
1595,bye flame,bye flame,twitch,twitch,,,missing_slang|short_text|low_translation_confidence,mine_or_ignore_no_dictionary_match,5
2832,[Scramble] Hint: nor______,scramble hint nor,twitch,twitch,,,missing_slang|short_text|low_translation_confidence,mine_or_ignore_no_dictionary_match,5
334,bosch,bosch,twitch,twitch,,,missing_slang|short_text|low_translation_confidence,mine_or_ignore_no_dictionary_match,5
3508,!lickfeet,lickfeet,twitch,twitch,,,missing_slang|short_text|low_translation_confidence,mine_or_ignore_no_dictionary_match,5
3505,lickR 🥩,lickr,twitch,twitch,,,missing_slang|short_text|low_translation_confidence,mine_or_ignore_no_dictionary_match,5
3499,CHANCE KUN SadWeeb,chance kun sadweeb,twitch,twitch,,,missing_slang|short_text|low_translation_confidence,mine_or_ignore_no_dictionary_match,5
341,merk,merk,twitch,twitch,,,missing_slang|short_text|low_translation_confidence,mine_or_ignore_no_dictionary_match,5
340,merman,merman,twitch,twitch,,,missing_slang|short_text|low_translation_confidence,mine_or_ignore_no_dictionary_match,5
339,merlin,merlin,twitch,twitch,,,missing_slang|short_text|low_translation_confidence,mine_or_ignore_no_dictionary_match,5
337,mer,mer,twitch,twitch,,,missing_slang|short_text|low_translation_confidence,mine_or_ignore_no_dictionary_match,5
336,mebald,mebald,twitch,twitch,,,missing_slang|short_text|low_translation_confidence,mine_or_ignore_no_dictionary_match,5
298,peepoCheer,peepocheer,twitch,twitch,,,missing_slang|short_text|low_translation_confidence,mine_or_ignore_no_dictionary_match,5
1593,yo flame,yo flame,twitch,twitch,,,missing_slang|short_text|low_translation_confidence,mine_or_ignore_no_dictionary_match,5
1592,yo bobo,yo bobo,twitch,twitch,,,missing_slang|short_text|low_translation_confidence,mine_or_ignore_no_dictionary_match,5
1591,gg's chat peepoExit,gg's chat peepoexit,twitch,twitch,,,missing_slang|short_text|low_translation_confidence,mine_or_ignore_no_dictionary_match,5
1590,sodaLove flame,sodalove flame,twitch,twitch,,,missing_slang|short_text|low_translation_confidence,mine_or_ignore_no_dictionary_match,5
1621,!wallpaper,wallpaper,twitch,twitch,,,missing_slang|short_text|low_translation_confidence,mine_or_ignore_no_dictionary_match,5
1619,[Trivia] Hint: corpor___ ______,trivia hint corpor,twitch,twitch,,,missing_slang|short_text|low_translation_confidence,mine_or_ignore_no_dictionary_match,5
1618,homeless,homeless,twitch,twitch,,,missing_slang|short_text|low_translation_confidence,mine_or_ignore_no_dictionary_match,5
1648,WTF sodaTantrum,wtf sodatantrum,twitch,twitch,,,missing_slang|short_text|low_translation_confidence,mine_or_ignore_no_dictionary_match,5
2793,content,content,twitch,twitch,,,missing_slang|short_text|low_translation_confidence,mine_or_ignore_no_dictionary_match,5
2788,lapras,lapras,twitch,twitch,,,missing_slang|short_text|low_translation_confidence,mine_or_ignore_no_dictionary_match,5
2787,sss today happythoLurk ?,ss today happytholurk,twitch,twitch,,,missing_slang|short_text|low_translation_confidence,mine_or_ignore_no_dictionary_match,5
2782,definitely soon COPIUM2,definitely soon copium2,twitch,twitch,,,missing_slang|short_text|low_translation_confidence,mine_or_ignore_no_dictionary_match,5
2780,@shaun986 Small PepeLaugh,small pepelaugh,twitch,twitch,,,missing_slang|short_text|low_translation_confidence,mine_or_ignore_no_dictionary_match,5
2779,"@VulpesHD, sodaWave bulpes",sodawave bulpes,twitch,twitch,,,missing_slang|short_text|low_translation_confidence,mine_or_ignore_no_dictionary_match,5
2777,"""giant"" PepeLaugh",giant pepelaugh,twitch,twitch,,,missing_slang|short_text|low_translation_confidence,mine_or_ignore_no_dictionary_match,5
2776,kjones086 yo,kjones086 yo,twitch,twitch,,,missing_slang|short_text|low_translation_confidence,mine_or_ignore_no_dictionary_match,5
1636,allo,allo,twitch,twitch,,,missing_slang|short_text|low_translation_confidence,mine_or_ignore_no_dictionary_match,5
1635,"@Taurenhunter, sodaL sodaWave",sodal sodawave,twitch,twitch,,,missing_slang|short_text|low_translation_confidence,mine_or_ignore_no_dictionary_match,5
1633,!roll EDGY,roll edgy,twitch,twitch,,,missing_slang|short_text|low_translation_confidence,mine_or_ignore_no_dictionary_match,5
1594,bye bobo,bye bobo,twitch,twitch,,,missing_slang|short_text|low_translation_confidence,mine_or_ignore_no_dictionary_match,5
312,sodaStand,sodastand,twitch,twitch,,,missing_slang|short_text|low_translation_confidence,mine_or_ignore_no_dictionary_match,5
310,im very old,im very old,twitch,twitch,,,missing_slang|short_text|low_translation_confidence,mine_or_ignore_no_dictionary_match,5
3509,I hope not,i hope not,twitch,twitch,,,missing_slang|short_text|low_translation_confidence,mine_or_ignore_no_dictionary_match,5
3517,tesuto sodaAYAYA,tesuto sodaayaya,twitch,twitch,,,missing_slang|short_text|low_translation_confidence,mine_or_ignore_no_dictionary_match,5
325,3/3,3 3,twitch,twitch,,,missing_slang|short_text|low_translation_confidence,mine_or_ignore_no_dictionary_match,5
324,sodaNice,sodanice,twitch,twitch,,,missing_slang|short_text|low_translation_confidence,mine_or_ignore_no_dictionary_match,5
318,walmart,walmart,twitch,twitch,,,missing_slang|short_text|low_translation_confidence,mine_or_ignore_no_dictionary_match,5
316,MEOW,meow,twitch,twitch,,,missing_slang|short_text|low_translation_confidence,mine_or_ignore_no_dictionary_match,5
314,iwojima,iwojima,twitch,twitch,,,missing_slang|short_text|low_translation_confidence,mine_or_ignore_no_dictionary_match,5
286,big ben,big ben,twitch,twitch,,,missing_slang|short_text|low_translation_confidence,mine_or_ignore_no_dictionary_match,5
1630,teischEnte MEOW yo,teischente meow yo,twitch,twitch,,,missing_slang|short_text|low_translation_confidence,mine_or_ignore_no_dictionary_match,5
1629,"TOMIIll, MEOW","tomiill, meow",twitch,twitch,,,missing_slang|short_text|low_translation_confidence,mine_or_ignore_no_dictionary_match,5
1628,lordev3Dank,lordev3dank,twitch,twitch,,,missing_slang|short_text|low_translation_confidence,mine_or_ignore_no_dictionary_match,5
1627,nyAngy,nyangy,twitch,twitch,,,missing_slang|short_text|low_translation_confidence,mine_or_ignore_no_dictionary_match,5
1626,sodaTantrum,sodatantrum,twitch,twitch,,,missing_slang|short_text|low_translation_confidence,mine_or_ignore_no_dictionary_match,5
1625,sodaC,sodac,twitch,twitch,,,missing_slang|short_text|low_translation_confidence,mine_or_ignore_no_dictionary_match,5
1652,!myd,myd,twitch,twitch,,,missing_slang|short_text|low_translation_confidence,mine_or_ignore_no_dictionary_match,5
1650,nappie time,nappie time,twitch,twitch,,,missing_slang|short_text|low_translation_confidence,mine_or_ignore_no_dictionary_match,5
1649,!roll dick size,roll dick size,twitch,twitch,,,missing_slang|short_text|low_translation_confidence,mine_or_ignore_no_dictionary_match,5
1673,!vanish,vanish,twitch,twitch,,,missing_slang|short_text|low_translation_confidence,mine_or_ignore_no_dictionary_match,5
1644,hamnp Susge,hamnp susge,twitch,twitch,,,missing_slang|short_text|low_translation_confidence,mine_or_ignore_no_dictionary_match,5
1643,"TOMIIll, docL","tomiill, docl",twitch,twitch,,,missing_slang|short_text|low_translation_confidence,mine_or_ignore_no_dictionary_match,5
1642,SteveShepard xqcL,steveshepard xqcl,twitch,twitch,,,missing_slang|short_text|low_translation_confidence,mine_or_ignore_no_dictionary_match,5
1668,!vanish peepoFine,vanish peepofine,twitch,twitch,,,missing_slang|short_text|low_translation_confidence,mine_or_ignore_no_dictionary_match,5
1667,THATS OK Smadge,thats ok smadge,twitch,twitch,,,missing_slang|short_text|low_translation_confidence,mine_or_ignore_no_dictionary_match,5
1665,ppL,ppl,twitch,twitch,,,missing_slang|short_text|low_translation_confidence,mine_or_ignore_no_dictionary_match,5
1661,@hamnp Wrong name LULW,wrong name lulw,twitch,twitch,,,missing_slang|short_text|low_translation_confidence,mine_or_ignore_no_dictionary_match,5
1659,wdym ppL tomi,wdym ppl tomi,twitch,twitch,,,missing_slang|short_text|low_translation_confidence,mine_or_ignore_no_dictionary_match,5
1654,TRUE peepoPog,true peepopog,twitch,twitch,,,missing_slang|short_text|low_translation_confidence,mine_or_ignore_no_dictionary_match,5
1631,tomi which one,tomi which one,twitch,twitch,,,missing_slang|short_text|low_translation_confidence,mine_or_ignore_no_dictionary_match,5
296,Tower of London,tower of london,twitch,twitch,,,missing_slang|short_text|low_translation_confidence,mine_or_ignore_no_dictionary_match,5
295,tower black,tower black,twitch,twitch,,,missing_slang|short_text|low_translation_confidence,mine_or_ignore_no_dictionary_match,5
3525,CYR,cyr,twitch,twitch,,,missing_slang|short_text|low_translation_confidence,mine_or_ignore_no_dictionary_match,5
3524,I27F6-5WGE0-QEEYE free game,i27f6-5wge0-qeeye free game,twitch,twitch,,,missing_slang|short_text|low_translation_confidence,mine_or_ignore_no_dictionary_match,5
3523,@SteveShepard theres no way,theres no way,twitch,twitch,,,missing_slang|short_text|low_translation_confidence,mine_or_ignore_no_dictionary_match,5
279,ww2 OhNowISee,ww2 ohnowisee,twitch,twitch,,,missing_slang|short_text|low_translation_confidence,mine_or_ignore_no_dictionary_match,5
278,betto rhourke,betto rhourke,twitch,twitch,,,missing_slang|short_text|low_translation_confidence,mine_or_ignore_no_dictionary_match,5
309,sodaClown,sodaclown,twitch,twitch,,,missing_slang|short_text|low_translation_confidence,mine_or_ignore_no_dictionary_match,5
308,moon2A,moon2a,twitch,twitch,,,missing_slang|short_text|low_translation_confidence,mine_or_ignore_no_dictionary_match,5
306,!followage,followage,twitch,twitch,,,missing_slang|short_text|low_translation_confidence,mine_or_ignore_no_dictionary_match,5
303,upton sinclair,upton sinclair,twitch,twitch,,,missing_slang|short_text|low_translation_confidence,mine_or_ignore_no_dictionary_match,5
302,[Trivia] Hint: Upton ________,trivia hint upton,twitch,twitch,,,missing_slang|short_text|low_translation_confidence,mine_or_ignore_no_dictionary_match,5
301,Chuck Tingle,chuck tingle,twitch,twitch,,,missing_slang|short_text|low_translation_confidence,mine_or_ignore_no_dictionary_match,5
271,Nicolas Cage,nicolas cage,twitch,twitch,,,missing_slang|short_text|low_translation_confidence,mine_or_ignore_no_dictionary_match,5
2768,Strimmer,strimmer,twitch,twitch,,,missing_slang|short_text|low_translation_confidence,mine_or_ignore_no_dictionary_match,5
2766,KKona support nam?,kkona support nam,twitch,twitch,,,missing_slang|short_text|low_translation_confidence,mine_or_ignore_no_dictionary_match,5
2765,Tastyge,tastyge,twitch,twitch,,,missing_slang|short_text|low_translation_confidence,mine_or_ignore_no_dictionary_match,5
2760,NO SUNLIGHT Smadge,no sunlight smadge,twitch,twitch,,,missing_slang|short_text|low_translation_confidence,mine_or_ignore_no_dictionary_match,5
2758,Smadge ComfyTime 🌅,smadge comfytime,twitch,twitch,,,missing_slang|short_text|low_translation_confidence,mine_or_ignore_no_dictionary_match,5
1681,peepoLove,peepolove,twitch,twitch,,,missing_slang|short_text|low_translation_confidence,mine_or_ignore_no_dictionary_match,5
1674,weebs rise weebNod,weebs rise weebnod,twitch,twitch,,,missing_slang|short_text|low_translation_confidence,mine_or_ignore_no_dictionary_match,5
1689,emoneyLemon,emoneylemon,twitch,twitch,,,missing_slang|short_text|low_translation_confidence,mine_or_ignore_no_dictionary_match,5
1687,sodaFat,sodafat,twitch,twitch,,,missing_slang|short_text|low_translation_confidence,mine_or_ignore_no_dictionary_match,5
1686,sdasdadadadsad,sdasdadadadsad,twitch,twitch,,,missing_slang|short_text|low_translation_confidence,mine_or_ignore_no_dictionary_match,5
1715,xqcSad,xqcsad,twitch,twitch,,,missing_slang|short_text|low_translation_confidence,mine_or_ignore_no_dictionary_match,5
1711,waduhek man,waduhek man,twitch,twitch,,,missing_slang|short_text|low_translation_confidence,mine_or_ignore_no_dictionary_match,5
2749,MODS ban him,mods ban him,twitch,twitch,,,missing_slang|short_text|low_translation_confidence,mine_or_ignore_no_dictionary_match,5
2741,get a gf,get a gf,twitch,twitch,,,missing_slang|short_text|low_translation_confidence,mine_or_ignore_no_dictionary_match,5
2738,WeirdDude,weirddude,twitch,twitch,,,missing_slang|short_text|low_translation_confidence,mine_or_ignore_no_dictionary_match,5
2731,but meh,but meh,twitch,twitch,,,missing_slang|short_text|low_translation_confidence,mine_or_ignore_no_dictionary_match,5
2729,PagMan 41 more,pagman 41 more,twitch,twitch,,,missing_slang|short_text|low_translation_confidence,mine_or_ignore_no_dictionary_match,5
1701,!gamelist,gamelist,twitch,twitch,,,missing_slang|short_text|low_translation_confidence,mine_or_ignore_no_dictionary_match,5
1700,tomi happythoHug,tomi happythohug,twitch,twitch,,,missing_slang|short_text|low_translation_confidence,mine_or_ignore_no_dictionary_match,5
285,castle,castle,twitch,twitch,,,missing_slang|short_text|low_translation_confidence,mine_or_ignore_no_dictionary_match,5
284,stonehenge,stonehenge,twitch,twitch,,,missing_slang|short_text|low_translation_confidence,mine_or_ignore_no_dictionary_match,5
282,fake actor,fake actor,twitch,twitch,,,missing_slang|short_text|low_translation_confidence,mine_or_ignore_no_dictionary_match,5
280,Betty davies,betty davies,twitch,twitch,,,missing_slang|short_text|low_translation_confidence,mine_or_ignore_no_dictionary_match,5
269,captain america,captain america,twitch,twitch,,,missing_slang|short_text|low_translation_confidence,mine_or_ignore_no_dictionary_match,5
266,i miss vtuberWaddle,i miss vtuberwaddle,twitch,twitch,,,missing_slang|short_text|low_translation_confidence,mine_or_ignore_no_dictionary_match,5
265,Milk,milk,twitch,twitch,,,missing_slang|short_text|low_translation_confidence,mine_or_ignore_no_dictionary_match,5
264,selphySad,selphysad,twitch,twitch,,,missing_slang|short_text|low_translation_confidence,mine_or_ignore_no_dictionary_match,5
263,MaidOutfit,maidoutfit,twitch,twitch,,,missing_slang|short_text|low_translation_confidence,mine_or_ignore_no_dictionary_match,5
262,DNAFlamingo selphyStare,dnaflamingo selphystare,twitch,twitch,,,missing_slang|short_text|low_translation_confidence,mine_or_ignore_no_dictionary_match,5
293,tower of pizza,tower of pizza,twitch,twitch,,,missing_slang|short_text|low_translation_confidence,mine_or_ignore_no_dictionary_match,5
292,[Trivia] Hint: Tower __ ______,trivia hint tower,twitch,twitch,,,missing_slang|short_text|low_translation_confidence,mine_or_ignore_no_dictionary_match,5
291,graveyard,graveyard,twitch,twitch,,,missing_slang|short_text|low_translation_confidence,mine_or_ignore_no_dictionary_match,5
290,3Head tower,3head tower,twitch,twitch,,,missing_slang|short_text|low_translation_confidence,mine_or_ignore_no_dictionary_match,5
289,pub,pub,twitch,twitch,,,missing_slang|short_text|low_translation_confidence,mine_or_ignore_no_dictionary_match,5
288,in,in,twitch,twitch,,,missing_slang|short_text|low_translation_confidence,mine_or_ignore_no_dictionary_match,5
287,park,park,twitch,twitch,,,missing_slang|short_text|low_translation_confidence,mine_or_ignore_no_dictionary_match,5
257,WutFace,wutface,twitch,twitch,,,missing_slang|short_text|low_translation_confidence,mine_or_ignore_no_dictionary_match,5
1693,!vanish weebRun,vanish weebrun,twitch,twitch,,,missing_slang|short_text|low_translation_confidence,mine_or_ignore_no_dictionary_match,5
1691,sodaLOSE,sodalose,twitch,twitch,,,missing_slang|short_text|low_translation_confidence,mine_or_ignore_no_dictionary_match,5
1749,AYAYAWeird,ayayaweird,twitch,twitch,,,missing_slang|short_text|low_translation_confidence,mine_or_ignore_no_dictionary_match,5
1748,it can,it can,twitch,twitch,,,missing_slang|short_text|low_translation_confidence,mine_or_ignore_no_dictionary_match,5
1744,sweater vest,sweater vest,twitch,twitch,,,missing_slang|short_text|low_translation_confidence,mine_or_ignore_no_dictionary_match,5
1743,[Trivia] Hint: Swea___ ____,trivia hint swea,twitch,twitch,,,missing_slang|short_text|low_translation_confidence,mine_or_ignore_no_dictionary_match,5
1741,HI,hi,twitch,twitch,,,missing_slang|short_text|low_translation_confidence,mine_or_ignore_no_dictionary_match,5
1705,poarapDANCE poarapDANCE poarapDANCE,poarapdance poarapdance poarapdance,twitch,twitch,,,missing_slang|short_text|low_translation_confidence,mine_or_ignore_no_dictionary_match,5
1704,poarapDANCE poarapDANCE,poarapdance poarapdance,twitch,twitch,,,missing_slang|short_text|low_translation_confidence,mine_or_ignore_no_dictionary_match,5
1703,poarapDANCE,poarapdance,twitch,twitch,,,missing_slang|short_text|low_translation_confidence,mine_or_ignore_no_dictionary_match,5
1702,@vissione Game list: https://bit.ly/3cNwgDf,game list,twitch,twitch,,,missing_slang|short_text|low_translation_confidence,mine_or_ignore_no_dictionary_match,5
1733,!catpic,catpic,twitch,twitch,,,missing_slang|short_text|low_translation_confidence,mine_or_ignore_no_dictionary_match,5
1731,SadgeCry,sadgecry,twitch,twitch,,,missing_slang|short_text|low_translation_confidence,mine_or_ignore_no_dictionary_match,5
1730,MEOW meow,meow meow,twitch,twitch,,,missing_slang|short_text|low_translation_confidence,mine_or_ignore_no_dictionary_match,5
1727,true Fleymour,true fleymour,twitch,twitch,,,missing_slang|short_text|low_translation_confidence,mine_or_ignore_no_dictionary_match,5
1721,legoman Woah,legoman woah,twitch,twitch,,,missing_slang|short_text|low_translation_confidence,mine_or_ignore_no_dictionary_match,5
1696,ohh oley,ohh oley,twitch,twitch,,,missing_slang|short_text|low_translation_confidence,mine_or_ignore_no_dictionary_match,5
270,dead,dead,twitch,twitch,,,missing_slang|short_text|low_translation_confidence,mine_or_ignore_no_dictionary_match,5
1735,cya tomiii,cya tomii,twitch,twitch,,,missing_slang|short_text|low_translation_confidence,mine_or_ignore_no_dictionary_match,5
1765,fridge,fridge,twitch,twitch,,,missing_slang|short_text|low_translation_confidence,mine_or_ignore_no_dictionary_match,5
1764,elisHuh,elishuh,twitch,twitch,,,missing_slang|short_text|low_translation_confidence,mine_or_ignore_no_dictionary_match,5
1763,"[Trivia] ""The Refrigerator""",trivia the refrigerator,twitch,twitch,,,missing_slang|short_text|low_translation_confidence,mine_or_ignore_no_dictionary_match,5
1762,guraWave,gurawave,twitch,twitch,,,missing_slang|short_text|low_translation_confidence,mine_or_ignore_no_dictionary_match,5
1761,@dragonicdrago sodaWave,sodawave,twitch,twitch,,,missing_slang|short_text|low_translation_confidence,mine_or_ignore_no_dictionary_match,5
1760,oro guraWave,oro gurawave,twitch,twitch,,,missing_slang|short_text|low_translation_confidence,mine_or_ignore_no_dictionary_match,5
1759,peepoFeet,peepofeet,twitch,twitch,,,missing_slang|short_text|low_translation_confidence,mine_or_ignore_no_dictionary_match,5
1757,monkaW,monkaw,twitch,twitch,,,missing_slang|short_text|low_translation_confidence,mine_or_ignore_no_dictionary_match,5
1756,sodaDND,sodadnd,twitch,twitch,,,missing_slang|short_text|low_translation_confidence,mine_or_ignore_no_dictionary_match,5
2723,air fryer,air fryer,twitch,twitch,,,missing_slang|short_text|low_translation_confidence,mine_or_ignore_no_dictionary_match,5
2722,oven,oven,twitch,twitch,,,missing_slang|short_text|low_translation_confidence,mine_or_ignore_no_dictionary_match,5
2719,"Audiyo1, what country?","audiyo1, what country",twitch,twitch,,,missing_slang|short_text|low_translation_confidence,mine_or_ignore_no_dictionary_match,5
2714,mcchickens*,mcchickens,twitch,twitch,,,missing_slang|short_text|low_translation_confidence,mine_or_ignore_no_dictionary_match,5
2713,mcdonalds has pizza,mcdonalds has pizza,twitch,twitch,,,missing_slang|short_text|low_translation_confidence,mine_or_ignore_no_dictionary_match,5
2711,or a mcdonalds,or a mcdonalds,twitch,twitch,,,missing_slang|short_text|low_translation_confidence,mine_or_ignore_no_dictionary_match,5
256,DNAFlamingo nmpE nmpCrazy,dnaflamingo nmpe nmpcrazy,twitch,twitch,,,missing_slang|short_text|low_translation_confidence,mine_or_ignore_no_dictionary_match,5
254,nmpCrazy,nmpcrazy,twitch,twitch,,,missing_slang|short_text|low_translation_confidence,mine_or_ignore_no_dictionary_match,5
252,!feet,feet,twitch,twitch,,,missing_slang|short_text|low_translation_confidence,mine_or_ignore_no_dictionary_match,5
251,comfyHenlo,comfyhenlo,twitch,twitch,,,missing_slang|short_text|low_translation_confidence,mine_or_ignore_no_dictionary_match,5
250,dna happythoHug,dna happythohug,twitch,twitch,,,missing_slang|short_text|low_translation_confidence,mine_or_ignore_no_dictionary_match,5
249,peepoLeanOnBusStopPole,peepoleanonbusstoppole,twitch,twitch,,,missing_slang|short_text|low_translation_confidence,mine_or_ignore_no_dictionary_match,5
248,qynoaComfy,qynoacomfy,twitch,twitch,,,missing_slang|short_text|low_translation_confidence,mine_or_ignore_no_dictionary_match,5
277,Bette Davis,bette davis,twitch,twitch,,,missing_slang|short_text|low_translation_confidence,mine_or_ignore_no_dictionary_match,5
276,nvm,nvm,twitch,twitch,,,missing_slang|short_text|low_translation_confidence,mine_or_ignore_no_dictionary_match,5
275,betty white,betty white,twitch,twitch,,,missing_slang|short_text|low_translation_confidence,mine_or_ignore_no_dictionary_match,5
274,[Trivia] Hint: Bett_ ______,trivia hint bett,twitch,twitch,,,missing_slang|short_text|low_translation_confidence,mine_or_ignore_no_dictionary_match,5
272,PEPW,pepw,twitch,twitch,,,missing_slang|short_text|low_translation_confidence,mine_or_ignore_no_dictionary_match,5
234,just type it,just type it,twitch,twitch,,,missing_slang|short_text|low_translation_confidence,mine_or_ignore_no_dictionary_match,5
1739,tie,tie,twitch,twitch,,,missing_slang|short_text|low_translation_confidence,mine_or_ignore_no_dictionary_match,5
1738,MEOW Yo,meow yo,twitch,twitch,,,missing_slang|short_text|low_translation_confidence,mine_or_ignore_no_dictionary_match,5
1736,%trivia MEOW,trivia meow,twitch,twitch,,,missing_slang|short_text|low_translation_confidence,mine_or_ignore_no_dictionary_match,5
1793,yeah that,yeah that,twitch,twitch,,,missing_slang|short_text|low_translation_confidence,mine_or_ignore_no_dictionary_match,5
1791,orophiSadgers,orophisadgers,twitch,twitch,,,missing_slang|short_text|low_translation_confidence,mine_or_ignore_no_dictionary_match,5
1790,chips ?,chips,twitch,twitch,,,missing_slang|short_text|low_translation_confidence,mine_or_ignore_no_dictionary_match,5
1789,sodaD,sodad,twitch,twitch,,,missing_slang|short_text|low_translation_confidence,mine_or_ignore_no_dictionary_match,5
1787,@PenkTynk thank you sodaHUG,thank you sodahug,twitch,twitch,,,missing_slang|short_text|low_translation_confidence,mine_or_ignore_no_dictionary_match,5
1785,@orophia happythoHug wb,happythohug wb,twitch,twitch,,,missing_slang|short_text|low_translation_confidence,mine_or_ignore_no_dictionary_match,5
1754,github sodaDEAD,github sodadead,twitch,twitch,,,missing_slang|short_text|low_translation_confidence,mine_or_ignore_no_dictionary_match,5
1751,!7tv,7tv,twitch,twitch,,,missing_slang|short_text|low_translation_confidence,mine_or_ignore_no_dictionary_match,5
2709,COPIUM2,copium2,twitch,twitch,,,missing_slang|short_text|low_translation_confidence,mine_or_ignore_no_dictionary_match,5
2704,Stream today?,stream today,twitch,twitch,,,missing_slang|short_text|low_translation_confidence,mine_or_ignore_no_dictionary_match,5
2700,whats tornado,whats tornado,twitch,twitch,,,missing_slang|short_text|low_translation_confidence,mine_or_ignore_no_dictionary_match,5
1781,pepeW,pepew,twitch,twitch,,,missing_slang|short_text|low_translation_confidence,mine_or_ignore_no_dictionary_match,5
1777,yes hello,yes hello,twitch,twitch,,,missing_slang|short_text|low_translation_confidence,mine_or_ignore_no_dictionary_match,5
1775,peepoSad,peeposad,twitch,twitch,,,missing_slang|short_text|low_translation_confidence,mine_or_ignore_no_dictionary_match,5
1773,[Trivia] Hint: whi____,trivia hint whi,twitch,twitch,,,missing_slang|short_text|low_translation_confidence,mine_or_ignore_no_dictionary_match,5
1740,socks,socks,twitch,twitch,,,missing_slang|short_text|low_translation_confidence,mine_or_ignore_no_dictionary_match,5
230,PANIC,panic,twitch,twitch,,,missing_slang|short_text|low_translation_confidence,mine_or_ignore_no_dictionary_match,5
3540,"@TheUltraCoolCutieBoBo, https://youtu.be/i8ju_10NkGY GROGGERS",groggers,twitch,twitch,,,missing_slang|short_text|low_translation_confidence,mine_or_ignore_no_dictionary_match,5
3538,huwwo,huwwo,twitch,twitch,,,missing_slang|short_text|low_translation_confidence,mine_or_ignore_no_dictionary_match,5
3537,sodaLove empiL,sodalove empil,twitch,twitch,,,missing_slang|short_text|low_translation_confidence,mine_or_ignore_no_dictionary_match,5
3536,divide asleepyPat,divide asleepypat,twitch,twitch,,,missing_slang|short_text|low_translation_confidence,mine_or_ignore_no_dictionary_match,5
3534,cute and dark,cute and dark,twitch,twitch,,,missing_slang|short_text|low_translation_confidence,mine_or_ignore_no_dictionary_match,5
3528,@Jazzykat what game?,what game,twitch,twitch,,,missing_slang|short_text|low_translation_confidence,mine_or_ignore_no_dictionary_match,5
3527,HACKERMANS,hackermans,twitch,twitch,,,missing_slang|short_text|low_translation_confidence,mine_or_ignore_no_dictionary_match,5
261,weebRun,weebrun,twitch,twitch,,,missing_slang|short_text|low_translation_confidence,mine_or_ignore_no_dictionary_match,5
260,kevinrez15 peepoFeet bepDead,kevinrez15 peepofeet bepdead,twitch,twitch,,,missing_slang|short_text|low_translation_confidence,mine_or_ignore_no_dictionary_match,5
259,vulpes3Lurk,vulpes3lurk,twitch,twitch,,,missing_slang|short_text|low_translation_confidence,mine_or_ignore_no_dictionary_match,5
3552,and gay,and gay,twitch,twitch,,,missing_slang|short_text|low_translation_confidence,mine_or_ignore_no_dictionary_match,5
1771,oh elisSit,oh elissit,twitch,twitch,,,missing_slang|short_text|low_translation_confidence,mine_or_ignore_no_dictionary_match,5
1768,William,william,twitch,twitch,,,missing_slang|short_text|low_translation_confidence,mine_or_ignore_no_dictionary_match,5
1767,elisSit,elissit,twitch,twitch,,,missing_slang|short_text|low_translation_confidence,mine_or_ignore_no_dictionary_match,5
1766,[Trivia] Hint: Willi__ _____,trivia hint willi,twitch,twitch,,,missing_slang|short_text|low_translation_confidence,mine_or_ignore_no_dictionary_match,5
1828,%trivia n,trivia n,twitch,twitch,,,missing_slang|short_text|low_translation_confidence,mine_or_ignore_no_dictionary_match,5
1826,truth,truth,twitch,twitch,,,missing_slang|short_text|low_translation_confidence,mine_or_ignore_no_dictionary_match,5
1824,FeelsDankMan wow,feelsdankman wow,twitch,twitch,,,missing_slang|short_text|low_translation_confidence,mine_or_ignore_no_dictionary_match,5
1823,Yeeees,yees,twitch,twitch,,,missing_slang|short_text|low_translation_confidence,mine_or_ignore_no_dictionary_match,5
1822,flippiect uwu,flippiect uwu,twitch,twitch,,,missing_slang|short_text|low_translation_confidence,mine_or_ignore_no_dictionary_match,5
1821,yayeet_xd uwu,yayeet xd uwu,twitch,twitch,,,missing_slang|short_text|low_translation_confidence,mine_or_ignore_no_dictionary_match,5
2687,PauseChamp,pausechamp,twitch,twitch,,,missing_slang|short_text|low_translation_confidence,mine_or_ignore_no_dictionary_match,5
2679,PepeLaugh TeaTime,pepelaugh teatime,twitch,twitch,,,missing_slang|short_text|low_translation_confidence,mine_or_ignore_no_dictionary_match,5
1812,Frik,frik,twitch,twitch,,,missing_slang|short_text|low_translation_confidence,mine_or_ignore_no_dictionary_match,5
1811,@flippiect today,today,twitch,twitch,,,missing_slang|short_text|low_translation_confidence,mine_or_ignore_no_dictionary_match,5
1809,hhhuhuuh,hhuhuuh,twitch,twitch,,,missing_slang|short_text|low_translation_confidence,mine_or_ignore_no_dictionary_match,5
1807,!roll 45,roll 45,twitch,twitch,,,missing_slang|short_text|low_translation_confidence,mine_or_ignore_no_dictionary_match,5
1805,nkoL,nkol,twitch,twitch,,,missing_slang|short_text|low_translation_confidence,mine_or_ignore_no_dictionary_match,5
1802,winter? in texas?,winter? in texas,twitch,twitch,,,missing_slang|short_text|low_translation_confidence,mine_or_ignore_no_dictionary_match,5
233,say it anyways,say it anyways,twitch,twitch,,,missing_slang|short_text|low_translation_confidence,mine_or_ignore_no_dictionary_match,5
231,say it,say it,twitch,twitch,,,missing_slang|short_text|low_translation_confidence,mine_or_ignore_no_dictionary_match,5
3547,well,well,twitch,twitch,,,missing_slang|short_text|low_translation_confidence,mine_or_ignore_no_dictionary_match,5
3544,oathWave SteveShepard sodaL,oathwave steveshepard sodal,twitch,twitch,,,missing_slang|short_text|low_translation_confidence,mine_or_ignore_no_dictionary_match,5
3543,KoroneWakeUp,koronewakeup,twitch,twitch,,,missing_slang|short_text|low_translation_confidence,mine_or_ignore_no_dictionary_match,5
245,SNUS TIME,snus time,twitch,twitch,,,missing_slang|short_text|low_translation_confidence,mine_or_ignore_no_dictionary_match,5
244,nmpWiggle,nmpwiggle,twitch,twitch,,,missing_slang|short_text|low_translation_confidence,mine_or_ignore_no_dictionary_match,5
242,sodaWaddle,sodawaddle,twitch,twitch,,,missing_slang|short_text|low_translation_confidence,mine_or_ignore_no_dictionary_match,5
241,totsHeck,totsheck,twitch,twitch,,,missing_slang|short_text|low_translation_confidence,mine_or_ignore_no_dictionary_match,5
240,asleepyWiggle,asleepywiggle,twitch,twitch,,,missing_slang|short_text|low_translation_confidence,mine_or_ignore_no_dictionary_match,5
239,it :tf:,it tf,twitch,twitch,,,missing_slang|short_text|low_translation_confidence,mine_or_ignore_no_dictionary_match,5
237,yea true,yea true,twitch,twitch,,,missing_slang|short_text|low_translation_confidence,mine_or_ignore_no_dictionary_match,5
203,Thomas Jefferson,thomas jefferson,twitch,twitch,,,missing_slang|short_text|low_translation_confidence,mine_or_ignore_no_dictionary_match,5
2672,christian,christian,twitch,twitch,,,missing_slang|short_text|low_translation_confidence,mine_or_ignore_no_dictionary_match,5
2670,slater,slater,twitch,twitch,,,missing_slang|short_text|low_translation_confidence,mine_or_ignore_no_dictionary_match,5
2668,rami malek,rami malek,twitch,twitch,,,missing_slang|short_text|low_translation_confidence,mine_or_ignore_no_dictionary_match,5
2667,uuuuh,uuh,twitch,twitch,,,missing_slang|short_text|low_translation_confidence,mine_or_ignore_no_dictionary_match,5
2663,san francisco,san francisco,twitch,twitch,,,missing_slang|short_text|low_translation_confidence,mine_or_ignore_no_dictionary_match,5
1858,sodaPog,sodapog,twitch,twitch,,,missing_slang|short_text|low_translation_confidence,mine_or_ignore_no_dictionary_match,5
1819,hoSway,hosway,twitch,twitch,,,missing_slang|short_text|low_translation_confidence,mine_or_ignore_no_dictionary_match,5
1818,b,b,twitch,twitch,,,missing_slang|short_text|low_translation_confidence,mine_or_ignore_no_dictionary_match,5
1816,a,a,twitch,twitch,,,missing_slang|short_text|low_translation_confidence,mine_or_ignore_no_dictionary_match,5
1814,Stream?,stream,twitch,twitch,,,missing_slang|short_text|low_translation_confidence,mine_or_ignore_no_dictionary_match,5
1845,MAN peepoSad,man peeposad,twitch,twitch,,,missing_slang|short_text|low_translation_confidence,mine_or_ignore_no_dictionary_match,5
1844,chaturbate @MadPixie,chaturbate,twitch,twitch,,,missing_slang|short_text|low_translation_confidence,mine_or_ignore_no_dictionary_match,5
1843,LULW vik vulpes3Pat,lulw vik vulpes3pat,twitch,twitch,,,missing_slang|short_text|low_translation_confidence,mine_or_ignore_no_dictionary_match,5
1842,"vikitorusss, HAPPIES sodaLove","vikitoruss, happies sodalove",twitch,twitch,,,missing_slang|short_text|low_translation_confidence,mine_or_ignore_no_dictionary_match,5
1841,cb?,cb,twitch,twitch,,,missing_slang|short_text|low_translation_confidence,mine_or_ignore_no_dictionary_match,5
1840,dankHug brian6932,dankhug brian6932,twitch,twitch,,,missing_slang|short_text|low_translation_confidence,mine_or_ignore_no_dictionary_match,5
1839,dankHug kjones086,dankhug kjones086,twitch,twitch,,,missing_slang|short_text|low_translation_confidence,mine_or_ignore_no_dictionary_match,5
1836,pokimane,pokimane,twitch,twitch,,,missing_slang|short_text|low_translation_confidence,mine_or_ignore_no_dictionary_match,5
1832,joseph,joseph,twitch,twitch,,,missing_slang|short_text|low_translation_confidence,mine_or_ignore_no_dictionary_match,5
1831,[Trivia] Hint: Josep_ ________,trivia hint josep,twitch,twitch,,,missing_slang|short_text|low_translation_confidence,mine_or_ignore_no_dictionary_match,5
3548,gm river oathSmile,gm river oathsmile,twitch,twitch,,,missing_slang|short_text|low_translation_confidence,mine_or_ignore_no_dictionary_match,5
220,Elon musk,elon musk,twitch,twitch,,,missing_slang|short_text|low_translation_confidence,mine_or_ignore_no_dictionary_match,5
215,annytfLUL,annytflul,twitch,twitch,,,missing_slang|short_text|low_translation_confidence,mine_or_ignore_no_dictionary_match,5
214,muniNotes,muninotes,twitch,twitch,,,missing_slang|short_text|low_translation_confidence,mine_or_ignore_no_dictionary_match,5
2660,San Fransico,san fransico,twitch,twitch,,,missing_slang|short_text|low_translation_confidence,mine_or_ignore_no_dictionary_match,5
2659,ya its dumb,ya its dumb,twitch,twitch,,,missing_slang|short_text|low_translation_confidence,mine_or_ignore_no_dictionary_match,5
2657,stupid question,stupid question,twitch,twitch,,,missing_slang|short_text|low_translation_confidence,mine_or_ignore_no_dictionary_match,5
2653,throat killer,throat killer,twitch,twitch,,,missing_slang|short_text|low_translation_confidence,mine_or_ignore_no_dictionary_match,5
2651,hydrophobia,hydrophobia,twitch,twitch,,,missing_slang|short_text|low_translation_confidence,mine_or_ignore_no_dictionary_match,5
2650,water allergy,water allergy,twitch,twitch,,,missing_slang|short_text|low_translation_confidence,mine_or_ignore_no_dictionary_match,5
2649,sodaMONK rabies,sodamonk rabies,twitch,twitch,,,missing_slang|short_text|low_translation_confidence,mine_or_ignore_no_dictionary_match,5
2648,anti water,anti water,twitch,twitch,,,missing_slang|short_text|low_translation_confidence,mine_or_ignore_no_dictionary_match,5
2647,cock swallow,cock swallow,twitch,twitch,,,missing_slang|short_text|low_translation_confidence,mine_or_ignore_no_dictionary_match,5
2646,foamy mouth,foamy mouth,twitch,twitch,,,missing_slang|short_text|low_translation_confidence,mine_or_ignore_no_dictionary_match,5
1861,Ente pokiWave,ente pokiwave,twitch,twitch,,,missing_slang|short_text|low_translation_confidence,mine_or_ignore_no_dictionary_match,5
1860,Dussy,dussy,twitch,twitch,,,missing_slang|short_text|low_translation_confidence,mine_or_ignore_no_dictionary_match,5
1859,brian nyxious,brian nyxious,twitch,twitch,,,missing_slang|short_text|low_translation_confidence,mine_or_ignore_no_dictionary_match,5
1890,!scan @kevinrez15 /^!feet/i,scan !feet i,twitch,twitch,,,missing_slang|short_text|low_translation_confidence,mine_or_ignore_no_dictionary_match,5
1857,"@valeksasv8, pokiWave",pokiwave,twitch,twitch,,,missing_slang|short_text|low_translation_confidence,mine_or_ignore_no_dictionary_match,5
1856,"@DivideByNone, username FeelsDankMan",username feelsdankman,twitch,twitch,,,missing_slang|short_text|low_translation_confidence,mine_or_ignore_no_dictionary_match,5
1854,name? dankCrayon,name? dankcrayon,twitch,twitch,,,missing_slang|short_text|low_translation_confidence,mine_or_ignore_no_dictionary_match,5
1853,guraWave chat,gurawave chat,twitch,twitch,,,missing_slang|short_text|low_translation_confidence,mine_or_ignore_no_dictionary_match,5
1850,veiSway,veisway,twitch,twitch,,,missing_slang|short_text|low_translation_confidence,mine_or_ignore_no_dictionary_match,5
1849,modCheck streamer?,modcheck streamer,twitch,twitch,,,missing_slang|short_text|low_translation_confidence,mine_or_ignore_no_dictionary_match,5
1846,cam4 > cb,cam4 cb,twitch,twitch,,,missing_slang|short_text|low_translation_confidence,mine_or_ignore_no_dictionary_match,5
1876,version*,version,twitch,twitch,,,missing_slang|short_text|low_translation_confidence,mine_or_ignore_no_dictionary_match,5
1875,pepegeThink,pepegethink,twitch,twitch,,,missing_slang|short_text|low_translation_confidence,mine_or_ignore_no_dictionary_match,5
2661,san dieago,san dieago,twitch,twitch,,,missing_slang|short_text|low_translation_confidence,mine_or_ignore_no_dictionary_match,5
202,totsSlam,totsslam,twitch,twitch,,,missing_slang|short_text|low_translation_confidence,mine_or_ignore_no_dictionary_match,5
201,drop the delanore?,drop the delanore,twitch,twitch,,,missing_slang|short_text|low_translation_confidence,mine_or_ignore_no_dictionary_match,5
226,stop doing this,stop doing this,twitch,twitch,,,missing_slang|short_text|low_translation_confidence,mine_or_ignore_no_dictionary_match,5
222,Dildo OhISee,dildo ohisee,twitch,twitch,,,missing_slang|short_text|low_translation_confidence,mine_or_ignore_no_dictionary_match,5
221,[Trivia] Hint: Dil____,trivia hint dil,twitch,twitch,,,missing_slang|short_text|low_translation_confidence,mine_or_ignore_no_dictionary_match,5
3565,weebs PUKERS,weebs pukers,twitch,twitch,,,missing_slang|short_text|low_translation_confidence,mine_or_ignore_no_dictionary_match,5
3564,26th i think,26th i think,twitch,twitch,,,missing_slang|short_text|low_translation_confidence,mine_or_ignore_no_dictionary_match,5
3559,26th,26th,twitch,twitch,,,missing_slang|short_text|low_translation_confidence,mine_or_ignore_no_dictionary_match,5
3558,26? sodaHmm,26? sodahmm,twitch,twitch,,,missing_slang|short_text|low_translation_confidence,mine_or_ignore_no_dictionary_match,5
212,OhISee,ohisee,twitch,twitch,,,missing_slang|short_text|low_translation_confidence,mine_or_ignore_no_dictionary_match,5
206,eisenhower,eisenhower,twitch,twitch,,,missing_slang|short_text|low_translation_confidence,mine_or_ignore_no_dictionary_match,5
204,[Trivia] Hint: Eise______,trivia hint eise,twitch,twitch,,,missing_slang|short_text|low_translation_confidence,mine_or_ignore_no_dictionary_match,5
1863,ente Dussy,ente dussy,twitch,twitch,,,missing_slang|short_text|low_translation_confidence,mine_or_ignore_no_dictionary_match,5
1862,okay,okay,twitch,twitch,,,missing_slang|short_text|low_translation_confidence,mine_or_ignore_no_dictionary_match,5
2641,thirty three,thirty three,twitch,twitch,,,missing_slang|short_text|low_translation_confidence,mine_or_ignore_no_dictionary_match,5
2639,thirty eight,thirty eight,twitch,twitch,,,missing_slang|short_text|low_translation_confidence,mine_or_ignore_no_dictionary_match,5
2637,thirty nine,thirty nine,twitch,twitch,,,missing_slang|short_text|low_translation_confidence,mine_or_ignore_no_dictionary_match,5
2635,34,34,twitch,twitch,,,missing_slang|short_text|low_translation_confidence,mine_or_ignore_no_dictionary_match,5
2634,thirty one,thirty one,twitch,twitch,,,missing_slang|short_text|low_translation_confidence,mine_or_ignore_no_dictionary_match,5
2632,thirty five,thirty five,twitch,twitch,,,missing_slang|short_text|low_translation_confidence,mine_or_ignore_no_dictionary_match,5
1893,Prayge,prayge,twitch,twitch,,,missing_slang|short_text|low_translation_confidence,mine_or_ignore_no_dictionary_match,5
2617,35,35,twitch,twitch,,,missing_slang|short_text|low_translation_confidence,mine_or_ignore_no_dictionary_match,5
1923,LIVE,live,twitch,twitch,,,missing_slang|short_text|low_translation_confidence,mine_or_ignore_no_dictionary_match,5
1887,nyx FeelsDankMan TeaTime,nyx feelsdankman teatime,twitch,twitch,,,missing_slang|short_text|low_translation_confidence,mine_or_ignore_no_dictionary_match,5
1885,FeelsDankMan wtf,feelsdankman wtf,twitch,twitch,,,missing_slang|short_text|low_translation_confidence,mine_or_ignore_no_dictionary_match,5
1883,FeelsDankMan eh?,feelsdankman eh,twitch,twitch,,,missing_slang|short_text|low_translation_confidence,mine_or_ignore_no_dictionary_match,5
1882,Okayge,okayge,twitch,twitch,,,missing_slang|short_text|low_translation_confidence,mine_or_ignore_no_dictionary_match,5
1879,LULW,lulw,twitch,twitch,,,missing_slang|short_text|low_translation_confidence,mine_or_ignore_no_dictionary_match,5
1905,!rq linestats,rq linestats,twitch,twitch,,,missing_slang|short_text|low_translation_confidence,mine_or_ignore_no_dictionary_match,5
1901,!rl,rl,twitch,twitch,,,missing_slang|short_text|low_translation_confidence,mine_or_ignore_no_dictionary_match,5
1898,veiSUck,veisuck,twitch,twitch,,,missing_slang|short_text|low_translation_confidence,mine_or_ignore_no_dictionary_match,5
1895,so  close,so close,twitch,twitch,,,missing_slang|short_text|low_translation_confidence,mine_or_ignore_no_dictionary_match,5
1894,fuck,fuck,twitch,twitch,,,missing_slang|short_text|low_translation_confidence,mine_or_ignore_no_dictionary_match,5
2629,thirty-five,thirty-five,twitch,twitch,,,missing_slang|short_text|low_translation_confidence,mine_or_ignore_no_dictionary_match,5
1868,"@Vikitorusss, pokiCheer CHEER xqcCheer",pokicheer cheer xqccheer,twitch,twitch,,,missing_slang|short_text|low_translation_confidence,mine_or_ignore_no_dictionary_match,5
183,Right there @plehbbles,right there,twitch,twitch,,,missing_slang|short_text|low_translation_confidence,mine_or_ignore_no_dictionary_match,5
3568,sanahkan MODS,sanahkan mods,twitch,twitch,,,missing_slang|short_text|low_translation_confidence,mine_or_ignore_no_dictionary_match,5
3586,fat chance Okayge,fat chance okayge,twitch,twitch,,,missing_slang|short_text|low_translation_confidence,mine_or_ignore_no_dictionary_match,5
3585,weebNod ty ty,weebnod ty ty,twitch,twitch,,,missing_slang|short_text|low_translation_confidence,mine_or_ignore_no_dictionary_match,5
3582,Smadge soder,smadge soder,twitch,twitch,,,missing_slang|short_text|low_translation_confidence,mine_or_ignore_no_dictionary_match,5
197,!lastseen nixi93,lastseen nixi93,twitch,twitch,,,missing_slang|short_text|low_translation_confidence,mine_or_ignore_no_dictionary_match,5
193,no,no,twitch,twitch,,,missing_slang|short_text|low_translation_confidence,mine_or_ignore_no_dictionary_match,5
192,FDR,fdr,twitch,twitch,,,missing_slang|short_text|low_translation_confidence,mine_or_ignore_no_dictionary_match,5
153,[Trivia] Hint: spa_____,trivia hint spa,twitch,twitch,,,missing_slang|short_text|low_translation_confidence,mine_or_ignore_no_dictionary_match,5
2626,thirty,thirty,twitch,twitch,,,missing_slang|short_text|low_translation_confidence,mine_or_ignore_no_dictionary_match,5
2625,45,45,twitch,twitch,,,missing_slang|short_text|low_translation_confidence,mine_or_ignore_no_dictionary_match,5
2624,2,2,twitch,twitch,,,missing_slang|short_text|low_translation_confidence,mine_or_ignore_no_dictionary_match,5
2623,30,30,twitch,twitch,,,missing_slang|short_text|low_translation_confidence,mine_or_ignore_no_dictionary_match,5
2622,3,3,twitch,twitch,,,missing_slang|short_text|low_translation_confidence,mine_or_ignore_no_dictionary_match,5
2621,50,50,twitch,twitch,,,missing_slang|short_text|low_translation_confidence,mine_or_ignore_no_dictionary_match,5
2620,26,26,twitch,twitch,,,missing_slang|short_text|low_translation_confidence,mine_or_ignore_no_dictionary_match,5
2619,25,25,twitch,twitch,,,missing_slang|short_text|low_translation_confidence,mine_or_ignore_no_dictionary_match,5
2618,69,69,twitch,twitch,,,missing_slang|short_text|low_translation_confidence,mine_or_ignore_no_dictionary_match,5
2610,friendly,friendly,twitch,twitch,,,missing_slang|short_text|low_translation_confidence,mine_or_ignore_no_dictionary_match,5
2609,*last new movie,last new movie,twitch,twitch,,,missing_slang|short_text|low_translation_confidence,mine_or_ignore_no_dictionary_match,5
2608,[Trivia] Hint: Frien___ _____,trivia hint frien,twitch,twitch,,,missing_slang|short_text|low_translation_confidence,mine_or_ignore_no_dictionary_match,5
2598,quarks,quarks,twitch,twitch,,,missing_slang|short_text|low_translation_confidence,mine_or_ignore_no_dictionary_match,5
1956,"@schnaidah, ouch peepoFine",ouch peepofine,twitch,twitch,,,missing_slang|short_text|low_translation_confidence,mine_or_ignore_no_dictionary_match,5
1955,bian vulpes3Bite vulpes3Tail,bian vulpes3bite vulpes3tail,twitch,twitch,,,missing_slang|short_text|low_translation_confidence,mine_or_ignore_no_dictionary_match,5
1919,He's American...,he's american,twitch,twitch,,,missing_slang|short_text|low_translation_confidence,mine_or_ignore_no_dictionary_match,5
1911,hey :0,hey 0,twitch,twitch,,,missing_slang|short_text|low_translation_confidence,mine_or_ignore_no_dictionary_match,5
1941,cheerio,cheerio,twitch,twitch,,,missing_slang|short_text|low_translation_confidence,mine_or_ignore_no_dictionary_match,5
1937,pepeW can't type,pepew can't type,twitch,twitch,,,missing_slang|short_text|low_translation_confidence,mine_or_ignore_no_dictionary_match,5
1934,sugar,sugar,twitch,twitch,,,missing_slang|short_text|low_translation_confidence,mine_or_ignore_no_dictionary_match,5
1933,sugar baby,sugar baby,twitch,twitch,,,missing_slang|short_text|low_translation_confidence,mine_or_ignore_no_dictionary_match,5
1932,sugrar,sugrar,twitch,twitch,,,missing_slang|short_text|low_translation_confidence,mine_or_ignore_no_dictionary_match,5
2628,[Trivia] Hint: Thir__ _____,trivia hint thir,twitch,twitch,,,missing_slang|short_text|low_translation_confidence,mine_or_ignore_no_dictionary_match,5
168,rhubarb,rhubarb,twitch,twitch,,,missing_slang|short_text|low_translation_confidence,mine_or_ignore_no_dictionary_match,5
3587,er stocky,er stocky,twitch,twitch,,,missing_slang|short_text|low_translation_confidence,mine_or_ignore_no_dictionary_match,5
3603,@Ahvee pokiKona SantaHat /,pokikona santahat,twitch,twitch,,,missing_slang|short_text|low_translation_confidence,mine_or_ignore_no_dictionary_match,5
3601,mai-san ThankEgg,mai-san thankegg,twitch,twitch,,,missing_slang|short_text|low_translation_confidence,mine_or_ignore_no_dictionary_match,5
3599,"Ahvee, sodaWave","ahvee, sodawave",twitch,twitch,,,missing_slang|short_text|low_translation_confidence,mine_or_ignore_no_dictionary_match,5
3598,peepoPog new bot,peepopog new bot,twitch,twitch,,,missing_slang|short_text|low_translation_confidence,mine_or_ignore_no_dictionary_match,5
3597,sodaWave chat,sodawave chat,twitch,twitch,,,missing_slang|short_text|low_translation_confidence,mine_or_ignore_no_dictionary_match,5
3595,mai-san PagMan,mai-san pagman,twitch,twitch,,,missing_slang|short_text|low_translation_confidence,mine_or_ignore_no_dictionary_match,5
180,!store,store,twitch,twitch,,,missing_slang|short_text|low_translation_confidence,mine_or_ignore_no_dictionary_match,5
178,poor,poor,twitch,twitch,,,missing_slang|short_text|low_translation_confidence,mine_or_ignore_no_dictionary_match,5
177,"Poor10,20,30,40","poor10,20,30,40",twitch,twitch,,,missing_slang|short_text|low_translation_confidence,mine_or_ignore_no_dictionary_match,5
176,discount code poor,discount code poor,twitch,twitch,,,missing_slang|short_text|low_translation_confidence,mine_or_ignore_no_dictionary_match,5
175,IkuWut,ikuwut,twitch,twitch,,,missing_slang|short_text|low_translation_confidence,mine_or_ignore_no_dictionary_match,5
143,sodaHmm,sodahmm,twitch,twitch,,,missing_slang|short_text|low_translation_confidence,mine_or_ignore_no_dictionary_match,5
1929,[Trivia] Hint: Suga_ ______,trivia hint suga,twitch,twitch,,,missing_slang|short_text|low_translation_confidence,mine_or_ignore_no_dictionary_match,5
1928,Stare,stare,twitch,twitch,,,missing_slang|short_text|low_translation_confidence,mine_or_ignore_no_dictionary_match,5
1927,muffin,muffin,twitch,twitch,,,missing_slang|short_text|low_translation_confidence,mine_or_ignore_no_dictionary_match,5
2612,sodaCOMFY,sodacomfy,twitch,twitch,,,missing_slang|short_text|low_translation_confidence,mine_or_ignore_no_dictionary_match,5
2582,dec 31,dec 31,twitch,twitch,,,missing_slang|short_text|low_translation_confidence,mine_or_ignore_no_dictionary_match,5
1949,BatChest,batchest,twitch,twitch,,,missing_slang|short_text|low_translation_confidence,mine_or_ignore_no_dictionary_match,5
1948,bagel,bagel,twitch,twitch,,,missing_slang|short_text|low_translation_confidence,mine_or_ignore_no_dictionary_match,5
1947,[Trivia] Hint: ba___,trivia hint ba,twitch,twitch,,,missing_slang|short_text|low_translation_confidence,mine_or_ignore_no_dictionary_match,5
1946,use my ass,use my ass,twitch,twitch,,,missing_slang|short_text|low_translation_confidence,mine_or_ignore_no_dictionary_match,5
1945,kaiouraNLT kaiouraTail,kaiouranlt kaiouratail,twitch,twitch,,,missing_slang|short_text|low_translation_confidence,mine_or_ignore_no_dictionary_match,5
1944,fecal doughnut,fecal doughnut,twitch,twitch,,,missing_slang|short_text|low_translation_confidence,mine_or_ignore_no_dictionary_match,5
1943,biscotti,biscotti,twitch,twitch,,,missing_slang|short_text|low_translation_confidence,mine_or_ignore_no_dictionary_match,5
1942,apple jack,apple jack,twitch,twitch,,,missing_slang|short_text|low_translation_confidence,mine_or_ignore_no_dictionary_match,5
1972,volvograd,volvograd,twitch,twitch,,,missing_slang|short_text|low_translation_confidence,mine_or_ignore_no_dictionary_match,5
1971,stalingrad,stalingrad,twitch,twitch,,,missing_slang|short_text|low_translation_confidence,mine_or_ignore_no_dictionary_match,5
1968,Stalin,stalin,twitch,twitch,,,missing_slang|short_text|low_translation_confidence,mine_or_ignore_no_dictionary_match,5
1966,oh right,oh right,twitch,twitch,,,missing_slang|short_text|low_translation_confidence,mine_or_ignore_no_dictionary_match,5
1963,American Beauty,american beauty,twitch,twitch,,,missing_slang|short_text|low_translation_confidence,mine_or_ignore_no_dictionary_match,5
150,spätzle,sp tzle,twitch,twitch,,,missing_slang|short_text|low_translation_confidence,mine_or_ignore_no_dictionary_match,5
3604,Saturday,saturday,twitch,twitch,,,missing_slang|short_text|low_translation_confidence,mine_or_ignore_no_dictionary_match,5
1978,bumfuckgrad,bumfuckgrad,twitch,twitch,,,missing_slang|short_text|low_translation_confidence,mine_or_ignore_no_dictionary_match,5
1977,[Trivia] Hint: Uly______,trivia hint uly,twitch,twitch,,,missing_slang|short_text|low_translation_confidence,mine_or_ignore_no_dictionary_match,5
1975,Putingrad,putingrad,twitch,twitch,,,missing_slang|short_text|low_translation_confidence,mine_or_ignore_no_dictionary_match,5
1974,st petersburg,st petersburg,twitch,twitch,,,missing_slang|short_text|low_translation_confidence,mine_or_ignore_no_dictionary_match,5
2005,hamster,hamster,twitch,twitch,,,missing_slang|short_text|low_translation_confidence,mine_or_ignore_no_dictionary_match,5
2002,3Head,3head,twitch,twitch,,,missing_slang|short_text|low_translation_confidence,mine_or_ignore_no_dictionary_match,5
1999,Crickety,crickety,twitch,twitch,,,missing_slang|short_text|low_translation_confidence,mine_or_ignore_no_dictionary_match,5
1998,cricket,cricket,twitch,twitch,,,missing_slang|short_text|low_translation_confidence,mine_or_ignore_no_dictionary_match,5
1962,[Trivia] Hint: Ameri___ ______,trivia hint ameri,twitch,twitch,,,missing_slang|short_text|low_translation_confidence,mine_or_ignore_no_dictionary_match,5
1960,american dream,american dream,twitch,twitch,,,missing_slang|short_text|low_translation_confidence,mine_or_ignore_no_dictionary_match,5
1958,Beauty,beauty,twitch,twitch,,,missing_slang|short_text|low_translation_confidence,mine_or_ignore_no_dictionary_match,5
2596,atoms,atoms,twitch,twitch,,,missing_slang|short_text|low_translation_confidence,mine_or_ignore_no_dictionary_match,5
2593,who knows OnyxPenumbra,who knows onyxpenumbra,twitch,twitch,,,missing_slang|short_text|low_translation_confidence,mine_or_ignore_no_dictionary_match,5
2590,forsenCD,forsencd,twitch,twitch,,,missing_slang|short_text|low_translation_confidence,mine_or_ignore_no_dictionary_match,5
2586,Dec 31 1900,dec 31 1900,twitch,twitch,,,missing_slang|short_text|low_translation_confidence,mine_or_ignore_no_dictionary_match,5
2584,dec 31 19,dec 31 19,twitch,twitch,,,missing_slang|short_text|low_translation_confidence,mine_or_ignore_no_dictionary_match,5
2580,PEPELEPSY dates,pepelepsy dates,twitch,twitch,,,missing_slang|short_text|low_translation_confidence,mine_or_ignore_no_dictionary_match,5
2579,[Trivia] Hint: Dec __ ____,trivia hint dec,twitch,twitch,,,missing_slang|short_text|low_translation_confidence,mine_or_ignore_no_dictionary_match,5
2578,1960,1960,twitch,twitch,,,missing_slang|short_text|low_translation_confidence,mine_or_ignore_no_dictionary_match,5
2577,2010,2010,twitch,twitch,,,missing_slang|short_text|low_translation_confidence,mine_or_ignore_no_dictionary_match,5
2576,2001,2001,twitch,twitch,,,missing_slang|short_text|low_translation_confidence,mine_or_ignore_no_dictionary_match,5
2575,176,176,twitch,twitch,,,missing_slang|short_text|low_translation_confidence,mine_or_ignore_no_dictionary_match,5
2574,1850,1850,twitch,twitch,,,missing_slang|short_text|low_translation_confidence,mine_or_ignore_no_dictionary_match,5
2573,year,year,twitch,twitch,,,missing_slang|short_text|low_translation_confidence,mine_or_ignore_no_dictionary_match,5
2572,186,186,twitch,twitch,,,missing_slang|short_text|low_translation_confidence,mine_or_ignore_no_dictionary_match,5
2571,1896,1896,twitch,twitch,,,missing_slang|short_text|low_translation_confidence,mine_or_ignore_no_dictionary_match,5
2569,2003,2003,twitch,twitch,,,missing_slang|short_text|low_translation_confidence,mine_or_ignore_no_dictionary_match,5
2568,1946,1946,twitch,twitch,,,missing_slang|short_text|low_translation_confidence,mine_or_ignore_no_dictionary_match,5
1984,PeepoWeird,peepoweird,twitch,twitch,,,missing_slang|short_text|low_translation_confidence,mine_or_ignore_no_dictionary_match,5
1982,Ulysses S Grant,ulysses s grant,twitch,twitch,,,missing_slang|short_text|low_translation_confidence,mine_or_ignore_no_dictionary_match,5
1980,Ulyanovsk,ulyanovsk,twitch,twitch,,,missing_slang|short_text|low_translation_confidence,mine_or_ignore_no_dictionary_match,5
1979,ulysses,ulysses,twitch,twitch,,,missing_slang|short_text|low_translation_confidence,mine_or_ignore_no_dictionary_match,5
142,tnk totsSmug,tnk totssmug,twitch,twitch,,,missing_slang|short_text|low_translation_confidence,mine_or_ignore_no_dictionary_match,5
141,Master_NaM_er ( ° ͜ʖ͡°)╭∩╮,master nam er,twitch,twitch,,,missing_slang|short_text|low_translation_confidence,mine_or_ignore_no_dictionary_match,5
140,mods 🖕,mods,twitch,twitch,,,missing_slang|short_text|low_translation_confidence,mine_or_ignore_no_dictionary_match,5
137,yeah wow,yeah wow,twitch,twitch,,,missing_slang|short_text|low_translation_confidence,mine_or_ignore_no_dictionary_match,5
136,annytfWat,annytfwat,twitch,twitch,,,missing_slang|short_text|low_translation_confidence,mine_or_ignore_no_dictionary_match,5
134,totsStop,totsstop,twitch,twitch,,,missing_slang|short_text|low_translation_confidence,mine_or_ignore_no_dictionary_match,5
164,thats life sodaSubs,thats life sodasubs,twitch,twitch,,,missing_slang|short_text|low_translation_confidence,mine_or_ignore_no_dictionary_match,5
162,!rq,rq,twitch,twitch,,,missing_slang|short_text|low_translation_confidence,mine_or_ignore_no_dictionary_match,5
161,EZ,ez,twitch,twitch,,,missing_slang|short_text|low_translation_confidence,mine_or_ignore_no_dictionary_match,5
160,PainPeko,painpeko,twitch,twitch,,,missing_slang|short_text|low_translation_confidence,mine_or_ignore_no_dictionary_match,5
156,Spatzle,spatzle,twitch,twitch,,,missing_slang|short_text|low_translation_confidence,mine_or_ignore_no_dictionary_match,5
155,spanish,spanish,twitch,twitch,,,missing_slang|short_text|low_translation_confidence,mine_or_ignore_no_dictionary_match,5
154,3rd party OhISee,3rd party ohisee,twitch,twitch,,,missing_slang|short_text|low_translation_confidence,mine_or_ignore_no_dictionary_match,5
3619,yesterday,yesterday,twitch,twitch,,,missing_slang|short_text|low_translation_confidence,mine_or_ignore_no_dictionary_match,5
1990,true,true,twitch,twitch,,,missing_slang|short_text|low_translation_confidence,mine_or_ignore_no_dictionary_match,5
2581,december 31,december 31,twitch,twitch,,,missing_slang|short_text|low_translation_confidence,mine_or_ignore_no_dictionary_match,5
2563,197,197,twitch,twitch,,,missing_slang|short_text|low_translation_confidence,mine_or_ignore_no_dictionary_match,5
2567,1947,1947,twitch,twitch,,,missing_slang|short_text|low_translation_confidence,mine_or_ignore_no_dictionary_match,5
2566,198,198,twitch,twitch,,,missing_slang|short_text|low_translation_confidence,mine_or_ignore_no_dictionary_match,5
2021,mumer,mumer,twitch,twitch,,,missing_slang|short_text|low_translation_confidence,mine_or_ignore_no_dictionary_match,5
2019,murmur,murmur,twitch,twitch,,,missing_slang|short_text|low_translation_confidence,mine_or_ignore_no_dictionary_match,5
2018,[Trivia] Hint: mu____,trivia hint mu,twitch,twitch,,,missing_slang|short_text|low_translation_confidence,mine_or_ignore_no_dictionary_match,5
2016,palpation,palpation,twitch,twitch,,,missing_slang|short_text|low_translation_confidence,mine_or_ignore_no_dictionary_match,5
2015,tacychardia,tacychardia,twitch,twitch,,,missing_slang|short_text|low_translation_confidence,mine_or_ignore_no_dictionary_match,5
2013,atrithmia,atrithmia,twitch,twitch,,,missing_slang|short_text|low_translation_confidence,mine_or_ignore_no_dictionary_match,5
2012,hm,hm,twitch,twitch,,,missing_slang|short_text|low_translation_confidence,mine_or_ignore_no_dictionary_match,5
2011,whisper,whisper,twitch,twitch,,,missing_slang|short_text|low_translation_confidence,mine_or_ignore_no_dictionary_match,5
2009,viss gachiHYPER,viss gachihyper,twitch,twitch,,,missing_slang|short_text|low_translation_confidence,mine_or_ignore_no_dictionary_match,5
2007,rat,rat,twitch,twitch,,,missing_slang|short_text|low_translation_confidence,mine_or_ignore_no_dictionary_match,5
2032,Pen Island,pen island,twitch,twitch,,,missing_slang|short_text|low_translation_confidence,mine_or_ignore_no_dictionary_match,5
2031,chile airport,chile airport,twitch,twitch,,,missing_slang|short_text|low_translation_confidence,mine_or_ignore_no_dictionary_match,5
1991,Derek jeter,derek jeter,twitch,twitch,,,missing_slang|short_text|low_translation_confidence,mine_or_ignore_no_dictionary_match,5
2551,192,192,twitch,twitch,,,missing_slang|short_text|low_translation_confidence,mine_or_ignore_no_dictionary_match,5
2550,1920,1920,twitch,twitch,,,missing_slang|short_text|low_translation_confidence,mine_or_ignore_no_dictionary_match,5
2069,Gondola,gondola,twitch,twitch,,,missing_slang|short_text|low_translation_confidence,mine_or_ignore_no_dictionary_match,5
2068,utah,utah,twitch,twitch,,,missing_slang|short_text|low_translation_confidence,mine_or_ignore_no_dictionary_match,5
2067,lift,lift,twitch,twitch,,,missing_slang|short_text|low_translation_confidence,mine_or_ignore_no_dictionary_match,5
2029,easter island,easter island,twitch,twitch,,,missing_slang|short_text|low_translation_confidence,mine_or_ignore_no_dictionary_match,5
2028,tuvalu,tuvalu,twitch,twitch,,,missing_slang|short_text|low_translation_confidence,mine_or_ignore_no_dictionary_match,5
2027,"@UltraSynapticSeizureNinja, Most likely. :)",most likely,twitch,twitch,,,missing_slang|short_text|low_translation_confidence,mine_or_ignore_no_dictionary_match,5
2025,falkland island,falkland island,twitch,twitch,,,missing_slang|short_text|low_translation_confidence,mine_or_ignore_no_dictionary_match,5
2052,sodaLOSE lions,sodalose lions,twitch,twitch,,,missing_slang|short_text|low_translation_confidence,mine_or_ignore_no_dictionary_match,5
2050,wow,wow,twitch,twitch,,,missing_slang|short_text|low_translation_confidence,mine_or_ignore_no_dictionary_match,5
2048,kick,kick,twitch,twitch,,,missing_slang|short_text|low_translation_confidence,mine_or_ignore_no_dictionary_match,5
2047,@alsobuoyant SpeedL iLuvU SpeedR,speedl iluvu speedr,twitch,twitch,,,missing_slang|short_text|low_translation_confidence,mine_or_ignore_no_dictionary_match,5
2039,reservoir dogs,reservoir dogs,twitch,twitch,,,missing_slang|short_text|low_translation_confidence,mine_or_ignore_no_dictionary_match,5
2565,1950,1950,twitch,twitch,,,missing_slang|short_text|low_translation_confidence,mine_or_ignore_no_dictionary_match,5
2564,2000,200,twitch,twitch,,,missing_slang|short_text|low_translation_confidence,mine_or_ignore_no_dictionary_match,5
2083,e,e,twitch,twitch,,,missing_slang|short_text|low_translation_confidence,mine_or_ignore_no_dictionary_match,5
2082,g,g,twitch,twitch,,,missing_slang|short_text|low_translation_confidence,mine_or_ignore_no_dictionary_match,5
2081,s,s,twitch,twitch,,,missing_slang|short_text|low_translation_confidence,mine_or_ignore_no_dictionary_match,5
2080,V,v,twitch,twitch,,,missing_slang|short_text|low_translation_confidence,mine_or_ignore_no_dictionary_match,5
2079,c,c,twitch,twitch,,,missing_slang|short_text|low_translation_confidence,mine_or_ignore_no_dictionary_match,5
2562,1945,1945,twitch,twitch,,,missing_slang|short_text|low_translation_confidence,mine_or_ignore_no_dictionary_match,5
2561,196,196,twitch,twitch,,,missing_slang|short_text|low_translation_confidence,mine_or_ignore_no_dictionary_match,5
2560,1930,1930,twitch,twitch,,,missing_slang|short_text|low_translation_confidence,mine_or_ignore_no_dictionary_match,5
2559,195,195,twitch,twitch,,,missing_slang|short_text|low_translation_confidence,mine_or_ignore_no_dictionary_match,5
2558,1934,1934,twitch,twitch,,,missing_slang|short_text|low_translation_confidence,mine_or_ignore_no_dictionary_match,5
2557,194,194,twitch,twitch,,,missing_slang|short_text|low_translation_confidence,mine_or_ignore_no_dictionary_match,5
2556,1940,1940,twitch,twitch,,,missing_slang|short_text|low_translation_confidence,mine_or_ignore_no_dictionary_match,5
2555,1870,1870,twitch,twitch,,,missing_slang|short_text|low_translation_confidence,mine_or_ignore_no_dictionary_match,5
2554,193,193,twitch,twitch,,,missing_slang|short_text|low_translation_confidence,mine_or_ignore_no_dictionary_match,5
2553,1921,1921,twitch,twitch,,,missing_slang|short_text|low_translation_confidence,mine_or_ignore_no_dictionary_match,5
2552,1910,1910,twitch,twitch,,,missing_slang|short_text|low_translation_confidence,mine_or_ignore_no_dictionary_match,5
2096,chrysler,chrysler,twitch,twitch,,,missing_slang|short_text|low_translation_confidence,mine_or_ignore_no_dictionary_match,5
2095,lincon,lincon,twitch,twitch,,,missing_slang|short_text|low_translation_confidence,mine_or_ignore_no_dictionary_match,5
2093,ford,ford,twitch,twitch,,,missing_slang|short_text|low_translation_confidence,mine_or_ignore_no_dictionary_match,5
2092,Dodge,dodge,twitch,twitch,,,missing_slang|short_text|low_translation_confidence,mine_or_ignore_no_dictionary_match,5
2090,jay,jay,twitch,twitch,,,missing_slang|short_text|low_translation_confidence,mine_or_ignore_no_dictionary_match,5
2066,pagoda,pagoda,twitch,twitch,,,missing_slang|short_text|low_translation_confidence,mine_or_ignore_no_dictionary_match,5
2065,uh,uh,twitch,twitch,,,missing_slang|short_text|low_translation_confidence,mine_or_ignore_no_dictionary_match,5
2064,Italy,italy,twitch,twitch,,,missing_slang|short_text|low_translation_confidence,mine_or_ignore_no_dictionary_match,5
2062,4Head,4head,twitch,twitch,,,missing_slang|short_text|low_translation_confidence,mine_or_ignore_no_dictionary_match,5
2061,Seal lion,seal lion,twitch,twitch,,,missing_slang|short_text|low_translation_confidence,mine_or_ignore_no_dictionary_match,5
2059,seal,seal,twitch,twitch,,,missing_slang|short_text|low_translation_confidence,mine_or_ignore_no_dictionary_match,5
2058,whale,whale,twitch,twitch,,,missing_slang|short_text|low_translation_confidence,mine_or_ignore_no_dictionary_match,5
2056,sea lion,sea lion,twitch,twitch,,,missing_slang|short_text|low_translation_confidence,mine_or_ignore_no_dictionary_match,5
2055,so hungry pepeW,so hungry pepew,twitch,twitch,,,missing_slang|short_text|low_translation_confidence,mine_or_ignore_no_dictionary_match,5
2085,H,h,twitch,twitch,,,missing_slang|short_text|low_translation_confidence,mine_or_ignore_no_dictionary_match,5
2084,f,f,twitch,twitch,,,missing_slang|short_text|low_translation_confidence,mine_or_ignore_no_dictionary_match,5
2547,1919,1919,twitch,twitch,,,missing_slang|short_text|low_translation_confidence,mine_or_ignore_no_dictionary_match,5
2544,that guy yup,that guy yup,twitch,twitch,,,missing_slang|short_text|low_translation_confidence,mine_or_ignore_no_dictionary_match,5
2117,provo,provo,twitch,twitch,,,missing_slang|short_text|low_translation_confidence,mine_or_ignore_no_dictionary_match,5
2116,ET,et,twitch,twitch,,,missing_slang|short_text|low_translation_confidence,mine_or_ignore_no_dictionary_match,5
2115,oregon,oregon,twitch,twitch,,,missing_slang|short_text|low_translation_confidence,mine_or_ignore_no_dictionary_match,5
2114,davy,davy,twitch,twitch,,,missing_slang|short_text|low_translation_confidence,mine_or_ignore_no_dictionary_match,5
2113,washington,washington,twitch,twitch,,,missing_slang|short_text|low_translation_confidence,mine_or_ignore_no_dictionary_match,5
2112,100T PogU,100t pogu,twitch,twitch,,,missing_slang|short_text|low_translation_confidence,mine_or_ignore_no_dictionary_match,5
2075,parantheses,parantheses,twitch,twitch,,,missing_slang|short_text|low_translation_confidence,mine_or_ignore_no_dictionary_match,5
2072,pagoda gondola FeelsDankMan,pagoda gondola feelsdankman,twitch,twitch,,,missing_slang|short_text|low_translation_confidence,mine_or_ignore_no_dictionary_match,5
2071,oh shit,oh shit,twitch,twitch,,,missing_slang|short_text|low_translation_confidence,mine_or_ignore_no_dictionary_match,5
2101,nissan,nissan,twitch,twitch,,,missing_slang|short_text|low_translation_confidence,mine_or_ignore_no_dictionary_match,5
2100,[Trivia] Hint: Ni____,trivia hint ni,twitch,twitch,,,missing_slang|short_text|low_translation_confidence,mine_or_ignore_no_dictionary_match,5
2099,Chysler,chysler,twitch,twitch,,,missing_slang|short_text|low_translation_confidence,mine_or_ignore_no_dictionary_match,5
2098,Saturn,saturn,twitch,twitch,,,missing_slang|short_text|low_translation_confidence,mine_or_ignore_no_dictionary_match,5
2097,Cheverlet,cheverlet,twitch,twitch,,,missing_slang|short_text|low_translation_confidence,mine_or_ignore_no_dictionary_match,5
3618,not sure,not sure,twitch,twitch,,,missing_slang|short_text|low_translation_confidence,mine_or_ignore_no_dictionary_match,5
3617,Back in 2012,back in 2012,twitch,twitch,,,missing_slang|short_text|low_translation_confidence,mine_or_ignore_no_dictionary_match,5
3616,recently,recently,twitch,twitch,,,missing_slang|short_text|low_translation_confidence,mine_or_ignore_no_dictionary_match,5
3615,!points,points,twitch,twitch,,,missing_slang|short_text|low_translation_confidence,mine_or_ignore_no_dictionary_match,5
3614,their own website,their own website,twitch,twitch,,,missing_slang|short_text|low_translation_confidence,mine_or_ignore_no_dictionary_match,5
3612,what the heck,what the heck,twitch,twitch,,,missing_slang|short_text|low_translation_confidence,mine_or_ignore_no_dictionary_match,5
3609,"@SteveShepard, xqcSus",xqcsus,twitch,twitch,,,missing_slang|short_text|low_translation_confidence,mine_or_ignore_no_dictionary_match,5
3606,peepoWASH ed up,peepowash ed up,twitch,twitch,,,missing_slang|short_text|low_translation_confidence,mine_or_ignore_no_dictionary_match,5
148,nah GabeN,nah gaben,twitch,twitch,,,missing_slang|short_text|low_translation_confidence,mine_or_ignore_no_dictionary_match,5
146,%trivia,trivia,twitch,twitch,,,missing_slang|short_text|low_translation_confidence,mine_or_ignore_no_dictionary_match,5
145,totsDead,totsdead,twitch,twitch,,,missing_slang|short_text|low_translation_confidence,mine_or_ignore_no_dictionary_match,5
3635,LE GASP D:,le gasp d,twitch,twitch,,,missing_slang|short_text|low_translation_confidence,mine_or_ignore_no_dictionary_match,5
2088,M,m,twitch,twitch,,,missing_slang|short_text|low_translation_confidence,mine_or_ignore_no_dictionary_match,5
2086,J,j,twitch,twitch,,,missing_slang|short_text|low_translation_confidence,mine_or_ignore_no_dictionary_match,5
2549,1999,199,twitch,twitch,,,missing_slang|short_text|low_translation_confidence,mine_or_ignore_no_dictionary_match,5
2548,1912,1912,twitch,twitch,,,missing_slang|short_text|low_translation_confidence,mine_or_ignore_no_dictionary_match,5
2146,islam,islam,twitch,twitch,,,missing_slang|short_text|low_translation_confidence,mine_or_ignore_no_dictionary_match,5
2145,jordisontv sodaLove,jordisontv sodalove,twitch,twitch,,,missing_slang|short_text|low_translation_confidence,mine_or_ignore_no_dictionary_match,5
2144,KKomrade,kkomrade,twitch,twitch,,,missing_slang|short_text|low_translation_confidence,mine_or_ignore_no_dictionary_match,5
2141,Stal;ingrad,stal ingrad,twitch,twitch,,,missing_slang|short_text|low_translation_confidence,mine_or_ignore_no_dictionary_match,5
2107,thieves,thieves,twitch,twitch,,,missing_slang|short_text|low_translation_confidence,mine_or_ignore_no_dictionary_match,5
2105,mud,mud,twitch,twitch,,,missing_slang|short_text|low_translation_confidence,mine_or_ignore_no_dictionary_match,5
2533,I think,i think,twitch,twitch,,,missing_slang|short_text|low_translation_confidence,mine_or_ignore_no_dictionary_match,5
2532,ahh saturnday,ahh saturnday,twitch,twitch,,,missing_slang|short_text|low_translation_confidence,mine_or_ignore_no_dictionary_match,5
2531,jove is jupiter,jove is jupiter,twitch,twitch,,,missing_slang|short_text|low_translation_confidence,mine_or_ignore_no_dictionary_match,5
2528,jina KKona,jina kkona,twitch,twitch,,,missing_slang|short_text|low_translation_confidence,mine_or_ignore_no_dictionary_match,5
2527,KKona China,kkona china,twitch,twitch,,,missing_slang|short_text|low_translation_confidence,mine_or_ignore_no_dictionary_match,5
2526,ha,ha,twitch,twitch,,,missing_slang|short_text|low_translation_confidence,mine_or_ignore_no_dictionary_match,5
2523,china,china,twitch,twitch,,,missing_slang|short_text|low_translation_confidence,mine_or_ignore_no_dictionary_match,5
2520,echo,echo,twitch,twitch,,,missing_slang|short_text|low_translation_confidence,mine_or_ignore_no_dictionary_match,5
2132,paris,paris,twitch,twitch,,,missing_slang|short_text|low_translation_confidence,mine_or_ignore_no_dictionary_match,5
2089,dammit,dammit,twitch,twitch,,,missing_slang|short_text|low_translation_confidence,mine_or_ignore_no_dictionary_match,5
2507,draft,draft,twitch,twitch,,,missing_slang|short_text|low_translation_confidence,mine_or_ignore_no_dictionary_match,5
2506,[Trivia] Hint: draf_ ____,trivia hint draf,twitch,twitch,,,missing_slang|short_text|low_translation_confidence,mine_or_ignore_no_dictionary_match,5
2505,taxes,taxes,twitch,twitch,,,missing_slang|short_text|low_translation_confidence,mine_or_ignore_no_dictionary_match,5
2504,jim crow,jim crow,twitch,twitch,,,missing_slang|short_text|low_translation_confidence,mine_or_ignore_no_dictionary_match,5
2503,slavery,slavery,twitch,twitch,,,missing_slang|short_text|low_translation_confidence,mine_or_ignore_no_dictionary_match,5
2502,prohibition,prohibition,twitch,twitch,,,missing_slang|short_text|low_translation_confidence,mine_or_ignore_no_dictionary_match,5
2164,church,church,twitch,twitch,,,missing_slang|short_text|low_translation_confidence,mine_or_ignore_no_dictionary_match,5
2163,John,john,twitch,twitch,,,missing_slang|short_text|low_translation_confidence,mine_or_ignore_no_dictionary_match,5
2130,seattle,seattle,twitch,twitch,,,missing_slang|short_text|low_translation_confidence,mine_or_ignore_no_dictionary_match,5
2129,NYC,nyc,twitch,twitch,,,missing_slang|short_text|low_translation_confidence,mine_or_ignore_no_dictionary_match,5
2126,columbo,columbo,twitch,twitch,,,missing_slang|short_text|low_translation_confidence,mine_or_ignore_no_dictionary_match,5
2124,colombo,colombo,twitch,twitch,,,missing_slang|short_text|low_translation_confidence,mine_or_ignore_no_dictionary_match,5
2121,Never got that,never got that,twitch,twitch,,,missing_slang|short_text|low_translation_confidence,mine_or_ignore_no_dictionary_match,5
2119,etpro,etpro,twitch,twitch,,,missing_slang|short_text|low_translation_confidence,mine_or_ignore_no_dictionary_match,5
2118,trap,trap,twitch,twitch,,,missing_slang|short_text|low_translation_confidence,mine_or_ignore_no_dictionary_match,5
2148,TepidP iLuvU,tepidp iluvu,twitch,twitch,,,missing_slang|short_text|low_translation_confidence,mine_or_ignore_no_dictionary_match,5
3623,"https://ecommercenews.eu/amazon-se-launches-in-sweden/ @VulpesHD >October 28, 2020","october 28, 2020",twitch,twitch,,,missing_slang|short_text|low_translation_confidence,mine_or_ignore_no_dictionary_match,5
133,juicer chat again,juicer chat again,twitch,twitch,,,missing_slang|short_text|low_translation_confidence,mine_or_ignore_no_dictionary_match,5
132,presents on 26,presents on 26,twitch,twitch,,,missing_slang|short_text|low_translation_confidence,mine_or_ignore_no_dictionary_match,5
129,yeah wow ppL,yeah wow ppl,twitch,twitch,,,missing_slang|short_text|low_translation_confidence,mine_or_ignore_no_dictionary_match,5
127,yea wow,yea wow,twitch,twitch,,,missing_slang|short_text|low_translation_confidence,mine_or_ignore_no_dictionary_match,5
125,probably,probably,twitch,twitch,,,missing_slang|short_text|low_translation_confidence,mine_or_ignore_no_dictionary_match,5
124,bye sommmer happythoTuck,bye sommer happythotuck,twitch,twitch,,,missing_slang|short_text|low_translation_confidence,mine_or_ignore_no_dictionary_match,5
121,nah gay,nah gay,twitch,twitch,,,missing_slang|short_text|low_translation_confidence,mine_or_ignore_no_dictionary_match,5
119,pretty sure,pretty sure,twitch,twitch,,,missing_slang|short_text|low_translation_confidence,mine_or_ignore_no_dictionary_match,5
118,squchaShrug,squchashrug,twitch,twitch,,,missing_slang|short_text|low_translation_confidence,mine_or_ignore_no_dictionary_match,5
3654,U retards,u retards,twitch,twitch,,,missing_slang|short_text|low_translation_confidence,mine_or_ignore_no_dictionary_match,5
2135,carbon copy,carbon copy,twitch,twitch,,,missing_slang|short_text|low_translation_confidence,mine_or_ignore_no_dictionary_match,5
2134,ink,ink,twitch,twitch,,,missing_slang|short_text|low_translation_confidence,mine_or_ignore_no_dictionary_match,5
2516,bad movies,bad movies,twitch,twitch,,,missing_slang|short_text|low_translation_confidence,mine_or_ignore_no_dictionary_match,5
2511,draft law,draft law,twitch,twitch,,,missing_slang|short_text|low_translation_confidence,mine_or_ignore_no_dictionary_match,5
2509,draft laws,draft laws,twitch,twitch,,,missing_slang|short_text|low_translation_confidence,mine_or_ignore_no_dictionary_match,5
2162,judas,judas,twitch,twitch,,,missing_slang|short_text|low_translation_confidence,mine_or_ignore_no_dictionary_match,5
2159,Truman,truman,twitch,twitch,,,missing_slang|short_text|low_translation_confidence,mine_or_ignore_no_dictionary_match,5
2155,river,river,twitch,twitch,,,missing_slang|short_text|low_translation_confidence,mine_or_ignore_no_dictionary_match,5
2153,anim al,anim al,twitch,twitch,,,missing_slang|short_text|low_translation_confidence,mine_or_ignore_no_dictionary_match,5
2151,doctor,doctor,twitch,twitch,,,missing_slang|short_text|low_translation_confidence,mine_or_ignore_no_dictionary_match,5
2180,thomas,thomas,twitch,twitch,,,missing_slang|short_text|low_translation_confidence,mine_or_ignore_no_dictionary_match,5
2179,thursday?,thursday,twitch,twitch,,,missing_slang|short_text|low_translation_confidence,mine_or_ignore_no_dictionary_match,5
2177,thimas,thimas,twitch,twitch,,,missing_slang|short_text|low_translation_confidence,mine_or_ignore_no_dictionary_match,5
2176,the,the,twitch,twitch,,,missing_slang|short_text|low_translation_confidence,mine_or_ignore_no_dictionary_match,5
2174,[Trivia] Hint: Th____,trivia hint th,twitch,twitch,,,missing_slang|short_text|low_translation_confidence,mine_or_ignore_no_dictionary_match,5
2173,dinner,dinner,twitch,twitch,,,missing_slang|short_text|low_translation_confidence,mine_or_ignore_no_dictionary_match,5
2172,table,table,twitch,twitch,,,missing_slang|short_text|low_translation_confidence,mine_or_ignore_no_dictionary_match,5
2171,Society,society,twitch,twitch,,,missing_slang|short_text|low_translation_confidence,mine_or_ignore_no_dictionary_match,5
3630,Streamer modCheck,streamer modcheck,twitch,twitch,,,missing_slang|short_text|low_translation_confidence,mine_or_ignore_no_dictionary_match,5
3629,"Hello, bitches. :)","hello, bitches",twitch,twitch,,,missing_slang|short_text|low_translation_confidence,mine_or_ignore_no_dictionary_match,5
3628,OhNowISee Tru,ohnowisee tru,twitch,twitch,,,missing_slang|short_text|low_translation_confidence,mine_or_ignore_no_dictionary_match,5
2170,letters,letters,twitch,twitch,,,missing_slang|short_text|low_translation_confidence,mine_or_ignore_no_dictionary_match,5
2169,James,james,twitch,twitch,,,missing_slang|short_text|low_translation_confidence,mine_or_ignore_no_dictionary_match,5
2168,Peter,peter,twitch,twitch,,,missing_slang|short_text|low_translation_confidence,mine_or_ignore_no_dictionary_match,5
2167,order,order,twitch,twitch,,,missing_slang|short_text|low_translation_confidence,mine_or_ignore_no_dictionary_match,5
2166,.......psalms,psalms,twitch,twitch,,,missing_slang|short_text|low_translation_confidence,mine_or_ignore_no_dictionary_match,5
2197,[Trivia] Hint: Yugo______,trivia hint yugo,twitch,twitch,,,missing_slang|short_text|low_translation_confidence,mine_or_ignore_no_dictionary_match,5
2196,Georgia,georgia,twitch,twitch,,,missing_slang|short_text|low_translation_confidence,mine_or_ignore_no_dictionary_match,5
2195,slovenia,slovenia,twitch,twitch,,,missing_slang|short_text|low_translation_confidence,mine_or_ignore_no_dictionary_match,5
2194,belarus,belarus,twitch,twitch,,,missing_slang|short_text|low_translation_confidence,mine_or_ignore_no_dictionary_match,5
2193,croatia,croatia,twitch,twitch,,,missing_slang|short_text|low_translation_confidence,mine_or_ignore_no_dictionary_match,5
2192,Japan,japan,twitch,twitch,,,missing_slang|short_text|low_translation_confidence,mine_or_ignore_no_dictionary_match,5
2191,CVhech,cvhech,twitch,twitch,,,missing_slang|short_text|low_translation_confidence,mine_or_ignore_no_dictionary_match,5
2190,russia,russia,twitch,twitch,,,missing_slang|short_text|low_translation_confidence,mine_or_ignore_no_dictionary_match,5
2189,romania,romania,twitch,twitch,,,missing_slang|short_text|low_translation_confidence,mine_or_ignore_no_dictionary_match,5
2188,lithuania,lithuania,twitch,twitch,,,missing_slang|short_text|low_translation_confidence,mine_or_ignore_no_dictionary_match,5
2187,ukraine,ukraine,twitch,twitch,,,missing_slang|short_text|low_translation_confidence,mine_or_ignore_no_dictionary_match,5
2222,hello sodaWAVE,hello sodawave,twitch,twitch,,,missing_slang|short_text|low_translation_confidence,mine_or_ignore_no_dictionary_match,5
2221,SLgeneration peepoWASH,slgeneration peepowash,twitch,twitch,,,missing_slang|short_text|low_translation_confidence,mine_or_ignore_no_dictionary_match,5
2219,sodaWave hello chatters,sodawave hello chatters,twitch,twitch,,,missing_slang|short_text|low_translation_confidence,mine_or_ignore_no_dictionary_match,5
2217,oh cmon,oh cmon,twitch,twitch,,,missing_slang|short_text|low_translation_confidence,mine_or_ignore_no_dictionary_match,5
2186,ledroy empiHop,ledroy empihop,twitch,twitch,,,missing_slang|short_text|low_translation_confidence,mine_or_ignore_no_dictionary_match,5
2184,great question,great question,twitch,twitch,,,missing_slang|short_text|low_translation_confidence,mine_or_ignore_no_dictionary_match,5
2183,WEtf,wetf,twitch,twitch,,,missing_slang|short_text|low_translation_confidence,mine_or_ignore_no_dictionary_match,5
2182,oh,oh,twitch,twitch,,,missing_slang|short_text|low_translation_confidence,mine_or_ignore_no_dictionary_match,5
2213,kangaskhan,kangaskhan,twitch,twitch,,,missing_slang|short_text|low_translation_confidence,mine_or_ignore_no_dictionary_match,5
2211,kangashkan,kangashkan,twitch,twitch,,,missing_slang|short_text|low_translation_confidence,mine_or_ignore_no_dictionary_match,5
2208,Fuxck you Fossbot,fuxck you fossbot,twitch,twitch,,,missing_slang|short_text|low_translation_confidence,mine_or_ignore_no_dictionary_match,5
2206,SteveShepard ( ° ͜ʖ͡°)╭∩╮,steveshepard,twitch,twitch,,,missing_slang|short_text|low_translation_confidence,mine_or_ignore_no_dictionary_match,5
2205,sodaTantrum shitty bot,sodatantrum shitty bot,twitch,twitch,,,missing_slang|short_text|low_translation_confidence,mine_or_ignore_no_dictionary_match,5
2204,is not TANTRUM,is not tantrum,twitch,twitch,,,missing_slang|short_text|low_translation_confidence,mine_or_ignore_no_dictionary_match,5
2202,yeah,yeah,twitch,twitch,,,missing_slang|short_text|low_translation_confidence,mine_or_ignore_no_dictionary_match,5
2198,yugoslavia,yugoslavia,twitch,twitch,,,missing_slang|short_text|low_translation_confidence,mine_or_ignore_no_dictionary_match,5
3648,"@VulpesHD, keepa ? PauseChamp",keepa ? pausechamp,twitch,twitch,,,missing_slang|short_text|low_translation_confidence,mine_or_ignore_no_dictionary_match,5
3638,LMFAO,lmfao,twitch,twitch,,,missing_slang|short_text|low_translation_confidence,mine_or_ignore_no_dictionary_match,5
117,yes radiantSip,yes radiantsip,twitch,twitch,,,missing_slang|short_text|low_translation_confidence,mine_or_ignore_no_dictionary_match,5
115,kromiaEZ 💿,kromiaez,twitch,twitch,,,missing_slang|short_text|low_translation_confidence,mine_or_ignore_no_dictionary_match,5
114,shyOhISee,shyohisee,twitch,twitch,,,missing_slang|short_text|low_translation_confidence,mine_or_ignore_no_dictionary_match,5
113,radiantSip,radiantsip,twitch,twitch,,,missing_slang|short_text|low_translation_confidence,mine_or_ignore_no_dictionary_match,5
111,peepo,peepo,twitch,twitch,,,missing_slang|short_text|low_translation_confidence,mine_or_ignore_no_dictionary_match,5
109,vulpes3Kiss,vulpes3kiss,twitch,twitch,,,missing_slang|short_text|low_translation_confidence,mine_or_ignore_no_dictionary_match,5
107,PANIC webs,panic webs,twitch,twitch,,,missing_slang|short_text|low_translation_confidence,mine_or_ignore_no_dictionary_match,5
2494,conair,conair,twitch,twitch,,,missing_slang|short_text|low_translation_confidence,mine_or_ignore_no_dictionary_match,5
2492,hasanabi,hasanabi,twitch,twitch,,,missing_slang|short_text|low_translation_confidence,mine_or_ignore_no_dictionary_match,5
2491,KKona Clap,kkona clap,twitch,twitch,,,missing_slang|short_text|low_translation_confidence,mine_or_ignore_no_dictionary_match,5
2489,Fox news,fox news,twitch,twitch,,,missing_slang|short_text|low_translation_confidence,mine_or_ignore_no_dictionary_match,5
2487,fox,fox,twitch,twitch,,,missing_slang|short_text|low_translation_confidence,mine_or_ignore_no_dictionary_match,5
2486,MSNBC,msnbc,twitch,twitch,,,missing_slang|short_text|low_translation_confidence,mine_or_ignore_no_dictionary_match,5
2223,nitrogen,nitrogen,twitch,twitch,,,missing_slang|short_text|low_translation_confidence,mine_or_ignore_no_dictionary_match,5
3658,poggerssss litttyyy,poggerss littyy,twitch,twitch,,,missing_slang|short_text|low_translation_confidence,mine_or_ignore_no_dictionary_match,5
3737,like computer parts?,like computer parts,twitch,twitch,,,missing_slang|short_text|low_translation_confidence,mine_or_ignore_no_dictionary_match,5
2485,cnn,cnn,twitch,twitch,,,missing_slang|short_text|low_translation_confidence,mine_or_ignore_no_dictionary_match,5
2483,Clarance,clarance,twitch,twitch,,,missing_slang|short_text|low_translation_confidence,mine_or_ignore_no_dictionary_match,5
2482,brian,brian,twitch,twitch,,,missing_slang|short_text|low_translation_confidence,mine_or_ignore_no_dictionary_match,5
2480,jaryd,jaryd,twitch,twitch,,,missing_slang|short_text|low_translation_confidence,mine_or_ignore_no_dictionary_match,5
2475,they are,they are,twitch,twitch,,,missing_slang|short_text|low_translation_confidence,mine_or_ignore_no_dictionary_match,5
2472,macaiyla?,macaiyla,twitch,twitch,,,missing_slang|short_text|low_translation_confidence,mine_or_ignore_no_dictionary_match,5
2471,pistachio,pistachio,twitch,twitch,,,missing_slang|short_text|low_translation_confidence,mine_or_ignore_no_dictionary_match,5
2470,macadamia,macadamia,twitch,twitch,,,missing_slang|short_text|low_translation_confidence,mine_or_ignore_no_dictionary_match,5
2245,pearl harbor,pearl harbor,twitch,twitch,,,missing_slang|short_text|low_translation_confidence,mine_or_ignore_no_dictionary_match,5
2244,12,12,twitch,twitch,,,missing_slang|short_text|low_translation_confidence,mine_or_ignore_no_dictionary_match,5
2243,pearl harbort,pearl harbort,twitch,twitch,,,missing_slang|short_text|low_translation_confidence,mine_or_ignore_no_dictionary_match,5
2498,Classic movie tbh,classic movie tbh,twitch,twitch,,,missing_slang|short_text|low_translation_confidence,mine_or_ignore_no_dictionary_match,5
3653,PepeLaugh sweden EU,pepelaugh sweden eu,twitch,twitch,,,missing_slang|short_text|low_translation_confidence,mine_or_ignore_no_dictionary_match,5
3650,@kjones086 hagglezon,hagglezon,twitch,twitch,,,missing_slang|short_text|low_translation_confidence,mine_or_ignore_no_dictionary_match,5
2272,bassenette,bassenette,twitch,twitch,,,missing_slang|short_text|low_translation_confidence,mine_or_ignore_no_dictionary_match,5
2239,Donald Trump,donald trump,twitch,twitch,,,missing_slang|short_text|low_translation_confidence,mine_or_ignore_no_dictionary_match,5
2237,darth vader,darth vader,twitch,twitch,,,missing_slang|short_text|low_translation_confidence,mine_or_ignore_no_dictionary_match,5
2236,@Nacchikins sodaLurk ello,sodalurk ello,twitch,twitch,,,missing_slang|short_text|low_translation_confidence,mine_or_ignore_no_dictionary_match,5
2235,president,president,twitch,twitch,,,missing_slang|short_text|low_translation_confidence,mine_or_ignore_no_dictionary_match,5
2234,obi won kenobi,obi won kenobi,twitch,twitch,,,missing_slang|short_text|low_translation_confidence,mine_or_ignore_no_dictionary_match,5
2233,jean paul,jean paul,twitch,twitch,,,missing_slang|short_text|low_translation_confidence,mine_or_ignore_no_dictionary_match,5
2231,xqcL bank busta,xqcl bank busta,twitch,twitch,,,missing_slang|short_text|low_translation_confidence,mine_or_ignore_no_dictionary_match,5
2260,basenett,basenett,twitch,twitch,,,missing_slang|short_text|low_translation_confidence,mine_or_ignore_no_dictionary_match,5
2257,bassenet,bassenet,twitch,twitch,,,missing_slang|short_text|low_translation_confidence,mine_or_ignore_no_dictionary_match,5
2253,elisOmega,elisomega,twitch,twitch,,,missing_slang|short_text|low_translation_confidence,mine_or_ignore_no_dictionary_match,5
2250,24,24,twitch,twitch,,,missing_slang|short_text|low_translation_confidence,mine_or_ignore_no_dictionary_match,5
3682,!lines,lines,twitch,twitch,,,missing_slang|short_text|low_translation_confidence,mine_or_ignore_no_dictionary_match,5
3679,xino AYAYAY nice,xino ayayay nice,twitch,twitch,,,missing_slang|short_text|low_translation_confidence,mine_or_ignore_no_dictionary_match,5
3677,no swedish option,no swedish option,twitch,twitch,,,missing_slang|short_text|low_translation_confidence,mine_or_ignore_no_dictionary_match,5
3675,https://7tv.app/emotes/60fb3c105b7deb3de0233db8 or Hmm https://7tv.app/emotes/60e22371dac155e3660497ba,or hmm,twitch,twitch,,,missing_slang|short_text|low_translation_confidence,mine_or_ignore_no_dictionary_match,5
3727,DatSheffy,datsheffy,twitch,twitch,,,missing_slang|short_text|low_translation_confidence,mine_or_ignore_no_dictionary_match,5
3707,I refuse. :),i refuse,twitch,twitch,,,missing_slang|short_text|low_translation_confidence,mine_or_ignore_no_dictionary_match,5
3700,FeelsDankMan ok dud,feelsdankman ok dud,twitch,twitch,,,missing_slang|short_text|low_translation_confidence,mine_or_ignore_no_dictionary_match,5
3699,ElNoSabe,elnosabe,twitch,twitch,,,missing_slang|short_text|low_translation_confidence,mine_or_ignore_no_dictionary_match,5
2468,macademia,macademia,twitch,twitch,,,missing_slang|short_text|low_translation_confidence,mine_or_ignore_no_dictionary_match,5
2467,peanut,peanut,twitch,twitch,,,missing_slang|short_text|low_translation_confidence,mine_or_ignore_no_dictionary_match,5
2466,Almond,almond,twitch,twitch,,,missing_slang|short_text|low_translation_confidence,mine_or_ignore_no_dictionary_match,5
2465,cashew,cashew,twitch,twitch,,,missing_slang|short_text|low_translation_confidence,mine_or_ignore_no_dictionary_match,5
2464,walnut,walnut,twitch,twitch,,,missing_slang|short_text|low_translation_confidence,mine_or_ignore_no_dictionary_match,5
2461,switzerland,switzerland,twitch,twitch,,,missing_slang|short_text|low_translation_confidence,mine_or_ignore_no_dictionary_match,5
2459,orphan blacvk,orphan blacvk,twitch,twitch,,,missing_slang|short_text|low_translation_confidence,mine_or_ignore_no_dictionary_match,5
2458,orphan annie,orphan annie,twitch,twitch,,,missing_slang|short_text|low_translation_confidence,mine_or_ignore_no_dictionary_match,5
2456,Orphan Black,orphan black,twitch,twitch,,,missing_slang|short_text|low_translation_confidence,mine_or_ignore_no_dictionary_match,5
2454,[Trivia] Hint: Orph__ _____,trivia hint orph,twitch,twitch,,,missing_slang|short_text|low_translation_confidence,mine_or_ignore_no_dictionary_match,5
2277,madrid,madrid,twitch,twitch,,,missing_slang|short_text|low_translation_confidence,mine_or_ignore_no_dictionary_match,5
2274,PogChamp Clap,pogchamp clap,twitch,twitch,,,missing_slang|short_text|low_translation_confidence,mine_or_ignore_no_dictionary_match,5
2301,insicive,insicive,twitch,twitch,,,missing_slang|short_text|low_translation_confidence,mine_or_ignore_no_dictionary_match,5
2270,bassanet,bassanet,twitch,twitch,,,missing_slang|short_text|low_translation_confidence,mine_or_ignore_no_dictionary_match,5
2269,[Trivia] Hint: bass______,trivia hint bass,twitch,twitch,,,missing_slang|short_text|low_translation_confidence,mine_or_ignore_no_dictionary_match,5
2268,guess not,guess not,twitch,twitch,,,missing_slang|short_text|low_translation_confidence,mine_or_ignore_no_dictionary_match,5
2265,bassseeeeneett,basseeneett,twitch,twitch,,,missing_slang|short_text|low_translation_confidence,mine_or_ignore_no_dictionary_match,5
2262,landau,landau,twitch,twitch,,,missing_slang|short_text|low_translation_confidence,mine_or_ignore_no_dictionary_match,5
2293,slam the fart,slam the fart,twitch,twitch,,,missing_slang|short_text|low_translation_confidence,mine_or_ignore_no_dictionary_match,5
2290,shit,shit,twitch,twitch,,,missing_slang|short_text|low_translation_confidence,mine_or_ignore_no_dictionary_match,5
2287,breath,breath,twitch,twitch,,,missing_slang|short_text|low_translation_confidence,mine_or_ignore_no_dictionary_match,5
2285,walk,walk,twitch,twitch,,,missing_slang|short_text|low_translation_confidence,mine_or_ignore_no_dictionary_match,5
2283,Sandy Ego huh,sandy ego huh,twitch,twitch,,,missing_slang|short_text|low_translation_confidence,mine_or_ignore_no_dictionary_match,5
2280,San Diego,san diego,twitch,twitch,,,missing_slang|short_text|low_translation_confidence,mine_or_ignore_no_dictionary_match,5
2279,lisbon,lisbon,twitch,twitch,,,missing_slang|short_text|low_translation_confidence,mine_or_ignore_no_dictionary_match,5
2278,New York City,new york city,twitch,twitch,,,missing_slang|short_text|low_translation_confidence,mine_or_ignore_no_dictionary_match,5
2249,december 7,december 7,twitch,twitch,,,missing_slang|short_text|low_translation_confidence,mine_or_ignore_no_dictionary_match,5
3733,@Nacchikins not always,not always,twitch,twitch,,,missing_slang|short_text|low_translation_confidence,mine_or_ignore_no_dictionary_match,5
2311,KPOPcheer,kpopcheer,twitch,twitch,,,missing_slang|short_text|low_translation_confidence,mine_or_ignore_no_dictionary_match,5
2435,me :),me,twitch,twitch,,,missing_slang|short_text|low_translation_confidence,mine_or_ignore_no_dictionary_match,5
2433,kennedy,kennedy,twitch,twitch,,,missing_slang|short_text|low_translation_confidence,mine_or_ignore_no_dictionary_match,5
2432,jfk,jfk,twitch,twitch,,,missing_slang|short_text|low_translation_confidence,mine_or_ignore_no_dictionary_match,5
2427,marianne awdjawjad,marianne awdjawjad,twitch,twitch,,,missing_slang|short_text|low_translation_confidence,mine_or_ignore_no_dictionary_match,5
2451,forsenS brains,forsens brains,twitch,twitch,,,missing_slang|short_text|low_translation_confidence,mine_or_ignore_no_dictionary_match,5
2448,peepoS brains?,peepos brains,twitch,twitch,,,missing_slang|short_text|low_translation_confidence,mine_or_ignore_no_dictionary_match,5
2445,sodaMONK french,sodamonk french,twitch,twitch,,,missing_slang|short_text|low_translation_confidence,mine_or_ignore_no_dictionary_match,5
2444,DansGame,dansgame,twitch,twitch,,,missing_slang|short_text|low_translation_confidence,mine_or_ignore_no_dictionary_match,5
2442,liver,liver,twitch,twitch,,,missing_slang|short_text|low_translation_confidence,mine_or_ignore_no_dictionary_match,5
2440,brain,brain,twitch,twitch,,,missing_slang|short_text|low_translation_confidence,mine_or_ignore_no_dictionary_match,5
2309,twice,twice,twitch,twitch,,,missing_slang|short_text|low_translation_confidence,mine_or_ignore_no_dictionary_match,5
2308,blackpink,blackpink,twitch,twitch,,,missing_slang|short_text|low_translation_confidence,mine_or_ignore_no_dictionary_match,5
2307,HAPPIES sodaSit,happies sodasit,twitch,twitch,,,missing_slang|short_text|low_translation_confidence,mine_or_ignore_no_dictionary_match,5
2304,incisor,incisor,twitch,twitch,,,missing_slang|short_text|low_translation_confidence,mine_or_ignore_no_dictionary_match,5
2303,insizors,insizors,twitch,twitch,,,missing_slang|short_text|low_translation_confidence,mine_or_ignore_no_dictionary_match,5
3764,i'm dumb,i'm dumb,twitch,twitch,,,missing_slang|short_text|low_translation_confidence,mine_or_ignore_no_dictionary_match,5
3753,sodaMad,sodamad,twitch,twitch,,,missing_slang|short_text|low_translation_confidence,mine_or_ignore_no_dictionary_match,5
3752,HYPERMADGE,hypermadge,twitch,twitch,,,missing_slang|short_text|low_translation_confidence,mine_or_ignore_no_dictionary_match,5
3744,!randomquote xinitoro,randomquote xinitoro,twitch,twitch,,,missing_slang|short_text|low_translation_confidence,mine_or_ignore_no_dictionary_match,5
3740,!randomquote,randomquote,twitch,twitch,,,missing_slang|short_text|low_translation_confidence,mine_or_ignore_no_dictionary_match,5
3738,hardware?,hardware,twitch,twitch,,,missing_slang|short_text|low_translation_confidence,mine_or_ignore_no_dictionary_match,5
3800,KKonaW,kkonaw,twitch,twitch,,,missing_slang|short_text|low_translation_confidence,mine_or_ignore_no_dictionary_match,5
2298,incisive,incisive,twitch,twitch,,,missing_slang|short_text|low_translation_confidence,mine_or_ignore_no_dictionary_match,5
2297,ivory,ivory,twitch,twitch,,,missing_slang|short_text|low_translation_confidence,mine_or_ignore_no_dictionary_match,5
2296,HAPPIES,happies,twitch,twitch,,,missing_slang|short_text|low_translation_confidence,mine_or_ignore_no_dictionary_match,5
2295,molar,molar,twitch,twitch,,,missing_slang|short_text|low_translation_confidence,mine_or_ignore_no_dictionary_match,5
2294,calcium,calcium,twitch,twitch,,,missing_slang|short_text|low_translation_confidence,mine_or_ignore_no_dictionary_match,5
2321,jordisSmile Thats me,jordissmile thats me,twitch,twitch,,,missing_slang|short_text|low_translation_confidence,mine_or_ignore_no_dictionary_match,5
2320,kpop stans NAMMERSINCHAT,kpop stans nammersinchat,twitch,twitch,,,missing_slang|short_text|low_translation_confidence,mine_or_ignore_no_dictionary_match,5
2314,jordisSmile 👍,jordissmile,twitch,twitch,,,missing_slang|short_text|low_translation_confidence,mine_or_ignore_no_dictionary_match,5
2313,vikito2Sit HAPPIES sodaSit,vikito2sit happies sodasit,twitch,twitch,,,missing_slang|short_text|low_translation_confidence,mine_or_ignore_no_dictionary_match,5
2426,marianne faithfull,marianne faithfull,twitch,twitch,,,missing_slang|short_text|low_translation_confidence,mine_or_ignore_no_dictionary_match,5
2424,marianne,marianne,twitch,twitch,,,missing_slang|short_text|low_translation_confidence,mine_or_ignore_no_dictionary_match,5
2423,mariana grande,mariana grande,twitch,twitch,,,missing_slang|short_text|low_translation_confidence,mine_or_ignore_no_dictionary_match,5
2422,Hunt,hunt,twitch,twitch,,,missing_slang|short_text|low_translation_confidence,mine_or_ignore_no_dictionary_match,5
2421,[Trivia] Hint: Marian__ _________,trivia hint marian,twitch,twitch,,,missing_slang|short_text|low_translation_confidence,mine_or_ignore_no_dictionary_match,5
2420,mcgonagall,mcgonagall,twitch,twitch,,,missing_slang|short_text|low_translation_confidence,mine_or_ignore_no_dictionary_match,5
2419,Mel b,mel b,twitch,twitch,,,missing_slang|short_text|low_translation_confidence,mine_or_ignore_no_dictionary_match,5
2418,Judi dench,judi dench,twitch,twitch,,,missing_slang|short_text|low_translation_confidence,mine_or_ignore_no_dictionary_match,5
2417,elizabeth hurley,elizabeth hurley,twitch,twitch,,,missing_slang|short_text|low_translation_confidence,mine_or_ignore_no_dictionary_match,5
2413,thatcher,thatcher,twitch,twitch,,,missing_slang|short_text|low_translation_confidence,mine_or_ignore_no_dictionary_match,5
2412,adelle,adelle,twitch,twitch,,,missing_slang|short_text|low_translation_confidence,mine_or_ignore_no_dictionary_match,5
2411,adele,adele,twitch,twitch,,,missing_slang|short_text|low_translation_confidence,mine_or_ignore_no_dictionary_match,5
2409,vitamin,vitamin,twitch,twitch,,,missing_slang|short_text|low_translation_confidence,mine_or_ignore_no_dictionary_match,5
2408,vitamins,vitamins,twitch,twitch,,,missing_slang|short_text|low_translation_confidence,mine_or_ignore_no_dictionary_match,5
2406,value,value,twitch,twitch,,,missing_slang|short_text|low_translation_confidence,mine_or_ignore_no_dictionary_match,5
2300,canine,canine,twitch,twitch,,,missing_slang|short_text|low_translation_confidence,mine_or_ignore_no_dictionary_match,5
2367,sodaSUFFER,sodasuffer,twitch,twitch,,,missing_slang|short_text|low_translation_confidence,mine_or_ignore_no_dictionary_match,5
2341,sperm,sperm,twitch,twitch,,,missing_slang|short_text|low_translation_confidence,mine_or_ignore_no_dictionary_match,5
2340,God,god,twitch,twitch,,,missing_slang|short_text|low_translation_confidence,mine_or_ignore_no_dictionary_match,5
2339,fetus,fetus,twitch,twitch,,,missing_slang|short_text|low_translation_confidence,mine_or_ignore_no_dictionary_match,5
2338,baby,baby,twitch,twitch,,,missing_slang|short_text|low_translation_confidence,mine_or_ignore_no_dictionary_match,5
2337,Nick Jonas,nick jonas,twitch,twitch,,,missing_slang|short_text|low_translation_confidence,mine_or_ignore_no_dictionary_match,5
2336,child,child,twitch,twitch,,,missing_slang|short_text|low_translation_confidence,mine_or_ignore_no_dictionary_match,5
2335,john f kennedy,john f kennedy,twitch,twitch,,,missing_slang|short_text|low_translation_confidence,mine_or_ignore_no_dictionary_match,5
2334,qxcL,qxcl,twitch,twitch,,,missing_slang|short_text|low_translation_confidence,mine_or_ignore_no_dictionary_match,5
2333,minecrafter,minecrafter,twitch,twitch,,,missing_slang|short_text|low_translation_confidence,mine_or_ignore_no_dictionary_match,5
2332,ok trivia,ok trivia,twitch,twitch,,,missing_slang|short_text|low_translation_confidence,mine_or_ignore_no_dictionary_match,5
2331,juicer,juicer,twitch,twitch,,,missing_slang|short_text|low_translation_confidence,mine_or_ignore_no_dictionary_match,5
2327,happythoWave,happythowave,twitch,twitch,,,missing_slang|short_text|low_translation_confidence,mine_or_ignore_no_dictionary_match,5
2326,@Vikitorusss vulpes3Dance,vulpes3dance,twitch,twitch,,,missing_slang|short_text|low_translation_confidence,mine_or_ignore_no_dictionary_match,5
2356,grease,grease,twitch,twitch,,,missing_slang|short_text|low_translation_confidence,mine_or_ignore_no_dictionary_match,5
2355,Nashville,nashville,twitch,twitch,,,missing_slang|short_text|low_translation_confidence,mine_or_ignore_no_dictionary_match,5
3851,🥺 strim? WatchingStream,strim? watchingstream,twitch,twitch,,,missing_slang|short_text|low_translation_confidence,mine_or_ignore_no_dictionary_match,5
2384,campire,campire,twitch,twitch,,,missing_slang|short_text|low_translation_confidence,mine_or_ignore_no_dictionary_match,5
2382,vampire,vampire,twitch,twitch,,,missing_slang|short_text|low_translation_confidence,mine_or_ignore_no_dictionary_match,5
2379,nevermind,nevermind,twitch,twitch,,,missing_slang|short_text|low_translation_confidence,mine_or_ignore_no_dictionary_match,5
2376,Don Shulla,don shulla,twitch,twitch,,,missing_slang|short_text|low_translation_confidence,mine_or_ignore_no_dictionary_match,5
2375,don julio,don julio,twitch,twitch,,,missing_slang|short_text|low_translation_confidence,mine_or_ignore_no_dictionary_match,5
2374,don marino,don marino,twitch,twitch,,,missing_slang|short_text|low_translation_confidence,mine_or_ignore_no_dictionary_match,5
3840,licorice,licorice,twitch,twitch,,,missing_slang|short_text|low_translation_confidence,mine_or_ignore_no_dictionary_match,5
3839,fuuu,fuu,twitch,twitch,,,missing_slang|short_text|low_translation_confidence,mine_or_ignore_no_dictionary_match,5
3834,podgorica,podgorica,twitch,twitch,,,missing_slang|short_text|low_translation_confidence,mine_or_ignore_no_dictionary_match,5
3833,Podesto,podesto,twitch,twitch,,,missing_slang|short_text|low_translation_confidence,mine_or_ignore_no_dictionary_match,5
3831,[Trivia] Hint: Pod______,trivia hint pod,twitch,twitch,,,missing_slang|short_text|low_translation_confidence,mine_or_ignore_no_dictionary_match,5
3852,donor,donor,twitch,twitch,,,missing_slang|short_text|low_translation_confidence,mine_or_ignore_no_dictionary_match,5
2354,see ya sodaWAVE,see ya sodawave,twitch,twitch,,,missing_slang|short_text|low_translation_confidence,mine_or_ignore_no_dictionary_match,5
3795,@SteveShepard x2 NOTED okay,x2 noted okay,twitch,twitch,,,missing_slang|short_text|low_translation_confidence,mine_or_ignore_no_dictionary_match,5
3794,sodaNOTE,sodanote,twitch,twitch,,,missing_slang|short_text|low_translation_confidence,mine_or_ignore_no_dictionary_match,5
3806,The chest,the chest,twitch,twitch,,,missing_slang|short_text|low_translation_confidence,mine_or_ignore_no_dictionary_match,5
3804,throat,throat,twitch,twitch,,,missing_slang|short_text|low_translation_confidence,mine_or_ignore_no_dictionary_match,5
2364,peepoCoffee,peepocoffee,twitch,twitch,,,missing_slang|short_text|low_translation_confidence,mine_or_ignore_no_dictionary_match,5
2358,memphis,memphis,twitch,twitch,,,missing_slang|short_text|low_translation_confidence,mine_or_ignore_no_dictionary_match,5
2404,neptune,neptune,twitch,twitch,,,missing_slang|short_text|low_translation_confidence,mine_or_ignore_no_dictionary_match,5
2402,venus,venus,twitch,twitch,,,missing_slang|short_text|low_translation_confidence,mine_or_ignore_no_dictionary_match,5
2401,mars,mars,twitch,twitch,,,missing_slang|short_text|low_translation_confidence,mine_or_ignore_no_dictionary_match,5
2400,jupiter,jupiter,twitch,twitch,,,missing_slang|short_text|low_translation_confidence,mine_or_ignore_no_dictionary_match,5
2399,SpeedL wow SpeedR,speedl wow speedr,twitch,twitch,,,missing_slang|short_text|low_translation_confidence,mine_or_ignore_no_dictionary_match,5
2398,sun,sun,twitch,twitch,,,missing_slang|short_text|low_translation_confidence,mine_or_ignore_no_dictionary_match,5
2395,moon24,moon24,twitch,twitch,,,missing_slang|short_text|low_translation_confidence,mine_or_ignore_no_dictionary_match,5
2393,hoSway Clap,hosway clap,twitch,twitch,,,missing_slang|short_text|low_translation_confidence,mine_or_ignore_no_dictionary_match,5
2391,antebellum,antebellum,twitch,twitch,,,missing_slang|short_text|low_translation_confidence,mine_or_ignore_no_dictionary_match,5
2389,moon23 hoSway,moon23 hosway,twitch,twitch,,,missing_slang|short_text|low_translation_confidence,mine_or_ignore_no_dictionary_match,5
2388,moon21 moon22,moon21 moon22,twitch,twitch,,,missing_slang|short_text|low_translation_confidence,mine_or_ignore_no_dictionary_match,5
2387,camp vampire,camp vampire,twitch,twitch,,,missing_slang|short_text|low_translation_confidence,mine_or_ignore_no_dictionary_match,5
3829,I dont know shit about Montenegro wtf,i dont know shit about montenegro wtf,twitch,twitch,,,missing_slang|low_translation_confidence,mine_or_ignore_no_dictionary_match,4
3827,[Trivia] The official residence of the President of Montenegro is in the old royal capital city of Cetinje but the official capital is this city that was known as Titograd from 1946 to 1992,trivia the official residence of the president of montenegro is in the old royal capital city of cetinje but the official capital is this city that was known as titograd from 1946 to 1992,twitch,twitch,,,missing_slang|low_translation_confidence,mine_or_ignore_no_dictionary_match,4
24,“You guys are the main characters“,you guys are the main characters,urban_dictionary,local_urban_dictionary_api,,,missing_slang|low_translation_confidence,mine_or_ignore_no_dictionary_match,4
3805,KKonaW hell yea brother,kkonaw hell yea brother,twitch,twitch,,,missing_slang|low_translation_confidence,mine_or_ignore_no_dictionary_match,4
3797,"@Xinitoro, not the kanji FeelsDankMan",not the kanji feelsdankman,twitch,twitch,,,missing_slang|low_translation_confidence,mine_or_ignore_no_dictionary_match,4
2396,[Trivia] At its brightest it can be seen in daylight,trivia at its brightest it can be seen in daylight,twitch,twitch,,,missing_slang|low_translation_confidence,mine_or_ignore_no_dictionary_match,4
2394,"God god, some of you know some weeby shit LULW","god god, some of you know some weeby shit lulw",twitch,twitch,,,missing_slang|low_translation_confidence,mine_or_ignore_no_dictionary_match,4
2390,"[Trivia] The ""Lady"" in this group that won 5 2010 ACM Awards is Hillary Scott, daughter of country singer Linda Davis","trivia the lady in this group that won 5 2010 acm awards is hillary scott, daughter of country singer linda davis",twitch,twitch,,,missing_slang|low_translation_confidence,mine_or_ignore_no_dictionary_match,4
2380,what kind of name is that,what kind of name is that,twitch,twitch,,,missing_slang|low_translation_confidence,mine_or_ignore_no_dictionary_match,4
2378,oh you had it,oh you had it,twitch,twitch,,,missing_slang|low_translation_confidence,mine_or_ignore_no_dictionary_match,4
3844,stuck in native language OMEGALULiguess,stuck in native language omegaluliguess,twitch,twitch,,,missing_slang|low_translation_confidence,mine_or_ignore_no_dictionary_match,4
3842,god dammit I cant type fast enough,god dammit i cant type fast enough,twitch,twitch,,,missing_slang|low_translation_confidence,mine_or_ignore_no_dictionary_match,4
3838,[Trivia] Herbs anise & fennel resemble the flavor of this common black candy,trivia herbs anise fennel resemble the flavor of this common black candy,twitch,twitch,,,missing_slang|low_translation_confidence,mine_or_ignore_no_dictionary_match,4
3792,"VulpesHD, do you know the idealo website PauseChamp price comp","vulpeshd, do you know the idealo website pausechamp price comp",twitch,twitch,,,missing_slang|low_translation_confidence,mine_or_ignore_no_dictionary_match,4
3790,brian6932 NOTED i wouldn't be able to read that,brian6932 noted i wouldn't be able to read that,twitch,twitch,,,missing_slang|low_translation_confidence,mine_or_ignore_no_dictionary_match,4
3782,anyway I said I was gonna eat like 2 hours ago peepoLeave,anyway i said i was gonna eat like 2 hours ago peepoleave,twitch,twitch,,,missing_slang|low_translation_confidence,mine_or_ignore_no_dictionary_match,4
45,All i see is opps in here,all i see is opps in here,urban_dictionary,local_urban_dictionary_api,,,missing_slang|low_translation_confidence,mine_or_ignore_no_dictionary_match,4
3780,sodaHmm nevermind them xino,sodahmm nevermind them xino,twitch,twitch,,,missing_slang|low_translation_confidence,mine_or_ignore_no_dictionary_match,4
3777,"The nicknames reset when people change na,es","the nicknames reset when people change na,es",twitch,twitch,,,missing_slang|low_translation_confidence,mine_or_ignore_no_dictionary_match,4
3772,so back to lousy schedule,so back to lousy schedule,twitch,twitch,,,missing_slang|low_translation_confidence,mine_or_ignore_no_dictionary_match,4
3769,but he might have been kept up all night by Buddy just like Nick,but he might have been kept up all night by buddy just like nick,twitch,twitch,,,missing_slang|low_translation_confidence,mine_or_ignore_no_dictionary_match,4
2410,[Trivia] She's the distinctive British voice heard here,trivia she's the distinctive british voice heard here,twitch,twitch,,,missing_slang|low_translation_confidence,mine_or_ignore_no_dictionary_match,4
2330,[Trivia] He's the youngest,trivia he's the youngest,twitch,twitch,,,missing_slang|low_translation_confidence,mine_or_ignore_no_dictionary_match,4
2328,sodaTantrum go live soda sodaTantrum go live soda sodaTantrum go live soda sodaTantrum go live soda sodaTantrum go live soda,sodatantrum go live soda sodatantrum go live soda sodatantrum go live soda sodatantrum go live soda sodatantrum go live soda,twitch,twitch,,,missing_slang|low_translation_confidence,mine_or_ignore_no_dictionary_match,4
2353,What wtf was that question,what wtf was that question,twitch,twitch,,,missing_slang|low_translation_confidence,mine_or_ignore_no_dictionary_match,4
2351,Yo guys have a good day FeelsOkayMan 👋 Later,yo guys have a good day feelsokayman later,twitch,twitch,,,missing_slang|low_translation_confidence,mine_or_ignore_no_dictionary_match,4
2350,the youngest of what,the youngest of what,twitch,twitch,,,missing_slang|low_translation_confidence,mine_or_ignore_no_dictionary_match,4
2372,I was in my Dad's ballsack WeirdCHamp q,i was in my dad's ballsack weirdchamp q,twitch,twitch,,,missing_slang|low_translation_confidence,mine_or_ignore_no_dictionary_match,4
2363,Sussy it is sussy,sussy it is sussy,twitch,twitch,,,missing_slang|low_translation_confidence,mine_or_ignore_no_dictionary_match,4
2362,"I don't, I know Tennessee","i don't, i know tennessee",twitch,twitch,,,missing_slang|low_translation_confidence,mine_or_ignore_no_dictionary_match,4
2361,Susge you know musicals,susge you know musicals,twitch,twitch,,,missing_slang|low_translation_confidence,mine_or_ignore_no_dictionary_match,4
2359,like a photo or category,like a photo or category,twitch,twitch,,,missing_slang|low_translation_confidence,mine_or_ignore_no_dictionary_match,4
2405,"[Trivia] On the FDA Nutrition Facts food label,the abbreviation “DV” stands for “daily” what?","trivia on the fda nutrition facts food label,the abbreviation dv stands for daily what",twitch,twitch,,,missing_slang|low_translation_confidence,mine_or_ignore_no_dictionary_match,4
3768,apparently flippie had contact with xini,apparently flippie had contact with xini,twitch,twitch,,,missing_slang|low_translation_confidence,mine_or_ignore_no_dictionary_match,4
3762,did u unfollow me bobo??,did u unfollow me bobo,twitch,twitch,,,missing_slang|low_translation_confidence,mine_or_ignore_no_dictionary_match,4
3760,you will tho @Xinitoro It's not kanji,you will tho it's not kanji,twitch,twitch,,,missing_slang|low_translation_confidence,mine_or_ignore_no_dictionary_match,4
3757,brian6932 peepoPog i won't understand a thing,brian6932 peepopog i won't understand a thing,twitch,twitch,,,missing_slang|low_translation_confidence,mine_or_ignore_no_dictionary_match,4
3751,"@Xinitoro, the test command is in Japanese now AYAYA",the test command is in japanese now ayaya,twitch,twitch,,,missing_slang|low_translation_confidence,mine_or_ignore_no_dictionary_match,4
63,"""Mamma, life had just begun, but now I've gone and thrown it all away..."" Beautiful.","mamma, life had just begun, but now i've gone and thrown it all away. beautiful",urban_dictionary,local_urban_dictionary_api,,,missing_slang|low_translation_confidence,mine_or_ignore_no_dictionary_match,4
2318,vikito2Sit SantaHat TouchGrass SnowTime sodaSit SantaHat TouchGrass SnowTime Nacchikins,vikito2sit santahat touchgrass snowtime sodasit santahat touchgrass snowtime nacchikins,twitch,twitch,,,missing_slang|low_translation_confidence,mine_or_ignore_no_dictionary_match,4
2317,LULW kpop guy LULW,lulw kpop guy lulw,twitch,twitch,,,missing_slang|low_translation_confidence,mine_or_ignore_no_dictionary_match,4
2316,vikito2Sit SantaHat TouchGrass SnowTime sodaSit SantaHat TouchGrass SnowTime alsobuoyant,vikito2sit santahat touchgrass snowtime sodasit santahat touchgrass snowtime alsobuoyant,twitch,twitch,,,missing_slang|low_translation_confidence,mine_or_ignore_no_dictionary_match,4
2315,you know kpop Susge,you know kpop susge,twitch,twitch,,,missing_slang|low_translation_confidence,mine_or_ignore_no_dictionary_match,4
2312,we found the kpop guy,we found the kpop guy,twitch,twitch,,,missing_slang|low_translation_confidence,mine_or_ignore_no_dictionary_match,4
2437,also in a Metallica song,also in a metallica song,twitch,twitch,,,missing_slang|low_translation_confidence,mine_or_ignore_no_dictionary_match,4
2436,she was Mick Jagger's girlfriend,she was mick jagger's girlfriend,twitch,twitch,,,missing_slang|low_translation_confidence,mine_or_ignore_no_dictionary_match,4
2429,lmao I thought the same thing @GTokie sodaOmega,lmao i thought the same thing sodaomega,twitch,twitch,,,missing_slang|low_translation_confidence,mine_or_ignore_no_dictionary_match,4
2425,[Trivia] @brockovitch marianne is close. [Similarity: 61%],trivia marianne is close. similarity 61,twitch,twitch,,,missing_slang|low_translation_confidence,mine_or_ignore_no_dictionary_match,4
59,"""Cool story, bro.""","cool story, bro",urban_dictionary,local_urban_dictionary_api,bro,cool,short_text|contains_unknown_terms,review_unknown_terms,4
3747,"@Xinitoro, Really wasn't ayaya AYAYAWeird",really wasn't ayaya ayayaweird,twitch,twitch,,,missing_slang|low_translation_confidence,mine_or_ignore_no_dictionary_match,4
3745,[2021-08-11 00:38:47 UTC] xinitoro: @billy6666 sodaLove *****,2021-08-11 00 38 47 utc xinitoro sodalove,twitch,twitch,,,missing_slang|low_translation_confidence,mine_or_ignore_no_dictionary_match,4
3742,[2021-04-13 00:11:20 UTC] xinitoro: nah that wasn't really ayaya,2021-04-13 00 11 20 utc xinitoro nah that wasn't really ayaya,twitch,twitch,,,missing_slang|low_translation_confidence,mine_or_ignore_no_dictionary_match,4
3735,sometimes its worth when something is on huge discount,sometimes its worth when something is on huge discount,twitch,twitch,,,missing_slang|low_translation_confidence,mine_or_ignore_no_dictionary_match,4
2453,we'll eat you all,we'll eat you all,twitch,twitch,,,missing_slang|low_translation_confidence,mine_or_ignore_no_dictionary_match,4
2452,Susge french people are actually zombies,susge french people are actually zombies,twitch,twitch,,,missing_slang|low_translation_confidence,mine_or_ignore_no_dictionary_match,4
2446,[Trivia] Until 1784 music out of his city had the Fort Nashborough sound,trivia until 1784 music out of his city had the fort nashborough sound,twitch,twitch,,,missing_slang|low_translation_confidence,mine_or_ignore_no_dictionary_match,4
2443,it does make us smarter,it does make us smarter,twitch,twitch,,,missing_slang|low_translation_confidence,mine_or_ignore_no_dictionary_match,4
2438,"[Trivia] When the French eat this organ, they call it cervelle (wonder if it makes them smarter?)","trivia when the french eat this organ, they call it cervelle wonder if it makes them smarter",twitch,twitch,,,missing_slang|low_translation_confidence,mine_or_ignore_no_dictionary_match,4
2299,[Trivia] @nacchikins incisive is close. [Similarity: 57%],trivia incisive is close. similarity 57,twitch,twitch,,,missing_slang|low_translation_confidence,mine_or_ignore_no_dictionary_match,4
2325,vikito2Sit SantaHat TouchGrass SnowTime sodaSit SantaHat TouchGrass SnowTime exepir,vikito2sit santahat touchgrass snowtime sodasit santahat touchgrass snowtime exepir,twitch,twitch,,,missing_slang|low_translation_confidence,mine_or_ignore_no_dictionary_match,4
2324,catKISS2 TouchGrass SnowTime  Vikitorusss,catkiss2 touchgrass snowtime vikitoruss,twitch,twitch,,,missing_slang|low_translation_confidence,mine_or_ignore_no_dictionary_match,4
2323,vikito2Sit SantaHat TouchGrass SnowTime sodaSit SantaHat TouchGrass SnowTime DivideByNone,vikito2sit santahat touchgrass snowtime sodasit santahat touchgrass snowtime dividebynone,twitch,twitch,,,missing_slang|low_translation_confidence,mine_or_ignore_no_dictionary_match,4
2322,vikito2Sit SantaHat TouchGrass SnowTime sodaSit SantaHat TouchGrass SnowTime vissione,vikito2sit santahat touchgrass snowtime sodasit santahat touchgrass snowtime vissione,twitch,twitch,,,missing_slang|low_translation_confidence,mine_or_ignore_no_dictionary_match,4
3732,"VulpesHD, but sometimes worth PauseChamp","vulpeshd, but sometimes worth pausechamp",twitch,twitch,,,missing_slang|low_translation_confidence,mine_or_ignore_no_dictionary_match,4
3730,i want a refill chamber @TheUltraCoolCutieBoBo,i want a refill chamber,twitch,twitch,,,missing_slang|low_translation_confidence,mine_or_ignore_no_dictionary_match,4
3729,@VulpesHD doesn't that give you the same price than your country in the end?,doesn't that give you the same price than your country in the end,twitch,twitch,,,missing_slang|low_translation_confidence,mine_or_ignore_no_dictionary_match,4
3726,DatSheffy no taxes here,datsheffy no taxes here,twitch,twitch,,,missing_slang|low_translation_confidence,mine_or_ignore_no_dictionary_match,4
3723,and you wanna buy from the german amazon where tax is 19% you would need to pay 6% extra during checkout,and you wanna buy from the german amazon where tax is 19 you would need to pay 6 extra during checkout,twitch,twitch,,,missing_slang|low_translation_confidence,mine_or_ignore_no_dictionary_match,4
2463,[Trivia] This nut contains more fat & calories than any other nut,trivia this nut contains more fat calories than any other nut,twitch,twitch,,,missing_slang|low_translation_confidence,mine_or_ignore_no_dictionary_match,4
2455,little snails hahahahahaha sodaCult,little snails hahahahahaha sodacult,twitch,twitch,,,missing_slang|low_translation_confidence,mine_or_ignore_no_dictionary_match,4
2276,I own Soda trivia NODDERS,i own soda trivia nodders,twitch,twitch,,,missing_slang|low_translation_confidence,mine_or_ignore_no_dictionary_match,4
2275,[Trivia] There's a toy train museum in this city's Balboa Park,trivia there's a toy train museum in this city's balboa park,twitch,twitch,,,missing_slang|low_translation_confidence,mine_or_ignore_no_dictionary_match,4
2271,[Trivia] @brockovitch bassanet is close. [Similarity: 63%],trivia bassanet is close. similarity 63,twitch,twitch,,,missing_slang|low_translation_confidence,mine_or_ignore_no_dictionary_match,4
2267,PauseChamp you got this,pausechamp you got this,twitch,twitch,,,missing_slang|low_translation_confidence,mine_or_ignore_no_dictionary_match,4
2266,[Trivia] @jordisontv bassseeeeneett is close. [Similarity: 55%],trivia basseeneett is close. similarity 55,twitch,twitch,,,missing_slang|low_translation_confidence,mine_or_ignore_no_dictionary_match,4
2288,puke on the carpet,puke on the carpet,twitch,twitch,,,missing_slang|low_translation_confidence,mine_or_ignore_no_dictionary_match,4
2284,"[Trivia] Dr. Spock wrote, you don't have to teach a child to do this at 12-15 months; ""You won't be able to stop him""","trivia dr. spock wrote, you don't have to teach a child to do this at 12-15 months you won't be able to stop him",twitch,twitch,,,missing_slang|low_translation_confidence,mine_or_ignore_no_dictionary_match,4
3715,"@Toxxxicchd, Next stream today or tomorrow Kövess twitteren a hírekért sodaG https://twitter.com/sodapoppintv",next stream today or tomorrow k vess twitteren a h rek rt sodag,twitch,twitch,,,missing_slang|low_translation_confidence,mine_or_ignore_no_dictionary_match,4
3714,@yoyo_ Uhhhhh.... A reverse vasectomy? Hmm,uhh. a reverse vasectomy? hmm,twitch,twitch,,,missing_slang|low_translation_confidence,mine_or_ignore_no_dictionary_match,4
3712,so like if you live in a country where tax is lets say 25%,so like if you live in a country where tax is lets say 25,twitch,twitch,,,missing_slang|low_translation_confidence,mine_or_ignore_no_dictionary_match,4
3710,@kjones086 no i didn't know sweden had amazon now,no i didn't know sweden had amazon now,twitch,twitch,,,missing_slang|low_translation_confidence,mine_or_ignore_no_dictionary_match,4
3709,vikito2Sit SantaHat TouchGrass SnowTime sodaSit SantaHat TouchGrass SnowTime VulpesHD,vikito2sit santahat touchgrass snowtime sodasit santahat touchgrass snowtime vulpeshd,twitch,twitch,,,missing_slang|low_translation_confidence,mine_or_ignore_no_dictionary_match,4
3708,is there a medical procedure that can allow you to inject stuff into your Vas Deferens? I wanna cum applesauce.,is there a medical procedure that can allow you to inject stuff into your vas deferens? i wanna cum applesauce,twitch,twitch,,,missing_slang|low_translation_confidence,mine_or_ignore_no_dictionary_match,4
3705,its EU amazon only NODDERS,its eu amazon only nodders,twitch,twitch,,,missing_slang|low_translation_confidence,mine_or_ignore_no_dictionary_match,4
3703,"@Xinitoro, did you know your own country's amazon website or not PauseChamp",did you know your own country's amazon website or not pausechamp,twitch,twitch,,,missing_slang|low_translation_confidence,mine_or_ignore_no_dictionary_match,4
3695,@Nacchikins its the tax difference that matters,its the tax difference that matters,twitch,twitch,,,missing_slang|low_translation_confidence,mine_or_ignore_no_dictionary_match,4
3694,@kjones086 what do i mean what?,what do i mean what,twitch,twitch,,,missing_slang|low_translation_confidence,mine_or_ignore_no_dictionary_match,4
3692,oh shit vulpes wtf,oh shit vulpes wtf,twitch,twitch,,,missing_slang|low_translation_confidence,mine_or_ignore_no_dictionary_match,4
3690,@exepir not the 2nd one peepoWTF,not the 2nd one peepowtf,twitch,twitch,,,missing_slang|low_translation_confidence,mine_or_ignore_no_dictionary_match,4
3688,@VulpesHD Slap em around a bit,slap em around a bit,twitch,twitch,,,missing_slang|low_translation_confidence,mine_or_ignore_no_dictionary_match,4
3687,"@Xinitoro, ok sweden man what do you mean PauseChamp",ok sweden man what do you mean pausechamp,twitch,twitch,,,missing_slang|low_translation_confidence,mine_or_ignore_no_dictionary_match,4
2474,i havnt had one in forever,i havnt had one in forever,twitch,twitch,,,missing_slang|low_translation_confidence,mine_or_ignore_no_dictionary_match,4
2473,macadamias are good af,macadamias are good af,twitch,twitch,,,missing_slang|low_translation_confidence,mine_or_ignore_no_dictionary_match,4
2242,"@Filipinoz, Filipinoz has been following sodapoppin for 6 years, 2 months, 15 days and 14 hours","filipinoz has been following sodapoppin for 6 years, 2 months, 15 days and 14 hours",twitch,twitch,,,missing_slang|low_translation_confidence,mine_or_ignore_no_dictionary_match,4
2261,[Trivia] @steveshepard basenett is close. [Similarity: 63%],trivia basenett is close. similarity 63,twitch,twitch,,,missing_slang|low_translation_confidence,mine_or_ignore_no_dictionary_match,4
2259,I can't even understand it FeelsDankMan,i can't even understand it feelsdankman,twitch,twitch,,,missing_slang|low_translation_confidence,mine_or_ignore_no_dictionary_match,4
2258,[Trivia] @steveshepard bassenet is close. [Similarity: 63%],trivia bassenet is close. similarity 63,twitch,twitch,,,missing_slang|low_translation_confidence,mine_or_ignore_no_dictionary_match,4
2254,could've put december anything,could've put december anything,twitch,twitch,,,missing_slang|low_translation_confidence,mine_or_ignore_no_dictionary_match,4
2247,not the incident Pepege,not the incident pepege,twitch,twitch,,,missing_slang|low_translation_confidence,mine_or_ignore_no_dictionary_match,4
2201,isn't that no longer a country,isn't that no longer a country,twitch,twitch,,,missing_slang|low_translation_confidence,mine_or_ignore_no_dictionary_match,4
2200,that doesn't exist anymore TANTRUM,that doesn't exist anymore tantrum,twitch,twitch,,,missing_slang|low_translation_confidence,mine_or_ignore_no_dictionary_match,4
2501,isnt jon malkovich in it,isnt jon malkovich in it,twitch,twitch,,,missing_slang|low_translation_confidence,mine_or_ignore_no_dictionary_match,4
2499,its a good movie,its a good movie,twitch,twitch,,,missing_slang|low_translation_confidence,mine_or_ignore_no_dictionary_match,4
2497,I still haven't seen this movie,i still haven't seen this movie,twitch,twitch,,,missing_slang|low_translation_confidence,mine_or_ignore_no_dictionary_match,4
2496,put the bunny down,put the bunny down,twitch,twitch,,,missing_slang|low_translation_confidence,mine_or_ignore_no_dictionary_match,4
2493,"[Trivia] Nicolas Cage plays Cameron Poe, a prisoner with a heart of gold, in this flighty film","trivia nicolas cage plays cameron poe, a prisoner with a heart of gold, in this flighty film",twitch,twitch,,,missing_slang|low_translation_confidence,mine_or_ignore_no_dictionary_match,4
2488,[Trivia] @gtokie fox is close. [Similarity: 50%],trivia fox is close. similarity 50,twitch,twitch,,,missing_slang|low_translation_confidence,mine_or_ignore_no_dictionary_match,4
2229,no stream until after christmas,no stream until after christmas,twitch,twitch,,,missing_slang|low_translation_confidence,mine_or_ignore_no_dictionary_match,4
2218,the war was in the 90s yeah,the war was in the 90s yeah,twitch,twitch,,,missing_slang|low_translation_confidence,mine_or_ignore_no_dictionary_match,4
2215,Didn't it go away oin the 90s?,didn't it go away oin the 90s,twitch,twitch,,,missing_slang|low_translation_confidence,mine_or_ignore_no_dictionary_match,4
3683,"Im gunna go take a nap, ya'll retards have fun in offline chat :)","im gunna go take a nap, ya'll retards have fun in offline chat",twitch,twitch,,,missing_slang|low_translation_confidence,mine_or_ignore_no_dictionary_match,4
3678,since you can order from any of them,since you can order from any of them,twitch,twitch,,,missing_slang|low_translation_confidence,mine_or_ignore_no_dictionary_match,4
3674,that tells me which amazon has it for the cheapest,that tells me which amazon has it for the cheapest,twitch,twitch,,,missing_slang|low_translation_confidence,mine_or_ignore_no_dictionary_match,4
3670,but its a site,but its a site,twitch,twitch,,,missing_slang|low_translation_confidence,mine_or_ignore_no_dictionary_match,4
101,"""You didn't put enough stink lines on your picture of the teacher.""",you didn't put enough stink lines on your picture of the teacher,urban_dictionary,local_urban_dictionary_api,,,missing_slang|low_translation_confidence,mine_or_ignore_no_dictionary_match,4
2514,he went off the deep end i think,he went off the deep end i think,twitch,twitch,,,missing_slang|low_translation_confidence,mine_or_ignore_no_dictionary_match,4
2513,i cant remember what he did to fuck up,i cant remember what he did to fuck up,twitch,twitch,,,missing_slang|low_translation_confidence,mine_or_ignore_no_dictionary_match,4
2512,nicolas cage seems like the type of actor that would still be making sucessful movies and shit,nicolas cage seems like the type of actor that would still be making sucessful movies and shit,twitch,twitch,,,missing_slang|low_translation_confidence,mine_or_ignore_no_dictionary_match,4
2508,[Trivia] @gtokie draft is close. [Similarity: 67%],trivia draft is close. similarity 67,twitch,twitch,,,missing_slang|low_translation_confidence,mine_or_ignore_no_dictionary_match,4
2161,[Trivia] ...Of the 12 Apostles,trivia .of the 12 apostles,twitch,twitch,,,missing_slang|low_translation_confidence,mine_or_ignore_no_dictionary_match,4
2160,a first Lady guys elisSit,a first lady guys elissit,twitch,twitch,,,missing_slang|low_translation_confidence,mine_or_ignore_no_dictionary_match,4
2156,val kill? what a name,val kill? what a name,twitch,twitch,,,missing_slang|low_translation_confidence,mine_or_ignore_no_dictionary_match,4
2178,[Trivia] @jordisontv thimas is close. [Similarity: 60%],trivia thimas is close. similarity 60,twitch,twitch,,,missing_slang|low_translation_confidence,mine_or_ignore_no_dictionary_match,4
2212,[Trivia] @jordisontv kangashkan is close. [Similarity: 67%],trivia kangashkan is close. similarity 67,twitch,twitch,,,missing_slang|low_translation_confidence,mine_or_ignore_no_dictionary_match,4
2209,did it still exist in 2000? Hmm,did it still exist in 200? hmm,twitch,twitch,,,missing_slang|low_translation_confidence,mine_or_ignore_no_dictionary_match,4
2203,Yugoslavia isn't a country anymore is it?,yugoslavia isn't a country anymore is it,twitch,twitch,,,missing_slang|low_translation_confidence,mine_or_ignore_no_dictionary_match,4
3667,looks like Buddy kept them up Hmm,looks like buddy kept them up hmm,twitch,twitch,,,missing_slang|low_translation_confidence,mine_or_ignore_no_dictionary_match,4
3666,xino are you ok?,xino are you ok,twitch,twitch,,,missing_slang|low_translation_confidence,mine_or_ignore_no_dictionary_match,4
3665,"@VulpesHD, with keepa extension you get charts to know if they scam like before black frigay",with keepa extension you get charts to know if they scam like before black frigay,twitch,twitch,,,missing_slang|low_translation_confidence,mine_or_ignore_no_dictionary_match,4
3662,why is amazon in spanish,why is amazon in spanish,twitch,twitch,,,missing_slang|low_translation_confidence,mine_or_ignore_no_dictionary_match,4
3661,borpaSpin i luuuuv sweden,borpaspin i luuv sweden,twitch,twitch,,,missing_slang|low_translation_confidence,mine_or_ignore_no_dictionary_match,4
3659,sweden is in EU and is in Europe,sweden is in eu and is in europe,twitch,twitch,,,missing_slang|low_translation_confidence,mine_or_ignore_no_dictionary_match,4
2519,"He had a lot debt, no?","he had a lot debt, no",twitch,twitch,,,missing_slang|low_translation_confidence,mine_or_ignore_no_dictionary_match,4
2133,"[Trivia] (Jimmy of the Clue Crew presents the clue.)  Rarely used in the Computer Age, it's the ""elemental"" method I used to make this copy","trivia jimmy of the clue crew presents the clue. rarely used in the computer age, it's the elemental method i used to make this copy",twitch,twitch,,,missing_slang|low_translation_confidence,mine_or_ignore_no_dictionary_match,4
2125,[Trivia] @nacchikins colombo is close. [Similarity: 67%],trivia colombo is close. similarity 67,twitch,twitch,,,missing_slang|low_translation_confidence,mine_or_ignore_no_dictionary_match,4
2122,oh name of a state,oh name of a state,twitch,twitch,,,missing_slang|low_translation_confidence,mine_or_ignore_no_dictionary_match,4
2143,[Trivia] A prayer rug called a “sajjada” is traditionally used by members of what religion?,trivia a prayer rug called a sajjada is traditionally used by members of what religion,twitch,twitch,,,missing_slang|low_translation_confidence,mine_or_ignore_no_dictionary_match,4
2142,[Trivia] @steveshepard You answered the question correctly an,trivia you answered the question correctly an,twitch,twitch,,,missing_slang|low_translation_confidence,mine_or_ignore_no_dictionary_match,4
2140,"[Trivia] St. Petersburg was once called Leningrad; similarly, Volgograd was once called by this name","trivia st. petersburg was once called leningrad similarly, volgograd was once called by this name",twitch,twitch,,,missing_slang|low_translation_confidence,mine_or_ignore_no_dictionary_match,4
2138,DESKCHAN i was unsure so i didn't send,deskchan i was unsure so i didn't send,twitch,twitch,,,missing_slang|low_translation_confidence,mine_or_ignore_no_dictionary_match,4
2517,i think he has a massive debt problem and shit,i think he has a massive debt problem and shit,twitch,twitch,,,missing_slang|low_translation_confidence,mine_or_ignore_no_dictionary_match,4
3647,and I saw the swedish flag,and i saw the swedish flag,twitch,twitch,,,missing_slang|low_translation_confidence,mine_or_ignore_no_dictionary_match,4
3646,that compares amazon eu prices,that compares amazon eu prices,twitch,twitch,,,missing_slang|low_translation_confidence,mine_or_ignore_no_dictionary_match,4
3642,sodaDink aryze_tb n0exit pajlada vextollan jayd0t thiadhard mastertichus,sodadink aryze tb n0exit pajlada vextollan jayd0t thiadhard mastertichus,twitch,twitch,,,missing_slang|low_translation_confidence,mine_or_ignore_no_dictionary_match,4
3640,wait we did vulpes?,wait we did vulpes,twitch,twitch,,,missing_slang|low_translation_confidence,mine_or_ignore_no_dictionary_match,4
3639,i heard if u sub to his patreon he goes live 5 minutes earlier just for you,i heard if u sub to his patreon he goes live 5 minutes earlier just for you,twitch,twitch,,,missing_slang|low_translation_confidence,mine_or_ignore_no_dictionary_match,4
116,does chance still have his 55 gallon drum of lube or do we know,does chance still have his 55 gallon drum of lube or do we know,twitch,twitch,,,missing_slang|low_translation_confidence,mine_or_ignore_no_dictionary_match,4
112,shyNodders eeya has 2 husbands,shynodders eeya has 2 husbands,twitch,twitch,,,missing_slang|low_translation_confidence,mine_or_ignore_no_dictionary_match,4
108,squchaGasm Kiss me mario,squchagasm kiss me mario,twitch,twitch,,,missing_slang|low_translation_confidence,mine_or_ignore_no_dictionary_match,4
106,maarionete the weebs are being horni again CalliPanic,maarionete the weebs are being horni again callipanic,twitch,twitch,,,missing_slang|low_translation_confidence,mine_or_ignore_no_dictionary_match,4
2541,He'll be poor soon enough FeelsOkayMan,he'll be poor soon enough feelsokayman,twitch,twitch,,,missing_slang|low_translation_confidence,mine_or_ignore_no_dictionary_match,4
2538,he never will SadCat,he never will sadcat,twitch,twitch,,,missing_slang|low_translation_confidence,mine_or_ignore_no_dictionary_match,4
2537,"[Trivia] A prison in Florence, Colorado holds this man known as the Unabomber","trivia a prison in florence, colorado holds this man known as the unabomber",twitch,twitch,,,missing_slang|low_translation_confidence,mine_or_ignore_no_dictionary_match,4
2525,https://www.youtube.com/watch?v=OT_aDZc3vXY it looks pretty bad,it looks pretty bad,twitch,twitch,,,missing_slang|low_translation_confidence,mine_or_ignore_no_dictionary_match,4
3637,retart à la crême peepoFAT,retart la cr me peepofat,twitch,twitch,,,missing_slang|low_translation_confidence,mine_or_ignore_no_dictionary_match,4
3633,U SAID THE R WORD,u said the r word,twitch,twitch,,,missing_slang|low_translation_confidence,mine_or_ignore_no_dictionary_match,4
3626,"@SnOwBunZz sodapoppin has been offline for 1 day, 15 hours and 8 minutes","sodapoppin has been offline for 1 day, 15 hours and 8 minutes",twitch,twitch,,,missing_slang|low_translation_confidence,mine_or_ignore_no_dictionary_match,4
3625,Why you hef to be mad,why you hef to be mad,twitch,twitch,,,missing_slang|low_translation_confidence,mine_or_ignore_no_dictionary_match,4
131,is christmas stream the 21st?,is christmas stream the 21st,twitch,twitch,,,missing_slang|low_translation_confidence,mine_or_ignore_no_dictionary_match,4
130,they should just do a slip n slide,they should just do a slip n slide,twitch,twitch,,,missing_slang|low_translation_confidence,mine_or_ignore_no_dictionary_match,4
128,selphySad and i have none,selphysad and i have none,twitch,twitch,,,missing_slang|low_translation_confidence,mine_or_ignore_no_dictionary_match,4
123,she has 2 i have 2,she has 2 i have 2,twitch,twitch,,,missing_slang|low_translation_confidence,mine_or_ignore_no_dictionary_match,4
122,does that stuff expire,does that stuff expire,twitch,twitch,,,missing_slang|low_translation_confidence,mine_or_ignore_no_dictionary_match,4
120,its an open relationship kinda thing,its an open relationship kinda thing,twitch,twitch,,,missing_slang|low_translation_confidence,mine_or_ignore_no_dictionary_match,4
3613,when did sweden get amazon,when did sweden get amazon,twitch,twitch,,,missing_slang|low_translation_confidence,mine_or_ignore_no_dictionary_match,4
3608,BACARDI 🍺 moon2POGU ComfyTime MedTime BACARDI,bacardi moon2pogu comfytime medtime bacardi,twitch,twitch,,,missing_slang|low_translation_confidence,mine_or_ignore_no_dictionary_match,4
138,i dont say ayaya thats weeb,i dont say ayaya thats weeb,twitch,twitch,,,missing_slang|low_translation_confidence,mine_or_ignore_no_dictionary_match,4
135,@justTNK asleepyShy 👉 Pispet: pick me justTNK uwu 🌸 ✨ AYAYA,asleepyshy pispet pick me justtnk uwu ayaya,twitch,twitch,,,missing_slang|low_translation_confidence,mine_or_ignore_no_dictionary_match,4
165,have a headache asleepyLost  owie,have a headache asleepylost owie,twitch,twitch,,,missing_slang|low_translation_confidence,mine_or_ignore_no_dictionary_match,4
163,[2021-03-05 23:15:25 UTC] hogings: not poor sodaDAB,2021-03-05 23 15 25 utc hogings not poor sodadab,twitch,twitch,,,missing_slang|low_translation_confidence,mine_or_ignore_no_dictionary_match,4
158,i live in spain without the s PainPeko,i live in spain without the s painpeko,twitch,twitch,,,missing_slang|low_translation_confidence,mine_or_ignore_no_dictionary_match,4
152,pattiiSHY i could be eeya's 3rd,pattiishy i could be eeya's 3rd,twitch,twitch,,,missing_slang|low_translation_confidence,mine_or_ignore_no_dictionary_match,4
151,[Trivia] @crtka spätzle is close. [Similarity: 62%],trivia sp tzle is close. similarity 62,twitch,twitch,,,missing_slang|low_translation_confidence,mine_or_ignore_no_dictionary_match,4
2043,ACTION Drizin rolls 6 (1-100),action drizin rolls 6 1-100,twitch,twitch,,,missing_slang|low_translation_confidence,mine_or_ignore_no_dictionary_match,4
2042,"ACTION Drizin - the length of your D is 17,67 centimeters","action drizin - the length of your d is 17,67 centimeters",twitch,twitch,,,missing_slang|low_translation_confidence,mine_or_ignore_no_dictionary_match,4
2041,ACTION Drizin just won 91 xD points! PogChamp,action drizin just won 91 xd points! pogchamp,twitch,twitch,,,missing_slang|low_translation_confidence,mine_or_ignore_no_dictionary_match,4
2038,Vash8 SpeedL catKISS2 SpeedR,vash8 speedl catkiss2 speedr,twitch,twitch,,,missing_slang|low_translation_confidence,mine_or_ignore_no_dictionary_match,4
2063,"[Trivia] The panorama at Mammoth Mountain is this type of transport for skiers, not Venetian singers","trivia the panorama at mammoth mountain is this type of transport for skiers, not venetian singers",twitch,twitch,,,missing_slang|low_translation_confidence,mine_or_ignore_no_dictionary_match,4
2057,[Trivia] @steveshepard sea lion is close. [Similarity: 67%],trivia sea lion is close. similarity 67,twitch,twitch,,,missing_slang|low_translation_confidence,mine_or_ignore_no_dictionary_match,4
2054,[Trivia] The Weddell species of this sea mammal can stay underwater for over 40 minutes,trivia the weddell species of this sea mammal can stay underwater for over 40 minutes,twitch,twitch,,,missing_slang|low_translation_confidence,mine_or_ignore_no_dictionary_match,4
2074,wait gondola is italian FeelsDankMan,wait gondola is italian feelsdankman,twitch,twitch,,,missing_slang|low_translation_confidence,mine_or_ignore_no_dictionary_match,4
2094,the fuck is an NLF qb,the fuck is an nlf qb,twitch,twitch,,,missing_slang|low_translation_confidence,mine_or_ignore_no_dictionary_match,4
2091,[Trivia] This company's '99 Quest minivan & Mercury's '99 Villager -- same thing,trivia this company's '99 quest minivan mercury's '99 villager -- same thing,twitch,twitch,,,missing_slang|low_translation_confidence,mine_or_ignore_no_dictionary_match,4
2546,[Trivia] When was the first New Year's Eve ball drop in Times Square?,trivia when was the first new year's eve ball drop in times square,twitch,twitch,,,missing_slang|low_translation_confidence,mine_or_ignore_no_dictionary_match,4
2017,wait thats a beat,wait thats a beat,twitch,twitch,,,missing_slang|low_translation_confidence,mine_or_ignore_no_dictionary_match,4
2014,isk how to spell it,isk how to spell it,twitch,twitch,,,missing_slang|low_translation_confidence,mine_or_ignore_no_dictionary_match,4
2010,[Trivia] An abnormal sound in the heart,trivia an abnormal sound in the heart,twitch,twitch,,,missing_slang|low_translation_confidence,mine_or_ignore_no_dictionary_match,4
2034,!8ball should i order 7 11 food,8ball should i order 7 11 food,twitch,twitch,,,missing_slang|low_translation_confidence,mine_or_ignore_no_dictionary_match,4
2033,PauseChamp live in 5,pausechamp live in 5,twitch,twitch,,,missing_slang|low_translation_confidence,mine_or_ignore_no_dictionary_match,4
2026,!8ball should i order food,8ball should i order food,twitch,twitch,,,missing_slang|low_translation_confidence,mine_or_ignore_no_dictionary_match,4
2053,"@UltraSynapticSeizureNinja, Better not tell you now. :)",better not tell you now,twitch,twitch,,,missing_slang|low_translation_confidence,mine_or_ignore_no_dictionary_match,4
3602,I want chance to call me poor and then tell me to sub,i want chance to call me poor and then tell me to sub,twitch,twitch,,,missing_slang|low_translation_confidence,mine_or_ignore_no_dictionary_match,4
181,"@rawheyd, sodaH Chance's official merch store: https://www.sodapoppin.shop/ Discount codes: POOR, POOR10, 20, 25, 30, 35, 40 (40 only works on classic tee) | Support: sodapoppin@teespring.com","sodah chance's official merch store discount codes poor, poor10, 20, 25, 30, 35, 40 40 only works on classic tee support sodapoppin .com",twitch,twitch,,,missing_slang|low_translation_confidence,mine_or_ignore_no_dictionary_match,4
166,Sodapoppin's discord https://discord.gg/sodapoppin (Do sub not have to be to join),sodapoppin's discord do sub not have to be to join,twitch,twitch,,,missing_slang|low_translation_confidence,mine_or_ignore_no_dictionary_match,4
3583,river weebNod relevant meme,river weebnod relevant meme,twitch,twitch,,,missing_slang|low_translation_confidence,mine_or_ignore_no_dictionary_match,4
3577,Madge ARGGRUUGRGRGRRRRR,madge arggruugrgrgrr,twitch,twitch,madge,arggruugrgrgrr,short_text|contains_unknown_terms|definition_like_translation,review_unknown_terms,4
190,do you set an alarm?,do you set an alarm,twitch,twitch,,,missing_slang|low_translation_confidence,mine_or_ignore_no_dictionary_match,4
189,[2020-11-16 21:38:30 UTC] hogings: i miss nixi,2020-11-16 21 38 30 utc hogings i miss nixi,twitch,twitch,,,missing_slang|low_translation_confidence,mine_or_ignore_no_dictionary_match,4
188,sometimes 3 sometines 12+,sometimes 3 sometines 12,twitch,twitch,,,missing_slang|low_translation_confidence,mine_or_ignore_no_dictionary_match,4
187,[2021-03-29 21:26:54 UTC] hogings: vulpes i still had it muniPout,2021-03-29 21 26 54 utc hogings vulpes i still had it munipout,twitch,twitch,,,missing_slang|low_translation_confidence,mine_or_ignore_no_dictionary_match,4
186,"[Trivia] In 1953 he told visitors, ""There is one thing about being president--nobody can tell you when to sit down""","trivia in 1953 he told visitors, there is one thing about being president--nobody can tell you when to sit down",twitch,twitch,,,missing_slang|low_translation_confidence,mine_or_ignore_no_dictionary_match,4
185,it varies a lot,it varies a lot,twitch,twitch,,,missing_slang|low_translation_confidence,mine_or_ignore_no_dictionary_match,4
184,Pispet how long do you usually sleep a night OhNowISee,pispet how long do you usually sleep a night ohnowisee,twitch,twitch,,,missing_slang|low_translation_confidence,mine_or_ignore_no_dictionary_match,4
182,sodaHmm Did you know you get a free subscription when you link your Amazon Prime account with Twitch? You can sub to Chance for free and spam emotes all day! sodaH sodaL - https://gaming.amazon.com,sodahmm did you know you get a free subscription when you link your amazon prime account with twitch? you can sub to chance for free and spam emotes all day! sodah sodal,twitch,twitch,,,missing_slang|low_translation_confidence,mine_or_ignore_no_dictionary_match,4
2591,"@Nacchikins, nah it's all good peepoGiggle",nah it's all good peepogiggle,twitch,twitch,,,missing_slang|low_translation_confidence,mine_or_ignore_no_dictionary_match,4
2583,[Trivia] @gtokie dec 31 is close. [Similarity: 67%],trivia dec 31 is close. similarity 67,twitch,twitch,,,missing_slang|low_translation_confidence,mine_or_ignore_no_dictionary_match,4
1989,there was no way anyone was gonna get it LULW,there was no way anyone was gonna get it lulw,twitch,twitch,,,missing_slang|low_translation_confidence,mine_or_ignore_no_dictionary_match,4
1986,kaiouraNLT kaiouraTail I aint getting close to a icecream truck,kaiouranlt kaiouratail i aint getting close to a icecream truck,twitch,twitch,,,missing_slang|low_translation_confidence,mine_or_ignore_no_dictionary_match,4
1985,Googler Madge,googler madge,twitch,twitch,madge,googler,short_text|contains_unknown_terms|definition_like_translation,review_unknown_terms,4
2003,why is it sticky?,why is it sticky,twitch,twitch,,,missing_slang|low_translation_confidence,mine_or_ignore_no_dictionary_match,4
2001,44 more kevin CHEER,44 more kevin cheer,twitch,twitch,,,missing_slang|low_translation_confidence,mine_or_ignore_no_dictionary_match,4
1997,"brian6932, User 'kevinrez15' has said /^!feet/i 956 times in channel 'sodapoppin'","brian6932, user 'kevinrez15' has said !feet i 956 times in channel 'sodapoppin'",twitch,twitch,,,missing_slang|low_translation_confidence,mine_or_ignore_no_dictionary_match,4
1996,"[Trivia] Oh I do say, sticky wicket is a term that comes from this team sport","trivia oh i do say, sticky wicket is a term that comes from this team sport",twitch,twitch,,,missing_slang|low_translation_confidence,mine_or_ignore_no_dictionary_match,4
1994,I own this channel for Trivia,i own this channel for trivia,twitch,twitch,,,missing_slang|low_translation_confidence,mine_or_ignore_no_dictionary_match,4
2607,I'm off to eat then,i'm off to eat then,twitch,twitch,,,missing_slang|low_translation_confidence,mine_or_ignore_no_dictionary_match,4
2605,I didn't know he got a hair transplant,i didn't know he got a hair transplant,twitch,twitch,,,missing_slang|low_translation_confidence,mine_or_ignore_no_dictionary_match,4
2604,half is more than enough,half is more than enough,twitch,twitch,,,missing_slang|low_translation_confidence,mine_or_ignore_no_dictionary_match,4
1957,"bagels are soft, like bian.","bagels are soft, like bian",twitch,twitch,,,missing_slang|low_translation_confidence,mine_or_ignore_no_dictionary_match,4
1953,Bagels aren't hard??? WutFace,bagels aren't hard. wutface,twitch,twitch,,,missing_slang|low_translation_confidence,mine_or_ignore_no_dictionary_match,4
1970,vulpes3Bite vulpes3Tail bian kaiouraBite kaiouraTail,vulpes3bite vulpes3tail bian kaiourabite kaiouratail,twitch,twitch,,,missing_slang|low_translation_confidence,mine_or_ignore_no_dictionary_match,4
1967,[Trivia] This Russian city is perhaps most famous for being the birthplace of Vladimir Lenin.,trivia this russian city is perhaps most famous for being the birthplace of vladimir lenin,twitch,twitch,,,missing_slang|low_translation_confidence,mine_or_ignore_no_dictionary_match,4
1965,"@schnaidah, FeelsDankMan I am not soft",feelsdankman i am not soft,twitch,twitch,,,missing_slang|low_translation_confidence,mine_or_ignore_no_dictionary_match,4
1961,[Trivia] @nacchikins american dream is close. [Similarity: 64%],trivia american dream is close. similarity 64,twitch,twitch,,,missing_slang|low_translation_confidence,mine_or_ignore_no_dictionary_match,4
1959,[Trivia] @steveshepard beauty is close. [Similarity: 56%],trivia beauty is close. similarity 56,twitch,twitch,,,missing_slang|low_translation_confidence,mine_or_ignore_no_dictionary_match,4
3573,LULW i think he was just sick man,lulw i think he was just sick man,twitch,twitch,,,missing_slang|low_translation_confidence,mine_or_ignore_no_dictionary_match,4
3572,well he did also previously say the 23rd,well he did also previously say the 23rd,twitch,twitch,,,missing_slang|low_translation_confidence,mine_or_ignore_no_dictionary_match,4
3567,it was on suunday,it was on suunday,twitch,twitch,,,missing_slang|low_translation_confidence,mine_or_ignore_no_dictionary_match,4
3563,we got 3 for 26,we got 3 for 26,twitch,twitch,,,missing_slang|low_translation_confidence,mine_or_ignore_no_dictionary_match,4
3561,i saw someone say the 26th,i saw someone say the 26th,twitch,twitch,,,missing_slang|low_translation_confidence,mine_or_ignore_no_dictionary_match,4
198,"hogings, User 'nixi93' was last seen in channel 'sodapoppin' on Wednesday November 17 2021 22:35:20 UTC","hogings, user 'nixi93' was last seen in channel 'sodapoppin' on wednesday november 17 2021 22 35 20 utc",twitch,twitch,,,missing_slang|low_translation_confidence,mine_or_ignore_no_dictionary_match,4
229,just say what you want to say totsSlam,just say what you want to say totsslam,twitch,twitch,,,missing_slang|low_translation_confidence,mine_or_ignore_no_dictionary_match,4
228,i need professional help,i need professional help,twitch,twitch,,,missing_slang|low_translation_confidence,mine_or_ignore_no_dictionary_match,4
227,i cant help it,i cant help it,twitch,twitch,,,missing_slang|low_translation_confidence,mine_or_ignore_no_dictionary_match,4
1899,that is the best vei emote weebNod,that is the best vei emote weebnod,twitch,twitch,,,missing_slang|low_translation_confidence,mine_or_ignore_no_dictionary_match,4
1897,@nyxious that vei emote is awesome Woah,that vei emote is awesome woah,twitch,twitch,,,missing_slang|low_translation_confidence,mine_or_ignore_no_dictionary_match,4
2627,[Trivia] @evolucian thirty is close. [Similarity: 67%],trivia thirty is close. similarity 67,twitch,twitch,,,missing_slang|low_translation_confidence,mine_or_ignore_no_dictionary_match,4
2614,what's a klast episode peepoGiggle,what's a klast episode peepogiggle,twitch,twitch,,,missing_slang|low_translation_confidence,mine_or_ignore_no_dictionary_match,4
1922,WeirdChamp copy pasta ok,weirdchamp copy pasta ok,twitch,twitch,,,missing_slang|low_translation_confidence,mine_or_ignore_no_dictionary_match,4
1917,so like 3am? Fuck that,so like 3am? fuck that,twitch,twitch,,,missing_slang|low_translation_confidence,mine_or_ignore_no_dictionary_match,4
1940,yeah if you end them in 'a,yeah if you end them in 'a,twitch,twitch,,,missing_slang|low_translation_confidence,mine_or_ignore_no_dictionary_match,4
1935,[Trivia] @nacchikins sugar baby is close. [Similarity: 56%],trivia sugar baby is close. similarity 56,twitch,twitch,,,missing_slang|low_translation_confidence,mine_or_ignore_no_dictionary_match,4
1931,Nerdge prison electronics have transparent cases so prisoners can't hide contraband in them. they're also a couple of years out of date and a good source of CRT tv's.,nerdge prison electronics have transparent cases so prisoners can't hide contraband in them. they're also a couple of years out of date and a good source of crt tv's,twitch,twitch,,,missing_slang|low_translation_confidence,mine_or_ignore_no_dictionary_match,4
1926,how should I know,how should i know,twitch,twitch,,,missing_slang|low_translation_confidence,mine_or_ignore_no_dictionary_match,4
2613,sodaHmm how was the klast episode of Wheel of TIme?,sodahmm how was the klast episode of wheel of time,twitch,twitch,,,missing_slang|low_translation_confidence,mine_or_ignore_no_dictionary_match,4
2638,[Trivia] @evolucian thirty nine is close. [Similarity: 53%],trivia thirty nine is close. similarity 53,twitch,twitch,,,missing_slang|low_translation_confidence,mine_or_ignore_no_dictionary_match,4
2636,[Trivia] @evolucian thirty one is close. [Similarity: 56%],trivia thirty one is close. similarity 56,twitch,twitch,,,missing_slang|low_translation_confidence,mine_or_ignore_no_dictionary_match,4
2633,[Trivia] @nacchikins thirty five is close. [Similarity: 53%],trivia thirty five is close. similarity 53,twitch,twitch,,,missing_slang|low_translation_confidence,mine_or_ignore_no_dictionary_match,4
2630,[Trivia] @evolucian thirty-five is close. [Similarity: 50%],trivia thirty-five is close. similarity 50,twitch,twitch,,,missing_slang|low_translation_confidence,mine_or_ignore_no_dictionary_match,4
1892,"brian6932, User 'kevinrez15' has said /^!feet/i 955 times in channel 'sodapoppin'","brian6932, user 'kevinrez15' has said !feet i 955 times in channel 'sodapoppin'",twitch,twitch,,,missing_slang|low_translation_confidence,mine_or_ignore_no_dictionary_match,4
1889,I know you do FeelsDankMan,i know you do feelsdankman,twitch,twitch,,,missing_slang|low_translation_confidence,mine_or_ignore_no_dictionary_match,4
1884,your f5 didn't work FeelsDankMan,your f5 didn't work feelsdankman,twitch,twitch,,,missing_slang|low_translation_confidence,mine_or_ignore_no_dictionary_match,4
1880,FeelsDankMan do you not see,feelsdankman do you not see,twitch,twitch,,,missing_slang|low_translation_confidence,mine_or_ignore_no_dictionary_match,4
1907,"@vissione sodapoppin has been offline for 1 day, 13 hours and 7 minutes","sodapoppin has been offline for 1 day, 13 hours and 7 minutes",twitch,twitch,,,missing_slang|low_translation_confidence,mine_or_ignore_no_dictionary_match,4
1904,[2021-10-05 12:12:02 UTC] brian6932: FeelsDankMan Anger SUPID BOT,2021-10-05 12 12 02 utc brian6932 feelsdankman anger supid bot,twitch,twitch,,,missing_slang|low_translation_confidence,mine_or_ignore_no_dictionary_match,4
1902,[2021-01-31 03:07:09 UTC] ledroy: pepeWeird,2021-01-31 03 07 09 utc ledroy pepeweird,twitch,twitch,,,missing_slang|low_translation_confidence,mine_or_ignore_no_dictionary_match,4
225,"[Trivia] No one answered correctly. FeelsBadMan The answer was: "" Dilbert """,trivia no one answered correctly. feelsbadman the answer was dilbert,twitch,twitch,,,missing_slang|low_translation_confidence,mine_or_ignore_no_dictionary_match,4
217,when you sleep 12 hours do you feel like trash OhNowISee,when you sleep 12 hours do you feel like trash ohnowisee,twitch,twitch,,,missing_slang|low_translation_confidence,mine_or_ignore_no_dictionary_match,4
3557,Oh wait its shit show saturday,oh wait its shit show saturday,twitch,twitch,,,missing_slang|low_translation_confidence,mine_or_ignore_no_dictionary_match,4
3556,"he did, I dont remember when.","he did, i dont remember when",twitch,twitch,,,missing_slang|low_translation_confidence,mine_or_ignore_no_dictionary_match,4
3553,did anyone see the new chainsaw man pv or bleach OhNowISee,did anyone see the new chainsaw man pv or bleach ohnowisee,twitch,twitch,,,missing_slang|low_translation_confidence,mine_or_ignore_no_dictionary_match,4
3546,gm bobo :D <3,gm bobo d 3,twitch,twitch,,,missing_slang|low_translation_confidence,mine_or_ignore_no_dictionary_match,4
3542,i already had the game and its was one of the choices for humblebundle,i already had the game and its was one of the choices for humblebundle,twitch,twitch,,,missing_slang|low_translation_confidence,mine_or_ignore_no_dictionary_match,4
235,its a work around,its a work around,twitch,twitch,,,missing_slang|low_translation_confidence,mine_or_ignore_no_dictionary_match,4
232,if i speak im in big trouble,if i speak im in big trouble,twitch,twitch,,,missing_slang|low_translation_confidence,mine_or_ignore_no_dictionary_match,4
3541,@sodapoppin go live fat fatty,go live fat fatty,twitch,twitch,,,missing_slang|low_translation_confidence,mine_or_ignore_no_dictionary_match,4
3539,if we bang loud enough he might wokage DESKCHAN,if we bang loud enough he might wokage deskchan,twitch,twitch,,,missing_slang|low_translation_confidence,mine_or_ignore_no_dictionary_match,4
1834,"[Trivia] No one answered correctly. FeelsBadMan The answer was: "" Joseph Mccarthy """,trivia no one answered correctly. feelsbadman the answer was joseph mccarthy,twitch,twitch,,,missing_slang|low_translation_confidence,mine_or_ignore_no_dictionary_match,4
1833,[Trivia] @evolution_21 joseph is close. [Similarity: 56%],trivia joseph is close. similarity 56,twitch,twitch,,,missing_slang|low_translation_confidence,mine_or_ignore_no_dictionary_match,4
2656,not another name for it,not another name for it,twitch,twitch,,,missing_slang|low_translation_confidence,mine_or_ignore_no_dictionary_match,4
2655,I would say hydrophobia is a SYMPTOM of rabies,i would say hydrophobia is a symptom of rabies,twitch,twitch,,,missing_slang|low_translation_confidence,mine_or_ignore_no_dictionary_match,4
2654,but 38 isnt 2/3 FeelsDankMan,but 38 isnt 2 3 feelsdankman,twitch,twitch,,,missing_slang|low_translation_confidence,mine_or_ignore_no_dictionary_match,4
1851,"peepoPog hosway, its back","peepopog hosway, its back",twitch,twitch,,,missing_slang|low_translation_confidence,mine_or_ignore_no_dictionary_match,4
1877,you press f5 to know pokiStare,you press f5 to know pokistare,twitch,twitch,,,missing_slang|low_translation_confidence,mine_or_ignore_no_dictionary_match,4
1874,a better verision FeelsDankMan,a better verision feelsdankman,twitch,twitch,,,missing_slang|low_translation_confidence,mine_or_ignore_no_dictionary_match,4
1869,"@nyxious but I can see the emote, nyx PETTHEDANK","but i can see the emote, nyx petthedank",twitch,twitch,,,missing_slang|low_translation_confidence,mine_or_ignore_no_dictionary_match,4
1867,"@DivideByNone, f5 and use it veiDank",f5 and use it veidank,twitch,twitch,,,missing_slang|low_translation_confidence,mine_or_ignore_no_dictionary_match,4
1865,schrottkit1337? I don't get it dankCrayon,schrottkit1337? i don't get it dankcrayon,twitch,twitch,,,missing_slang|low_translation_confidence,mine_or_ignore_no_dictionary_match,4
1864,im going to say it,im going to say it,twitch,twitch,,,missing_slang|low_translation_confidence,mine_or_ignore_no_dictionary_match,4
2643,2/3s you heathens,2 3s you heathens,twitch,twitch,,,missing_slang|low_translation_confidence,mine_or_ignore_no_dictionary_match,4
1800,"@Fleymour, Next stream today or tomorrow Ελέγξτε το twitter για ενημερώσεις sodaG https://twitter.com/sodapoppintv",next stream today or tomorrow twitter sodag,twitch,twitch,,,missing_slang|low_translation_confidence,mine_or_ignore_no_dictionary_match,4
1799,so when does winter season starts in Texas ? cant wait for these survial streams HYPERS,so when does winter season starts in texas ? cant wait for these survial streams hypers,twitch,twitch,,,missing_slang|low_translation_confidence,mine_or_ignore_no_dictionary_match,4
1798,ACTION Xinitoro rolls 31 (1-100),action xinitoro rolls 31 1-100,twitch,twitch,,,missing_slang|low_translation_confidence,mine_or_ignore_no_dictionary_match,4
2677,!8ball sodastream today? #notanad,8ball sodastream today? notanad,twitch,twitch,,,missing_slang|low_translation_confidence,mine_or_ignore_no_dictionary_match,4
2671,[Trivia] @nacchikins slater is close. [Similarity: 53%],trivia slater is close. similarity 53,twitch,twitch,,,missing_slang|low_translation_confidence,mine_or_ignore_no_dictionary_match,4
2666,[Trivia] Which actor plays Elliot Alderson's father in Mr. Robot?,trivia which actor plays elliot alderson's father in mr. robot,twitch,twitch,,,missing_slang|low_translation_confidence,mine_or_ignore_no_dictionary_match,4
2662,[Trivia] @st1fled san fransico is close. [Similarity: 67%],trivia san fransico is close. similarity 67,twitch,twitch,,,missing_slang|low_translation_confidence,mine_or_ignore_no_dictionary_match,4
1825,"[Trivia] In Roman mythology, Veritas is the goddess of what?","trivia in roman mythology, veritas is the goddess of what",twitch,twitch,,,missing_slang|low_translation_confidence,mine_or_ignore_no_dictionary_match,4
1817,flippiect eynahl plays f f,flippiect eynahl plays f f,twitch,twitch,,,missing_slang|low_translation_confidence,mine_or_ignore_no_dictionary_match,4
1838,SODA LIVE ON CB PauseChamp,soda live on cb pausechamp,twitch,twitch,,,missing_slang|low_translation_confidence,mine_or_ignore_no_dictionary_match,4
3533,Oh I know that game,oh i know that game,twitch,twitch,,,missing_slang|low_translation_confidence,mine_or_ignore_no_dictionary_match,4
3531,turnip boy tax evasion,turnip boy tax evasion,twitch,twitch,,,missing_slang|low_translation_confidence,mine_or_ignore_no_dictionary_match,4
3529,"but yeah, if he doesn't want to play the game, he shouldn't","but yeah, if he doesn't want to play the game, he shouldn't",twitch,twitch,,,missing_slang|low_translation_confidence,mine_or_ignore_no_dictionary_match,4
3526,"@schnaidah 21st dec for normal difficulty, 4th jan for heroic (savage)","21st dec for normal difficulty, 4th jan for heroic savage",twitch,twitch,,,missing_slang|low_translation_confidence,mine_or_ignore_no_dictionary_match,4
255,omega super cute emote OhISee,omega super cute emote ohisee,twitch,twitch,,,missing_slang|low_translation_confidence,mine_or_ignore_no_dictionary_match,4
273,i cant think of his name,i cant think of his name,twitch,twitch,,,missing_slang|low_translation_confidence,mine_or_ignore_no_dictionary_match,4
281,"[Trivia] No one answered correctly. FeelsBadMan The answer was: "" Betty Grable """,trivia no one answered correctly. feelsbadman the answer was betty grable,twitch,twitch,,,missing_slang|low_translation_confidence,mine_or_ignore_no_dictionary_match,4
307,"@vintage_mcnugget, vintage_mcnugget has been following sodapoppin for 7 years, 2 months, 19 days and 4 hours","vintage mcnugget has been following sodapoppin for 7 years, 2 months, 19 days and 4 hours",twitch,twitch,,,missing_slang|low_translation_confidence,mine_or_ignore_no_dictionary_match,4
299,sodaShy Want to help out Chance and get a badge next to your name? Gift a sub: https://bit.ly/2KPcW7h sodaPog You can now gift anonymously.,sodashy want to help out chance and get a badge next to your name? gift a sub sodapog you can now gift anonymously,twitch,twitch,,,missing_slang|low_translation_confidence,mine_or_ignore_no_dictionary_match,4
294,[Trivia] @exepir tower of pizza is close. [Similarity: 52%],trivia tower of pizza is close. similarity 52,twitch,twitch,,,missing_slang|low_translation_confidence,mine_or_ignore_no_dictionary_match,4
1786,shit show sat boys?,shit show sat boys,twitch,twitch,,,missing_slang|low_translation_confidence,mine_or_ignore_no_dictionary_match,4
1783,@Fleymour orophia was a victim of recent Twitch crackdown happythoGiggle,orophia was a victim of recent twitch crackdown happythogiggle,twitch,twitch,,,missing_slang|low_translation_confidence,mine_or_ignore_no_dictionary_match,4
2693,i think their best stuff are the tornados or hot dogs,i think their best stuff are the tornados or hot dogs,twitch,twitch,,,missing_slang|low_translation_confidence,mine_or_ignore_no_dictionary_match,4
2691,also i live in a food hell hole Okayge,also i live in a food hell hole okayge,twitch,twitch,,,missing_slang|low_translation_confidence,mine_or_ignore_no_dictionary_match,4
2690,711 food is alright. especially their pizza and chicken Tastyge,711 food is alright. especially their pizza and chicken tastyge,twitch,twitch,,,missing_slang|low_translation_confidence,mine_or_ignore_no_dictionary_match,4
2689,"711 food, good god man, have some respect for yourself","711 food, good god man, have some respect for yourself",twitch,twitch,,,missing_slang|low_translation_confidence,mine_or_ignore_no_dictionary_match,4
2685,Chance get out of your bath and stream peepoSad,chance get out of your bath and stream peeposad,twitch,twitch,,,missing_slang|low_translation_confidence,mine_or_ignore_no_dictionary_match,4
2684,!8ball should i order food from 711,8ball should i order food from 711,twitch,twitch,,,missing_slang|low_translation_confidence,mine_or_ignore_no_dictionary_match,4
1813,Hope it was a nice talk FeelsOkayMan,hope it was a nice talk feelsokayman,twitch,twitch,,,missing_slang|low_translation_confidence,mine_or_ignore_no_dictionary_match,4
1810,Penk when did u last call ur parents,penk when did u last call ur parents,twitch,twitch,,,missing_slang|low_translation_confidence,mine_or_ignore_no_dictionary_match,4
1808,ACTION RazFinch rolls 49 (1-100),action razfinch rolls 49 1-100,twitch,twitch,,,missing_slang|low_translation_confidence,mine_or_ignore_no_dictionary_match,4
1806,nah I remember last time,nah i remember last time,twitch,twitch,,,missing_slang|low_translation_confidence,mine_or_ignore_no_dictionary_match,4
1801,nkoShy m-m-m-m-meow daddy nkoGasm,nkoshy m-m-m-m-meow daddy nkogasm,twitch,twitch,,,missing_slang|low_translation_confidence,mine_or_ignore_no_dictionary_match,4
2706,STREAM STREAM STREAM STREAM STREAM STREAM STREAM STREAM STREAM STREAM STREAM STREAM STREAM STREAM STREAM STREAM STREAM STREAM,stream stream stream stream stream stream stream stream stream stream stream stream stream stream stream stream stream stream,twitch,twitch,,,missing_slang|low_translation_confidence,mine_or_ignore_no_dictionary_match,4
2705,"@Jobart_lol, Next stream today or tomorrow Kövess twitteren a hírekért sodaPeek https://twitter.com/sodapoppintv",next stream today or tomorrow k vess twitteren a h rek rt sodapeek,twitch,twitch,,,missing_slang|low_translation_confidence,mine_or_ignore_no_dictionary_match,4
2702,"yeah the taquitos, i forgot the name","yeah the taquitos, i forgot the name",twitch,twitch,,,missing_slang|low_translation_confidence,mine_or_ignore_no_dictionary_match,4
2699,jalapeno cream cheese taquito,jalapeno cream cheese taquito,twitch,twitch,,,missing_slang|low_translation_confidence,mine_or_ignore_no_dictionary_match,4
2696,the pizza is uhhh,the pizza is uhh,twitch,twitch,,,missing_slang|low_translation_confidence,mine_or_ignore_no_dictionary_match,4
2695,There is no respect. Only hot dogs.,there is no respect. only hot dogs,twitch,twitch,,,missing_slang|low_translation_confidence,mine_or_ignore_no_dictionary_match,4
2694,"Pizza from 711, holy shit","pizza from 711, holy shit",twitch,twitch,,,missing_slang|low_translation_confidence,mine_or_ignore_no_dictionary_match,4
1780,i mean u work hard on nicks channel,i mean u work hard on nicks channel,twitch,twitch,,,missing_slang|low_translation_confidence,mine_or_ignore_no_dictionary_match,4
1774,"[Trivia] No one answered correctly. FeelsBadMan The answer was: "" whiskey """,trivia no one answered correctly. feelsbadman the answer was whiskey,twitch,twitch,,,missing_slang|low_translation_confidence,mine_or_ignore_no_dictionary_match,4
1797,!roll 43 to finally be happy,roll 43 to finally be happy,twitch,twitch,,,missing_slang|low_translation_confidence,mine_or_ignore_no_dictionary_match,4
1796,hopefully he gets on,hopefully he gets on,twitch,twitch,,,missing_slang|low_translation_confidence,mine_or_ignore_no_dictionary_match,4
1795,[2021-01-06 16:38:29 UTC] vashiiq: wtf kinda water is that,2021-01-06 16 38 29 utc vashiiq wtf kinda water is that,twitch,twitch,,,missing_slang|low_translation_confidence,mine_or_ignore_no_dictionary_match,4
1792,no the other c word,no the other c word,twitch,twitch,,,missing_slang|low_translation_confidence,mine_or_ignore_no_dictionary_match,4
1722,pulls out gun 🔫  sodaSmile,pulls out gun sodasmile,twitch,twitch,,,missing_slang|low_translation_confidence,mine_or_ignore_no_dictionary_match,4
2725,My apartment is on top of a vietnamese sub restaurant,my apartment is on top of a vietnamese sub restaurant,twitch,twitch,,,missing_slang|low_translation_confidence,mine_or_ignore_no_dictionary_match,4
2721,In the early 90s McDonalds had spaghetti LULW,in the early 90s mcdonalds had spaghetti lulw,twitch,twitch,,,missing_slang|low_translation_confidence,mine_or_ignore_no_dictionary_match,4
2720,guys whats the best way to reheat wings,guys whats the best way to reheat wings,twitch,twitch,,,missing_slang|low_translation_confidence,mine_or_ignore_no_dictionary_match,4
2717,NOPERS McDonalds does not have pizza,nopers mcdonalds does not have pizza,twitch,twitch,,,missing_slang|low_translation_confidence,mine_or_ignore_no_dictionary_match,4
2716,it bothers me that every mcdonalds has different prices,it bothers me that every mcdonalds has different prices,twitch,twitch,,,missing_slang|low_translation_confidence,mine_or_ignore_no_dictionary_match,4
2710,you really don't have like a pizza chain franchise around? Hmm,you really don't have like a pizza chain franchise around? hmm,twitch,twitch,,,missing_slang|low_translation_confidence,mine_or_ignore_no_dictionary_match,4
1747,TANTRUM  when does chatterino can use 7tv,tantrum when does chatterino can use 7tv,twitch,twitch,,,missing_slang|low_translation_confidence,mine_or_ignore_no_dictionary_match,4
1746,@shaun986 Live in 10 Prayge,live in 10 prayge,twitch,twitch,,,missing_slang|low_translation_confidence,mine_or_ignore_no_dictionary_match,4
1742,Prayge streamer will go live soon,prayge streamer will go live soon,twitch,twitch,,,missing_slang|low_translation_confidence,mine_or_ignore_no_dictionary_match,4
1734,nice ... now i go kitchen and make me fish MEOW 🐟,nice . now i go kitchen and make me fish meow,twitch,twitch,,,missing_slang|low_translation_confidence,mine_or_ignore_no_dictionary_match,4
1758,god damn it kevin,god damn it kevin,twitch,twitch,,,missing_slang|low_translation_confidence,mine_or_ignore_no_dictionary_match,4
1752,TOMI!!!!!!!!!! veiRee ppAutismo ppAutismo ppAutismo ppAutismo ppAutismo ppAutismo ppAutismo ppAutismo ppAutismo ppAutismo ppAutismo,tomi. veiree ppautismo ppautismo ppautismo ppautismo ppautismo ppautismo ppautismo ppautismo ppautismo ppautismo ppautismo,twitch,twitch,,,missing_slang|low_translation_confidence,mine_or_ignore_no_dictionary_match,4
1750,just download chatterino from 7tv,just download chatterino from 7tv,twitch,twitch,,,missing_slang|low_translation_confidence,mine_or_ignore_no_dictionary_match,4
2735,i think you are right. i remember watching a video,i think you are right. i remember watching a video,twitch,twitch,,,missing_slang|low_translation_confidence,mine_or_ignore_no_dictionary_match,4
2730,@Brockovitch there was a couple locations that used to make it,there was a couple locations that used to make it,twitch,twitch,,,missing_slang|low_translation_confidence,mine_or_ignore_no_dictionary_match,4
2728,"brian6932, User 'kevinrez15' has said /^!feet/i 959 times in channel 'sodapoppin'","brian6932, user 'kevinrez15' has said !feet i 959 times in channel 'sodapoppin'",twitch,twitch,,,missing_slang|low_translation_confidence,mine_or_ignore_no_dictionary_match,4
2727,that has consistently gotten good reviews,that has consistently gotten good reviews,twitch,twitch,,,missing_slang|low_translation_confidence,mine_or_ignore_no_dictionary_match,4
1690,sodaDink hello_067 heyimmarlon profchimpington sixisbest connydiaz qc_bajs mazu_rg,sodadink hello 067 heyimmarlon profchimpington sixisbest connydiaz qc bajs mazu rg,twitch,twitch,,,missing_slang|low_translation_confidence,mine_or_ignore_no_dictionary_match,4
1712,tomi didn't yell at me today peepoFine,tomi didn't yell at me today peepofine,twitch,twitch,,,missing_slang|low_translation_confidence,mine_or_ignore_no_dictionary_match,4
1709,TOMIIll not at this point in time no,tomiill not at this point in time no,twitch,twitch,,,missing_slang|low_translation_confidence,mine_or_ignore_no_dictionary_match,4
1706,sodaG Fact #6: Female giraffes have vagenes.,sodag fact 6 female giraffes have vagenes,twitch,twitch,,,missing_slang|low_translation_confidence,mine_or_ignore_no_dictionary_match,4
1729,TOMIIll when now weird 👉 sodaClown,tomiill when now weird sodaclown,twitch,twitch,,,missing_slang|low_translation_confidence,mine_or_ignore_no_dictionary_match,4
1725,ROX!!!!!!!!! aeriyAEREEEE ppAutismo ppAutismo ppAutismo ppAutismo ppAutismo ppAutismo ppAutismo ppAutismo ppAutismo ppAutismo ppAutismo ppAutismo ppAutismo ppAutismo ppAutismo ppAutismo,rox. aeriyaeree ppautismo ppautismo ppautismo ppautismo ppautismo ppautismo ppautismo ppautismo ppautismo ppautismo ppautismo ppautismo ppautismo ppautismo ppautismo ppautismo,twitch,twitch,,,missing_slang|low_translation_confidence,mine_or_ignore_no_dictionary_match,4
1724,im just doing my job catCry,im just doing my job catcry,twitch,twitch,,,missing_slang|low_translation_confidence,mine_or_ignore_no_dictionary_match,4
3519,the new raid come out... someday,the new raid come out. someday,twitch,twitch,,,missing_slang|low_translation_confidence,mine_or_ignore_no_dictionary_match,4
3518,they said they were gonna raid on the 3rd sodaOmega hes def not playing ff14 again,they said they were gonna raid on the 3rd sodaomega hes def not playing ff14 again,twitch,twitch,,,missing_slang|low_translation_confidence,mine_or_ignore_no_dictionary_match,4
3516,I'm here for the variety games :],i'm here for the variety games,twitch,twitch,,,missing_slang|low_translation_confidence,mine_or_ignore_no_dictionary_match,4
3513,DansGame you never more salt,dansgame you never more salt,twitch,twitch,,,missing_slang|low_translation_confidence,mine_or_ignore_no_dictionary_match,4
3511,FeelsDankMan apparently I was actually close to test in Japanese completely unintentionally,feelsdankman apparently i was actually close to test in japanese completely unintentionally,twitch,twitch,,,missing_slang|low_translation_confidence,mine_or_ignore_no_dictionary_match,4
321,"[Trivia] In 1938 this trio soitenly made the short film ""Healthy, Wealthy and Dumb""","trivia in 1938 this trio soitenly made the short film healthy, wealthy and dumb",twitch,twitch,,,missing_slang|low_translation_confidence,mine_or_ignore_no_dictionary_match,4
317,"[Trivia] Worth over $15 billion, Robson, son of Sam, runs this company, the USA's largest private employer","trivia worth over 15 billion, robson, son of sam, runs this company, the usa's largest private employer",twitch,twitch,,,missing_slang|low_translation_confidence,mine_or_ignore_no_dictionary_match,4
311,kripp on PoE tonight sodaSUFFER,kripp on poe tonight sodasuffer,twitch,twitch,,,missing_slang|low_translation_confidence,mine_or_ignore_no_dictionary_match,4
3507,"hes gonna play ff14 today COPIUM2 definitely, for sure","hes gonna play ff14 today copium2 definitely, for sure",twitch,twitch,,,missing_slang|low_translation_confidence,mine_or_ignore_no_dictionary_match,4
1676,"xqcI Mr Rox, do you agree with me that ""ppL"" should be a pp with a heart like xqcL sodaL ?","xqci mr rox, do you agree with me that ppl should be a pp with a heart like xqcl sodal",twitch,twitch,,,missing_slang|low_translation_confidence,mine_or_ignore_no_dictionary_match,4
1672,"ACTION SniperWulf - the length of your D is 8,54 centimeters","action sniperwulf - the length of your d is 8,54 centimeters",twitch,twitch,,,missing_slang|low_translation_confidence,mine_or_ignore_no_dictionary_match,4
2752,Wear some sweatpants and walk outside sodaStare,wear some sweatpants and walk outside sodastare,twitch,twitch,,,missing_slang|low_translation_confidence,mine_or_ignore_no_dictionary_match,4
2751,feed him Madge,feed him madge,twitch,twitch,madge,feed,short_text|contains_unknown_terms|definition_like_translation,review_unknown_terms,4
2748,You disgust me Ultra sodaStare,you disgust me ultra sodastare,twitch,twitch,,,missing_slang|low_translation_confidence,mine_or_ignore_no_dictionary_match,4
2745,Ask them to make you some Pho sodaTantrum,ask them to make you some pho sodatantrum,twitch,twitch,,,missing_slang|low_translation_confidence,mine_or_ignore_no_dictionary_match,4
2744,"you could trick yourself: put your shoes and jacket on, but dont go anywhere. see if you feel like it after","you could trick yourself put your shoes and jacket on, but dont go anywhere. see if you feel like it after",twitch,twitch,,,missing_slang|low_translation_confidence,mine_or_ignore_no_dictionary_match,4
2743,sodaTantrum try the Vietnamese food,sodatantrum try the vietnamese food,twitch,twitch,,,missing_slang|low_translation_confidence,mine_or_ignore_no_dictionary_match,4
2737,"try anything once, twice if you like it ;)","try anything once, twice if you like it",twitch,twitch,,,missing_slang|low_translation_confidence,mine_or_ignore_no_dictionary_match,4
3501,chatterino tells me whos online without going on twitch NODDERS,chatterino tells me whos online without going on twitch nodders,twitch,twitch,,,missing_slang|low_translation_confidence,mine_or_ignore_no_dictionary_match,4
3500,"@caleb_thewhitehand, it's a chatter thing weebNod",it's a chatter thing weebnod,twitch,twitch,,,missing_slang|low_translation_confidence,mine_or_ignore_no_dictionary_match,4
3495,"@RiverrStyx sodapoppin has been offline for 1 day, 14 hours and 57 minutes","sodapoppin has been offline for 1 day, 14 hours and 57 minutes",twitch,twitch,,,missing_slang|low_translation_confidence,mine_or_ignore_no_dictionary_match,4
3494,NODDERS cum_final_v2.exe,nodders cum final v2.exe,twitch,twitch,,,missing_slang|low_translation_confidence,mine_or_ignore_no_dictionary_match,4
338,[Trivia] @gtokie mer is close. [Similarity: 67%],trivia mer is close. similarity 67,twitch,twitch,,,missing_slang|low_translation_confidence,mine_or_ignore_no_dictionary_match,4
326,"[Trivia] Propecia makes this company, MRK, the hair apparent","trivia propecia makes this company, mrk, the hair apparent",twitch,twitch,,,missing_slang|low_translation_confidence,mine_or_ignore_no_dictionary_match,4
353,good content though. at least the vod was,good content though. at least the vod was,twitch,twitch,,,missing_slang|low_translation_confidence,mine_or_ignore_no_dictionary_match,4
345,"[Trivia] Saponification is the making of this, an anagram of ""sapo""","trivia saponification is the making of this, an anagram of sapo",twitch,twitch,,,missing_slang|low_translation_confidence,mine_or_ignore_no_dictionary_match,4
344,thats what i meant,thats what i meant,twitch,twitch,,,missing_slang|low_translation_confidence,mine_or_ignore_no_dictionary_match,4
343,"[Trivia] No one answered correctly. FeelsBadMan The answer was: "" Merck """,trivia no one answered correctly. feelsbadman the answer was merck,twitch,twitch,,,missing_slang|low_translation_confidence,mine_or_ignore_no_dictionary_match,4
342,[Trivia] @gtokie merk is close. [Similarity: 57%],trivia merk is close. similarity 57,twitch,twitch,,,missing_slang|low_translation_confidence,mine_or_ignore_no_dictionary_match,4
1656,"ACTION SteveShepard - the length of your D is 30,48 centimeters","action steveshepard - the length of your d is 30,48 centimeters",twitch,twitch,,,missing_slang|low_translation_confidence,mine_or_ignore_no_dictionary_match,4
2771,up your butt PETTHEVULPES,up your butt petthevulpes,twitch,twitch,,,missing_slang|low_translation_confidence,mine_or_ignore_no_dictionary_match,4
2770,by a landslide Tastyge,by a landslide tastyge,twitch,twitch,,,missing_slang|low_translation_confidence,mine_or_ignore_no_dictionary_match,4
2769,100% you're getting botulism from that gas station chicken,100 you're getting botulism from that gas station chicken,twitch,twitch,,,missing_slang|low_translation_confidence,mine_or_ignore_no_dictionary_match,4
2767,"well if its the cheapest by a LOT, then yea just order some :)","well if its the cheapest by a lot, then yea just order some",twitch,twitch,,,missing_slang|low_translation_confidence,mine_or_ignore_no_dictionary_match,4
2763,711 is the cheapest delivery,711 is the cheapest delivery,twitch,twitch,,,missing_slang|low_translation_confidence,mine_or_ignore_no_dictionary_match,4
2762,I'll turn your internet off unless you go and support local Vietnamese businesses,i'll turn your internet off unless you go and support local vietnamese businesses,twitch,twitch,,,missing_slang|low_translation_confidence,mine_or_ignore_no_dictionary_match,4
2761,so whats the cheapest delivery then,so whats the cheapest delivery then,twitch,twitch,,,missing_slang|low_translation_confidence,mine_or_ignore_no_dictionary_match,4
2759,FeelsStrongMan goog peeps,feelsstrongman goog peeps,twitch,twitch,feelsstrongman,goog,short_text|contains_unknown_terms|definition_like_translation,review_unknown_terms,4
1684,"ACTION TendranSK - the length of your D is 25,99 centimeters","action tendransk - the length of your d is 25,99 centimeters",twitch,twitch,,,missing_slang|low_translation_confidence,mine_or_ignore_no_dictionary_match,4
1683,ACTION TendranSK rolls 666 (1-100),action tendransk rolls 66 1-100,twitch,twitch,,,missing_slang|low_translation_confidence,mine_or_ignore_no_dictionary_match,4
1682,ACTION TendranSK just won 79 xD points! PogChamp,action tendransk just won 79 xd points! pogchamp,twitch,twitch,,,missing_slang|low_translation_confidence,mine_or_ignore_no_dictionary_match,4
1679,xqcI so i get more audience,xqci so i get more audience,twitch,twitch,,,missing_slang|low_translation_confidence,mine_or_ignore_no_dictionary_match,4
1677,then what is the reason for ppLove,then what is the reason for pplove,twitch,twitch,,,missing_slang|low_translation_confidence,mine_or_ignore_no_dictionary_match,4
2790,"Back to RImWorld, if anyone wants to play Halo message me sodaL","back to rimworld, if anyone wants to play halo message me sodal",twitch,twitch,,,missing_slang|low_translation_confidence,mine_or_ignore_no_dictionary_match,4
2784,[2021-05-16 00:03:38 UTC] crashfort: pokiBop SingsNote pokiBop SingsNote pokiBop SingsNote pokiBop SingsNote pokiBop SingsNote pokiBop SingsNote pokiBop SingsNote pokiBop SingsNote pokiBop SingsNote pokiBop SingsNote pokiBop SingsNote,2021-05-16 00 03 38 utc crashfort pokibop singsnote pokibop singsnote pokibop singsnote pokibop singsnote pokibop singsnote pokibop singsnote pokibop singsnote pokibop singsnote pokibop singsnote pokibop singsnote pokibop singsnote,twitch,twitch,,,missing_slang|low_translation_confidence,mine_or_ignore_no_dictionary_match,4
2778,soda mr skinny long penis,soda mr skinny long penis,twitch,twitch,,,missing_slang|low_translation_confidence,mine_or_ignore_no_dictionary_match,4
2775,I assume Soda's penis is just a giant rug burn,i assume soda's penis is just a giant rug burn,twitch,twitch,,,missing_slang|low_translation_confidence,mine_or_ignore_no_dictionary_match,4
1623,sodaDink ashesis mizakhell ld_the_og wampwampwampwamp eluusiive gnosiis_ kzeni,sodadink ashesis mizakhell ld the og wampwampwampwamp eluusiive gnosiis kzeni,twitch,twitch,,,missing_slang|low_translation_confidence,mine_or_ignore_no_dictionary_match,4
1647,ppL should be a pp with a heart peepoWTF,ppl should be a pp with a heart peepowtf,twitch,twitch,,,missing_slang|low_translation_confidence,mine_or_ignore_no_dictionary_match,4
1641,hamnp sodaWave MEOW yo,hamnp sodawave meow yo,twitch,twitch,,,missing_slang|low_translation_confidence,mine_or_ignore_no_dictionary_match,4
1639,Ok gonna shower I love you all equally qxcL,ok gonna shower i love you all equally qxcl,twitch,twitch,,,missing_slang|low_translation_confidence,mine_or_ignore_no_dictionary_match,4
1669,xqcI LETS ASK THE OFFLINE CHAT,xqci lets ask the offline chat,twitch,twitch,,,missing_slang|low_translation_confidence,mine_or_ignore_no_dictionary_match,4
1666,tomi YOU THINK MY DICK IS SMALL Smadge ?,tomi you think my dick is small smadge,twitch,twitch,,,missing_slang|low_translation_confidence,mine_or_ignore_no_dictionary_match,4
1663,That's my goal today,that's my goal today,twitch,twitch,,,missing_slang|low_translation_confidence,mine_or_ignore_no_dictionary_match,4
1613,yeah anger makes me,yeah anger makes me,twitch,twitch,,,missing_slang|low_translation_confidence,mine_or_ignore_no_dictionary_match,4
1610,nah i love those sort of messages,nah i love those sort of messages,twitch,twitch,,,missing_slang|low_translation_confidence,mine_or_ignore_no_dictionary_match,4
1608,it seems like fun tbh,it seems like fun tbh,twitch,twitch,,,missing_slang|low_translation_confidence,mine_or_ignore_no_dictionary_match,4
1607,i wish i was a mod just to have this happen to me,i wish i was a mod just to have this happen to me,twitch,twitch,,,missing_slang|low_translation_confidence,mine_or_ignore_no_dictionary_match,4
1606,you have to deal with people with questionable mental health,you have to deal with people with questionable mental health,twitch,twitch,,,missing_slang|low_translation_confidence,mine_or_ignore_no_dictionary_match,4
2805,diane is a name,diane is a name,twitch,twitch,,,missing_slang|low_translation_confidence,mine_or_ignore_no_dictionary_match,4
2801,[Scramble] A scramble game has started.  Unscramble the following word to win: nidae,scramble a scramble game has started. unscramble the following word to win nidae,twitch,twitch,,,missing_slang|low_translation_confidence,mine_or_ignore_no_dictionary_match,4
2795,WHERE IS CONTENT Smadge,where is content smadge,twitch,twitch,,,missing_slang|low_translation_confidence,mine_or_ignore_no_dictionary_match,4
2792,[Scramble] A scramble game has started.  Unscramble the following word to win: entntoc,scramble a scramble game has started. unscramble the following word to win entntoc,twitch,twitch,,,missing_slang|low_translation_confidence,mine_or_ignore_no_dictionary_match,4
2791,Soda Stream Saturday pepeW,soda stream saturday pepew,twitch,twitch,,,missing_slang|low_translation_confidence,mine_or_ignore_no_dictionary_match,4
3493,do i need chatterino or is that a streamer thing?,do i need chatterino or is that a streamer thing,twitch,twitch,,,missing_slang|low_translation_confidence,mine_or_ignore_no_dictionary_match,4
3492,"streamer will be live, any second now COPIUM2","streamer will be live, any second now copium2",twitch,twitch,,,missing_slang|low_translation_confidence,mine_or_ignore_no_dictionary_match,4
3490,NODDERS very good exepir,nodders very good exepir,twitch,twitch,,,missing_slang|low_translation_confidence,mine_or_ignore_no_dictionary_match,4
3489,"@VulpesHD is Vagante on the gamelist, Vulpes? PauseChamp","is vagante on the gamelist, vulpes? pausechamp",twitch,twitch,,,missing_slang|low_translation_confidence,mine_or_ignore_no_dictionary_match,4
3482,forsen doesnt hear anymore,forsen doesnt hear anymore,twitch,twitch,,,missing_slang|low_translation_confidence,mine_or_ignore_no_dictionary_match,4
3480,"caleb_thewhitehand, I tried doing lirik but it doesn't work sodaSUFFER","caleb thewhitehand, i tried doing lirik but it doesn't work sodasuffer",twitch,twitch,,,missing_slang|low_translation_confidence,mine_or_ignore_no_dictionary_match,4
3479,Nick is live for like 2 hours day LULW,nick is live for like 2 hours day lulw,twitch,twitch,,,missing_slang|low_translation_confidence,mine_or_ignore_no_dictionary_match,4
369,"[Trivia] No one answered correctly. FeelsBadMan The answer was: "" Guy Lombardo """,trivia no one answered correctly. feelsbadman the answer was guy lombardo,twitch,twitch,,,missing_slang|low_translation_confidence,mine_or_ignore_no_dictionary_match,4
388,[2017-01-24 15:19:34 UTC] frogster420: sodaMLG sodaMLG sodaMLG sodaMLG,2017-01-24 15 19 34 utc frogster420 sodamlg sodamlg sodamlg sodamlg,twitch,twitch,,,missing_slang|low_translation_confidence,mine_or_ignore_no_dictionary_match,4
386,Check out this clip: Realistic Cat RP by Sodapoppin - https://youtu.be/seHYmSedPZg,check out this clip realistic cat rp by sodapoppin,twitch,twitch,,,missing_slang|low_translation_confidence,mine_or_ignore_no_dictionary_match,4
380,would you play csgo?,would you play csgo,twitch,twitch,,,missing_slang|low_translation_confidence,mine_or_ignore_no_dictionary_match,4
377,u play apex pispet ?,u play apex pispet,twitch,twitch,,,missing_slang|low_translation_confidence,mine_or_ignore_no_dictionary_match,4
376,anyone but pispet wanna queue apex?,anyone but pispet wanna queue apex,twitch,twitch,,,missing_slang|low_translation_confidence,mine_or_ignore_no_dictionary_match,4
2821,[Scramble] A scramble game has started.  Unscramble the following word to win: eitsntg,scramble a scramble game has started. unscramble the following word to win eitsntg,twitch,twitch,,,missing_slang|low_translation_confidence,mine_or_ignore_no_dictionary_match,4
2813,[Trivia] It's the color of the middle stripe on the U.S. flag,trivia it's the color of the middle stripe on the u.s. flag,twitch,twitch,,,missing_slang|low_translation_confidence,mine_or_ignore_no_dictionary_match,4
2812,My GF is making me go to the bar later peepoSad,my gf is making me go to the bar later peeposad,twitch,twitch,,,missing_slang|low_translation_confidence,mine_or_ignore_no_dictionary_match,4
2806,[Scramble] A scramble game has started.  Unscramble the following word to win: sylsiht,scramble a scramble game has started. unscramble the following word to win sylsiht,twitch,twitch,,,missing_slang|low_translation_confidence,mine_or_ignore_no_dictionary_match,4
1605,its something that happens quite frequently to twitch mods,its something that happens quite frequently to twitch mods,twitch,twitch,,,missing_slang|low_translation_confidence,mine_or_ignore_no_dictionary_match,4
1602,peepoGiggle thats just a mad person,peepogiggle thats just a mad person,twitch,twitch,,,missing_slang|low_translation_confidence,mine_or_ignore_no_dictionary_match,4
1601,divide thats not mod work,divide thats not mod work,twitch,twitch,,,missing_slang|low_translation_confidence,mine_or_ignore_no_dictionary_match,4
1600,Modge doing the dirty work for free,modge doing the dirty work for free,twitch,twitch,,,missing_slang|low_translation_confidence,mine_or_ignore_no_dictionary_match,4
1597,heya hoggy sodaWAVE e,heya hoggy sodawave e,twitch,twitch,,,missing_slang|low_translation_confidence,mine_or_ignore_no_dictionary_match,4
1620,"[Trivia] No one answered correctly. FeelsBadMan The answer was: "" corporate ladder """,trivia no one answered correctly. feelsbadman the answer was corporate ladder,twitch,twitch,,,missing_slang|low_translation_confidence,mine_or_ignore_no_dictionary_match,4
1617,"[Trivia] Especially in today's job market, ""He who would climb"" this ""must begin at the bottom""","trivia especially in today's job market, he who would climb this must begin at the bottom",twitch,twitch,,,missing_slang|low_translation_confidence,mine_or_ignore_no_dictionary_match,4
1616,[2021-02-26 00:44:14 UTC] hogings: penky happythoPat,2021-02-26 00 44 14 utc hogings penky happythopat,twitch,twitch,,,missing_slang|low_translation_confidence,mine_or_ignore_no_dictionary_match,4
1567,xqcK I've seen that one,xqck i've seen that one,twitch,twitch,,,missing_slang|low_translation_confidence,mine_or_ignore_no_dictionary_match,4
1566,Was Mr Thomas on today? Or only on his alt,was mr thomas on today? or only on his alt,twitch,twitch,,,missing_slang|low_translation_confidence,mine_or_ignore_no_dictionary_match,4
1559,"@RiverrStyx sodapoppin has been offline for 1 day, 4 hours and 52 minutes","sodapoppin has been offline for 1 day, 4 hours and 52 minutes",twitch,twitch,,,missing_slang|low_translation_confidence,mine_or_ignore_no_dictionary_match,4
2837,[Scramble] A scramble game has started.  Unscramble the following word to win: npoiot,scramble a scramble game has started. unscramble the following word to win npoiot,twitch,twitch,,,missing_slang|low_translation_confidence,mine_or_ignore_no_dictionary_match,4
2830,[Scramble] A scramble game has started.  Unscramble the following word to win: htotnwres,scramble a scramble game has started. unscramble the following word to win htotnwres,twitch,twitch,,,missing_slang|low_translation_confidence,mine_or_ignore_no_dictionary_match,4
2826,"She doesn't wear the pants, but she does have them titties","she doesn't wear the pants, but she does have them titties",twitch,twitch,,,missing_slang|low_translation_confidence,mine_or_ignore_no_dictionary_match,4
1583,sent a request sodaSit,sent a request sodasit,twitch,twitch,,,missing_slang|low_translation_confidence,mine_or_ignore_no_dictionary_match,4
1580,whisper me ur Discord sodaSit or if you prefer you could just whisper me the files through imgur or smth,whisper me ur discord sodasit or if you prefer you could just whisper me the files through imgur or smth,twitch,twitch,,,missing_slang|low_translation_confidence,mine_or_ignore_no_dictionary_match,4
1578,i have the files,i have the files,twitch,twitch,,,missing_slang|low_translation_confidence,mine_or_ignore_no_dictionary_match,4
1577,Twitch/bttv emotes must be 1:1,twitch bttv emotes must be 1 1,twitch,twitch,,,missing_slang|low_translation_confidence,mine_or_ignore_no_dictionary_match,4
1576,can u dm me on discord,can u dm me on discord,twitch,twitch,,,missing_slang|low_translation_confidence,mine_or_ignore_no_dictionary_match,4
374,this is why I dont queue with you,this is why i dont queue with you,twitch,twitch,,,missing_slang|low_translation_confidence,mine_or_ignore_no_dictionary_match,4
3477,i would but my project name would just dox me sodaOmega,i would but my project name would just dox me sodaomega,twitch,twitch,,,missing_slang|low_translation_confidence,mine_or_ignore_no_dictionary_match,4
3475,NODDERS1 you sound confident,nodders1 you sound confident,twitch,twitch,,,missing_slang|low_translation_confidence,mine_or_ignore_no_dictionary_match,4
3474,for when nick is not live,for when nick is not live,twitch,twitch,,,missing_slang|low_translation_confidence,mine_or_ignore_no_dictionary_match,4
3469,NODDERS gonna use plant brush,nodders gonna use plant brush,twitch,twitch,,,missing_slang|low_translation_confidence,mine_or_ignore_no_dictionary_match,4
3466,AYAYAWeird we're all weebs now,ayayaweird we're all weebs now,twitch,twitch,,,missing_slang|low_translation_confidence,mine_or_ignore_no_dictionary_match,4
3464,I AM NOT A WEEB DESKCHAN I DO NOT APPRECIATE YOU,i am not a weeb deskchan i do not appreciate you,twitch,twitch,,,missing_slang|low_translation_confidence,mine_or_ignore_no_dictionary_match,4
405,ACTION AIterAce just won 39 xD points! PogChamp,action aiterace just won 39 xd points! pogchamp,twitch,twitch,,,missing_slang|low_translation_confidence,mine_or_ignore_no_dictionary_match,4
402,[2021-03-23 10:13:22 UTC] aiterace: Fratas DinkDonk BONK,2021-03-23 10 13 22 utc aiterace fratas dinkdonk bonk,twitch,twitch,,,missing_slang|low_translation_confidence,mine_or_ignore_no_dictionary_match,4
401,[2021-07-09 06:44:51 UTC] aiterace: coxChicken,2021-07-09 06 44 51 utc aiterace coxchicken,twitch,twitch,,,missing_slang|low_translation_confidence,mine_or_ignore_no_dictionary_match,4
393,that's a damn shame,that's a damn shame,twitch,twitch,,,missing_slang|low_translation_confidence,mine_or_ignore_no_dictionary_match,4
392,@theyungyee sodapoppin has been offline for 23 hours and 15 minutes,sodapoppin has been offline for 23 hours and 15 minutes,twitch,twitch,,,missing_slang|low_translation_confidence,mine_or_ignore_no_dictionary_match,4
2848,[Scramble] A scramble game has started.  Unscramble the following word to win: dlya,scramble a scramble game has started. unscramble the following word to win dlya,twitch,twitch,,,missing_slang|low_translation_confidence,mine_or_ignore_no_dictionary_match,4
2847,pokiW moon2W sodaW forsenW I'm pure as freshly fallen snow Clap,pokiw moon2w sodaw forsenw i'm pure as freshly fallen snow clap,twitch,twitch,,,missing_slang|low_translation_confidence,mine_or_ignore_no_dictionary_match,4
2846,i tunnel vision so hard FeelsDankMan,i tunnel vision so hard feelsdankman,twitch,twitch,,,missing_slang|low_translation_confidence,mine_or_ignore_no_dictionary_match,4
2842,@SteveShepard dont talk to me pokiYikes,dont talk to me pokiyikes,twitch,twitch,,,missing_slang|low_translation_confidence,mine_or_ignore_no_dictionary_match,4
2838,"Emiru is really hot, I'll allow that emote @crashfort","emiru is really hot, i'll allow that emote",twitch,twitch,,,missing_slang|low_translation_confidence,mine_or_ignore_no_dictionary_match,4
1541,ACTION BakaBryanBC won the fight!,action bakabryanbc won the fight,twitch,twitch,,,missing_slang|low_translation_confidence,mine_or_ignore_no_dictionary_match,4
1539,"brian6932, User 'pispet' has said /^,(testu?|h?elp)/i 56 times in channel 'sodapoppin'","brian6932, user 'pispet' has said , testu? h?elp i 56 times in channel 'sodapoppin'",twitch,twitch,,,missing_slang|low_translation_confidence,mine_or_ignore_no_dictionary_match,4
1536,"!scan @Pispet /^,(testu?|h?elp)/i","scan , testu? h?elp i",twitch,twitch,,,missing_slang|low_translation_confidence,mine_or_ignore_no_dictionary_match,4
1527,sodaDink tinkertacs dimsumxoxo car9ine gauntakera228 obiron05 aoicho marc5mart,sodadink tinkertacs dimsumxoxo car9ine gauntakera228 obiron05 aoicho marc5mart,twitch,twitch,,,missing_slang|low_translation_confidence,mine_or_ignore_no_dictionary_match,4
1557,you just hug me with my name in it FeelsDankMan,you just hug me with my name in it feelsdankman,twitch,twitch,,,missing_slang|low_translation_confidence,mine_or_ignore_no_dictionary_match,4
1556,FeelsDankMan It's not a command hogi,feelsdankman it's not a command hogi,twitch,twitch,,,missing_slang|low_translation_confidence,mine_or_ignore_no_dictionary_match,4
1571,Hmm in what way?,hmm in what way,twitch,twitch,,,missing_slang|low_translation_confidence,mine_or_ignore_no_dictionary_match,4
1570,canu elp me brian?,canu elp me brian,twitch,twitch,,,missing_slang|low_translation_confidence,mine_or_ignore_no_dictionary_match,4
2865,"@crashfort, https://www.twitch.tv/popout/frankerfacez/chat?ffz-settings=add_ons just enable it there FeelsDankMan",just enable it there feelsdankman,twitch,twitch,,,missing_slang|low_translation_confidence,mine_or_ignore_no_dictionary_match,4
2855,[Scramble] A scramble game has started.  Unscramble the following word to win: mlssybea,scramble a scramble game has started. unscramble the following word to win mlssybea,twitch,twitch,,,missing_slang|low_translation_confidence,mine_or_ignore_no_dictionary_match,4
1509,Jebasted󠀀 removed Pog,jebasted removed pog,twitch,twitch,pog,jebasted|removed,short_text|contains_unknown_terms|definition_like_translation,review_unknown_terms,4
1507,[2017-06-18 05:03:57 UTC] frogster420: Take it boi,2017-06-18 05 03 57 utc frogster420 take it boi,twitch,twitch,,,missing_slang|low_translation_confidence,mine_or_ignore_no_dictionary_match,4
1506,Jebaited󠀀 removed PepeHands,jebaited removed pepehands,twitch,twitch,pepehands|jebaited,removed,short_text|contains_unknown_terms|definition_like_translation,review_unknown_terms,4
1502,[Scramble] A scramble game has started.  Unscramble the following word to win: atackt,scramble a scramble game has started. unscramble the following word to win atackt,twitch,twitch,,,missing_slang|low_translation_confidence,mine_or_ignore_no_dictionary_match,4
1500,"[Trivia] No one answered correctly. FeelsBadMan The answer was: "" Tyson """,trivia no one answered correctly. feelsbadman the answer was tyson,twitch,twitch,,,missing_slang|low_translation_confidence,mine_or_ignore_no_dictionary_match,4
1519,2D is better AYAYAWeird,2d is better ayayaweird,twitch,twitch,,,missing_slang|low_translation_confidence,mine_or_ignore_no_dictionary_match,4
2878,@brian6932 yeah theres a lot of text happythoGiggle,yeah theres a lot of text happythogiggle,twitch,twitch,,,missing_slang|low_translation_confidence,mine_or_ignore_no_dictionary_match,4
2871,[Scramble] A scramble game has started.  Unscramble the following word to win: xerloep,scramble a scramble game has started. unscramble the following word to win xerloep,twitch,twitch,,,missing_slang|low_translation_confidence,mine_or_ignore_no_dictionary_match,4
2870,"[Scramble] No one answered correctly. FeelsBadMan The word was: "" assembly """,scramble no one answered correctly. feelsbadman the word was assembly,twitch,twitch,,,missing_slang|low_translation_confidence,mine_or_ignore_no_dictionary_match,4
1473,[Scramble] A scramble game has started.  Unscramble the following word to win: teiel,scramble a scramble game has started. unscramble the following word to win teiel,twitch,twitch,,,missing_slang|low_translation_confidence,mine_or_ignore_no_dictionary_match,4
1462,"[Trivia] These monkeys were important ""factors"" in the development of the Salk polio vaccine",trivia these monkeys were important factors in the development of the salk polio vaccine,twitch,twitch,,,missing_slang|low_translation_confidence,mine_or_ignore_no_dictionary_match,4
1492,all of my ideas are good,all of my ideas are good,twitch,twitch,,,missing_slang|low_translation_confidence,mine_or_ignore_no_dictionary_match,4
1491,"find a clip for it, and I'm down sodaSit","find a clip for it, and i'm down sodasit",twitch,twitch,,,missing_slang|low_translation_confidence,mine_or_ignore_no_dictionary_match,4
1490,"[Trivia] This ""Iron"" boxer said of an opponent, ""my main objective is to be professional but to kill him""","trivia this iron boxer said of an opponent, my main objective is to be professional but to kill him",twitch,twitch,,,missing_slang|low_translation_confidence,mine_or_ignore_no_dictionary_match,4
1489,It's not a bad idea,it's not a bad idea,twitch,twitch,,,missing_slang|low_translation_confidence,mine_or_ignore_no_dictionary_match,4
1488,make soda do it peepoShrug,make soda do it peeposhrug,twitch,twitch,,,missing_slang|low_translation_confidence,mine_or_ignore_no_dictionary_match,4
1487,but it has the doc NODDERS,but it has the doc nodders,twitch,twitch,,,missing_slang|low_translation_confidence,mine_or_ignore_no_dictionary_match,4
1486,whats a good emote,whats a good emote,twitch,twitch,,,missing_slang|low_translation_confidence,mine_or_ignore_no_dictionary_match,4
1484,THIS is a good emote NODDERS,this is a good emote nodders,twitch,twitch,,,missing_slang|low_translation_confidence,mine_or_ignore_no_dictionary_match,4
3461,is this our life now anime tits and cuties?,is this our life now anime tits and cuties,twitch,twitch,,,missing_slang|low_translation_confidence,mine_or_ignore_no_dictionary_match,4
3460,BACARDI banjoTime differente bacardi bellisimo,bacardi banjotime differente bacardi bellisimo,twitch,twitch,,,missing_slang|low_translation_confidence,mine_or_ignore_no_dictionary_match,4
3459,"yeah, it is Okayge","yeah, it is okayge",twitch,twitch,,,missing_slang|low_translation_confidence,mine_or_ignore_no_dictionary_match,4
3455,that one is good PagMan,that one is good pagman,twitch,twitch,,,missing_slang|low_translation_confidence,mine_or_ignore_no_dictionary_match,4
3453,;padoru hashire sori yo PADORU,padoru hashire sori yo padoru,twitch,twitch,,,missing_slang|low_translation_confidence,mine_or_ignore_no_dictionary_match,4
3450,HAPPYDOG <- dis scawy,happydog - dis scawy,twitch,twitch,,,missing_slang|low_translation_confidence,mine_or_ignore_no_dictionary_match,4
3447,FeelsDankMan but what should I build?,feelsdankman but what should i build,twitch,twitch,,,missing_slang|low_translation_confidence,mine_or_ignore_no_dictionary_match,4
3446,@crashfort Build something out of LEGO.,build something out of lego,twitch,twitch,,,missing_slang|low_translation_confidence,mine_or_ignore_no_dictionary_match,4
413,"creo que te tenes que tomar el de la derecha, uno que te lleva hasta darkshore","creo que te tenes que tomar el de la derecha, uno que te lleva hasta darkshore",twitch,twitch,,,missing_slang|low_translation_confidence,mine_or_ignore_no_dictionary_match,4
410,lmao I've been watching cat rp vid and forgot to turn off my music,lmao i've been watching cat rp vid and forgot to turn off my music,twitch,twitch,,,missing_slang|low_translation_confidence,mine_or_ignore_no_dictionary_match,4
407,ACTION AIterAce rolls 50 (1-100),action aiterace rolls 50 1-100,twitch,twitch,,,missing_slang|low_translation_confidence,mine_or_ignore_no_dictionary_match,4
406,"ACTION AIterAce - the length of your D is 8,62 centimeters","action aiterace - the length of your d is 8,62 centimeters",twitch,twitch,,,missing_slang|low_translation_confidence,mine_or_ignore_no_dictionary_match,4
3444,!8ball cheese toasty ? happythoThink,8ball cheese toasty ? happythothink,twitch,twitch,,,missing_slang|low_translation_confidence,mine_or_ignore_no_dictionary_match,4
3441,TANTRUM I will come for you,tantrum i will come for you,twitch,twitch,,,missing_slang|low_translation_confidence,mine_or_ignore_no_dictionary_match,4
2895,PepeLaugh doesn't know the Porsche emote PepeLaugh,pepelaugh doesn't know the porsche emote pepelaugh,twitch,twitch,,,missing_slang|low_translation_confidence,mine_or_ignore_no_dictionary_match,4
2892,"@crashfort, just enable it TANTRUM",just enable it tantrum,twitch,twitch,,,missing_slang|low_translation_confidence,mine_or_ignore_no_dictionary_match,4
2888,[Scramble] A scramble game has started.  Unscramble the following word to win: nerseus,scramble a scramble game has started. unscramble the following word to win nerseus,twitch,twitch,,,missing_slang|low_translation_confidence,mine_or_ignore_no_dictionary_match,4
2887,like it's just an ffz toggle at this point PepeLaugh,like it's just an ffz toggle at this point pepelaugh,twitch,twitch,,,missing_slang|low_translation_confidence,mine_or_ignore_no_dictionary_match,4
1461,my splits making me donk FeelsDankMan,my splits making me donk feelsdankman,twitch,twitch,,,missing_slang|low_translation_confidence,mine_or_ignore_no_dictionary_match,4
1457,"[Trivia] No one answered correctly. FeelsBadMan The answer was: "" Cathy """,trivia no one answered correctly. feelsbadman the answer was cathy,twitch,twitch,,,missing_slang|low_translation_confidence,mine_or_ignore_no_dictionary_match,4
1456,[Trivia] @brian6932 cater is close. [Similarity: 50%],trivia cater is close. similarity 50,twitch,twitch,,,missing_slang|low_translation_confidence,mine_or_ignore_no_dictionary_match,4
1454,[Trivia] @brian6932 cati is close. [Similarity: 57%],trivia cati is close. similarity 57,twitch,twitch,,,missing_slang|low_translation_confidence,mine_or_ignore_no_dictionary_match,4
1452,[Trivia] @brian6932 cat is close. [Similarity: 67%],trivia cat is close. similarity 67,twitch,twitch,,,missing_slang|low_translation_confidence,mine_or_ignore_no_dictionary_match,4
1449,[Trivia] @theyungyee cats is close. [Similarity: 57%],trivia cats is close. similarity 57,twitch,twitch,,,missing_slang|low_translation_confidence,mine_or_ignore_no_dictionary_match,4
2879,[Scramble] A scramble game has started.  Unscramble the following word to win: sraef,scramble a scramble game has started. unscramble the following word to win sraef,twitch,twitch,,,missing_slang|low_translation_confidence,mine_or_ignore_no_dictionary_match,4
2911,that is a waste of time,that is a waste of time,twitch,twitch,,,missing_slang|low_translation_confidence,mine_or_ignore_no_dictionary_match,4
2909,[Trivia] The residents of this country noted for its Grand Prix are almost all foreigners,trivia the residents of this country noted for its grand prix are almost all foreigners,twitch,twitch,,,missing_slang|low_translation_confidence,mine_or_ignore_no_dictionary_match,4
2907,Even though if i do node main.js it works fine,even though if i do node main.js it works fine,twitch,twitch,,,missing_slang|low_translation_confidence,mine_or_ignore_no_dictionary_match,4
1410,[Scramble] A scramble game has started.  Unscramble the following word to win: yrpaidl,scramble a scramble game has started. unscramble the following word to win yrpaidl,twitch,twitch,,,missing_slang|low_translation_confidence,mine_or_ignore_no_dictionary_match,4
1398,[Scramble] A scramble game has started.  Unscramble the following word to win: emesgners,scramble a scramble game has started. unscramble the following word to win emesgners,twitch,twitch,,,missing_slang|low_translation_confidence,mine_or_ignore_no_dictionary_match,4
1421,"[Trivia] Sean Connery, Clive Owen, Graham Chapman","trivia sean connery, clive owen, graham chapman",twitch,twitch,,,missing_slang|low_translation_confidence,mine_or_ignore_no_dictionary_match,4
1441,[2018-06-13 00:20:00 UTC] frogster420: goldblum KappaPride,2018-06-13 00 20 00 utc frogster420 goldblum kappapride,twitch,twitch,,,missing_slang|low_translation_confidence,mine_or_ignore_no_dictionary_match,4
3439,TANTRUM DO NOT CALL ME TAHT,tantrum do not call me taht,twitch,twitch,,,missing_slang|low_translation_confidence,mine_or_ignore_no_dictionary_match,4
3433,"@exepir, who is brain? sodaSTARE",who is brain? sodastare,twitch,twitch,,,missing_slang|low_translation_confidence,mine_or_ignore_no_dictionary_match,4
3430,"@schnaidah an astute observation, fellow chat participant NOTED","an astute observation, fellow chat participant noted",twitch,twitch,,,missing_slang|low_translation_confidence,mine_or_ignore_no_dictionary_match,4
437,xqcL me so i can go to beb totsSlam,xqcl me so i can go to beb totsslam,twitch,twitch,,,missing_slang|low_translation_confidence,mine_or_ignore_no_dictionary_match,4
435,no frick you radiantSip,no frick you radiantsip,twitch,twitch,,,missing_slang|low_translation_confidence,mine_or_ignore_no_dictionary_match,4
434,tnk xqcL me totsDead,tnk xqcl me totsdead,twitch,twitch,,,missing_slang|low_translation_confidence,mine_or_ignore_no_dictionary_match,4
429,it's the middle of the night Smadge Spray MEOW,it's the middle of the night smadge spray meow,twitch,twitch,,,missing_slang|low_translation_confidence,mine_or_ignore_no_dictionary_match,4
450,"damn this guys a juicer, retard and simp","damn this guys a juicer, retard and simp",twitch,twitch,,,missing_slang|low_translation_confidence,mine_or_ignore_no_dictionary_match,4
443,Hey chat xqcArm1 xqcE xqcArm2,hey chat xqcarm1 xqce xqcarm2,twitch,twitch,,,missing_slang|low_translation_confidence,mine_or_ignore_no_dictionary_match,4
440,the love of your life,the love of your life,twitch,twitch,,,missing_slang|low_translation_confidence,mine_or_ignore_no_dictionary_match,4
439,who is this guy,who is this guy,twitch,twitch,,,missing_slang|low_translation_confidence,mine_or_ignore_no_dictionary_match,4
465,now to go sleep cute anime girl,now to go sleep cute anime girl,twitch,twitch,,,missing_slang|low_translation_confidence,mine_or_ignore_no_dictionary_match,4
456,No beb until tnk xqcL me,no beb until tnk xqcl me,twitch,twitch,,,missing_slang|low_translation_confidence,mine_or_ignore_no_dictionary_match,4
2929,"@Jazzykat sodapoppin has been offline for 1 day, 14 hours and 12 minutes","sodapoppin has been offline for 1 day, 14 hours and 12 minutes",twitch,twitch,,,missing_slang|low_translation_confidence,mine_or_ignore_no_dictionary_match,4
2924,I dont remember if it's docker compose or something FeelsDankMan,i dont remember if it's docker compose or something feelsdankman,twitch,twitch,,,missing_slang|low_translation_confidence,mine_or_ignore_no_dictionary_match,4
2921,i always confuse monaco and morocco,i always confuse monaco and morocco,twitch,twitch,,,missing_slang|low_translation_confidence,mine_or_ignore_no_dictionary_match,4
2918,No it is not,no it is not,twitch,twitch,,,missing_slang|low_translation_confidence,mine_or_ignore_no_dictionary_match,4
1363,"[Trivia] This sports drink's new ""Frost"" flavors are Whitewater Splash, Glacier Freeze, and Alpine Snow","trivia this sports drink's new frost flavors are whitewater splash, glacier freeze, and alpine snow",twitch,twitch,,,missing_slang|low_translation_confidence,mine_or_ignore_no_dictionary_match,4
1366,glacier freeze is my shit,glacier freeze is my shit,twitch,twitch,,,missing_slang|low_translation_confidence,mine_or_ignore_no_dictionary_match,4
1395,"[Trivia] ""Educational"" term for something from an earlier era",trivia educational term for something from an earlier era,twitch,twitch,,,missing_slang|low_translation_confidence,mine_or_ignore_no_dictionary_match,4
1388,[Trivia] @brian6932 johnny sins is close. [Similarity: 50%],trivia johnny sins is close. similarity 50,twitch,twitch,,,missing_slang|low_translation_confidence,mine_or_ignore_no_dictionary_match,4
1386,yeah i call them that tho,yeah i call them that tho,twitch,twitch,,,missing_slang|low_translation_confidence,mine_or_ignore_no_dictionary_match,4
1383,It's both in NA,it's both in na,twitch,twitch,,,missing_slang|low_translation_confidence,mine_or_ignore_no_dictionary_match,4
2948,"@shaun986, ye and my point still stands NODDERS",ye and my point still stands nodders,twitch,twitch,,,missing_slang|low_translation_confidence,mine_or_ignore_no_dictionary_match,4
2945,he was on skippy tho,he was on skippy tho,twitch,twitch,,,missing_slang|low_translation_confidence,mine_or_ignore_no_dictionary_match,4
2940,FeelsDankMan it's not like you've done much with it,feelsdankman it's not like you've done much with it,twitch,twitch,,,missing_slang|low_translation_confidence,mine_or_ignore_no_dictionary_match,4
2938,[Scramble] A scramble game has started.  Unscramble the following word to win: dofo,scramble a scramble game has started. unscramble the following word to win dofo,twitch,twitch,,,missing_slang|low_translation_confidence,mine_or_ignore_no_dictionary_match,4
2937,ya hes been afk for a full ass day,ya hes been afk for a full ass day,twitch,twitch,,,missing_slang|low_translation_confidence,mine_or_ignore_no_dictionary_match,4
2936,FeelsDankMan you would be tho,feelsdankman you would be tho,twitch,twitch,,,missing_slang|low_translation_confidence,mine_or_ignore_no_dictionary_match,4
2934,So it can be left in the background to run,so it can be left in the background to run,twitch,twitch,,,missing_slang|low_translation_confidence,mine_or_ignore_no_dictionary_match,4
1333,hang on hogings i'll grab my d20 rq,hang on hogings i'll grab my d20 rq,twitch,twitch,,,missing_slang|low_translation_confidence,mine_or_ignore_no_dictionary_match,4
1319,[2021-08-12 02:00:02 UTC] hogings: puff update your chatterino,2021-08-12 02 00 02 utc hogings puff update your chatterino,twitch,twitch,,,missing_slang|low_translation_confidence,mine_or_ignore_no_dictionary_match,4
1345,[2021-03-07 19:04:03 UTC] hogings: i'm 176 and ~70kg,2021-03-07 19 04 03 utc hogings i'm 176 and 70kg,twitch,twitch,,,missing_slang|low_translation_confidence,mine_or_ignore_no_dictionary_match,4
1339,[2021-04-30 10:32:35 UTC] hogings: tnk is a bottom NOTED,2021-04-30 10 32 35 utc hogings tnk is a bottom noted,twitch,twitch,,,missing_slang|low_translation_confidence,mine_or_ignore_no_dictionary_match,4
1338,Woah  Thinking1  TrollDespair  Thinking2,woah thinking1 trolldespair thinking2,twitch,twitch,,,missing_slang|low_translation_confidence,mine_or_ignore_no_dictionary_match,4
1337,[2021-06-18 13:20:51 UTC] hogings: copy the content of the zip into your chatterino folder,2021-06-18 13 20 51 utc hogings copy the content of the zip into your chatterino folder,twitch,twitch,,,missing_slang|low_translation_confidence,mine_or_ignore_no_dictionary_match,4
2932,aight then he is going live today,aight then he is going live today,twitch,twitch,,,missing_slang|low_translation_confidence,mine_or_ignore_no_dictionary_match,4
1309,"@brian6932 sodapoppin has been offline for 1 day, 3 hours and 55 minutes","sodapoppin has been offline for 1 day, 3 hours and 55 minutes",twitch,twitch,,,missing_slang|low_translation_confidence,mine_or_ignore_no_dictionary_match,4
1308,Does anyone know when chance is going to be on today?,does anyone know when chance is going to be on today,twitch,twitch,,,missing_slang|low_translation_confidence,mine_or_ignore_no_dictionary_match,4
1306,@hogings Never waste an opportunity to tell someone you love them.,never waste an opportunity to tell someone you love them,twitch,twitch,,,missing_slang|low_translation_confidence,mine_or_ignore_no_dictionary_match,4
1305,"@Hogings, The commands for this channel are available at: https://fossabot.com/commands/sodapoppin",the commands for this channel are available at,twitch,twitch,,,missing_slang|low_translation_confidence,mine_or_ignore_no_dictionary_match,4
1303,ACTION Hogings won the fight!,action hogings won the fight,twitch,twitch,,,missing_slang|low_translation_confidence,mine_or_ignore_no_dictionary_match,4
2965,[Scramble] A scramble game has started.  Unscramble the following word to win: revaerlt,scramble a scramble game has started. unscramble the following word to win revaerlt,twitch,twitch,,,missing_slang|low_translation_confidence,mine_or_ignore_no_dictionary_match,4
2959,This is for something else FeelsDankMan,this is for something else feelsdankman,twitch,twitch,,,missing_slang|low_translation_confidence,mine_or_ignore_no_dictionary_match,4
2958,[Scramble] A scramble game has started.  Unscramble the following word to win: erotpr,scramble a scramble game has started. unscramble the following word to win erotpr,twitch,twitch,,,missing_slang|low_translation_confidence,mine_or_ignore_no_dictionary_match,4
2957,This isn't for chatterino brian,this isn't for chatterino brian,twitch,twitch,,,missing_slang|low_translation_confidence,mine_or_ignore_no_dictionary_match,4
2956,@brian6932 i mean like the delay where mods can see messages before others,i mean like the delay where mods can see messages before others,twitch,twitch,,,missing_slang|low_translation_confidence,mine_or_ignore_no_dictionary_match,4
2952,FeelsDankMan there is never a delay on chatterino @crashfort,feelsdankman there is never a delay on chatterino,twitch,twitch,,,missing_slang|low_translation_confidence,mine_or_ignore_no_dictionary_match,4
2949,a full ass day,a full ass day,twitch,twitch,,,missing_slang|low_translation_confidence,mine_or_ignore_no_dictionary_match,4
3425,happythoPadoru happythoPadoru happythoPadoru happythoPadoru happythoPadoru happythoPadoru happythoPadoru,happythopadoru happythopadoru happythopadoru happythopadoru happythopadoru happythopadoru happythopadoru,twitch,twitch,,,missing_slang|low_translation_confidence,mine_or_ignore_no_dictionary_match,4
3424,padoru is cute but not that useable peepoShrug,padoru is cute but not that useable peeposhrug,twitch,twitch,,,missing_slang|low_translation_confidence,mine_or_ignore_no_dictionary_match,4
3423,https://www.youtube.com/watch?v=SSTocvBC63g 5 hours I'm going in widepeepoConcept,5 hours i'm going in widepeepoconcept,twitch,twitch,,,missing_slang|low_translation_confidence,mine_or_ignore_no_dictionary_match,4
3422,1 year older than last years NOTED,1 year older than last years noted,twitch,twitch,,,missing_slang|low_translation_confidence,mine_or_ignore_no_dictionary_match,4
3421,"@exepir, Next stream today or tomorrow Ελέγξτε το twitter για ενημερώσεις sodaS https://twitter.com/sodapoppintv",next stream today or tomorrow twitter sodas,twitch,twitch,,,missing_slang|low_translation_confidence,mine_or_ignore_no_dictionary_match,4
3414,how do i know that they taste good thats a long story i say,how do i know that they taste good thats a long story i say,twitch,twitch,,,missing_slang|low_translation_confidence,mine_or_ignore_no_dictionary_match,4
473,Anyone watching Metallica NODDERS,anyone watching metallica nodders,twitch,twitch,,,missing_slang|low_translation_confidence,mine_or_ignore_no_dictionary_match,4
471,Go to sleep chat xqcL,go to sleep chat xqcl,twitch,twitch,,,missing_slang|low_translation_confidence,mine_or_ignore_no_dictionary_match,4
499,yungyee more like youngyee,yungyee more like youngyee,twitch,twitch,,,missing_slang|low_translation_confidence,mine_or_ignore_no_dictionary_match,4
498,Make sure to follow the stream! :),make sure to follow the stream,twitch,twitch,,,missing_slang|low_translation_confidence,mine_or_ignore_no_dictionary_match,4
493,I found a fellow wiggler in the Metallica chat peepoHappier,i found a fellow wiggler in the metallica chat peepohappier,twitch,twitch,,,missing_slang|low_translation_confidence,mine_or_ignore_no_dictionary_match,4
505,donde el streamero nino,donde el streamero nino,twitch,twitch,,,missing_slang|low_translation_confidence,mine_or_ignore_no_dictionary_match,4
503,i cant believ you would say that,i cant believ you would say that,twitch,twitch,,,missing_slang|low_translation_confidence,mine_or_ignore_no_dictionary_match,4
2977,[Trivia] @brockovitch yogi bear is close. [Similarity: 67%],trivia yogi bear is close. similarity 67,twitch,twitch,,,missing_slang|low_translation_confidence,mine_or_ignore_no_dictionary_match,4
2968,[Trivia] Who was the first pinch hitter to score a home run in World Series play?,trivia who was the first pinch hitter to score a home run in world series play,twitch,twitch,,,missing_slang|low_translation_confidence,mine_or_ignore_no_dictionary_match,4
1298,the @ tells you who won LULW,the tells you who won lulw,twitch,twitch,,,missing_slang|low_translation_confidence,mine_or_ignore_no_dictionary_match,4
1296,ACTION @brian6932 won the fight!,action won the fight,twitch,twitch,,,missing_slang|low_translation_confidence,mine_or_ignore_no_dictionary_match,4
1294,ACTION Hogings rolls 9 (1-100),action hogings rolls 9 1-100,twitch,twitch,,,missing_slang|low_translation_confidence,mine_or_ignore_no_dictionary_match,4
1293,"ACTION Hogings - the length of your D is 29,62 centimeters","action hogings - the length of your d is 29,62 centimeters",twitch,twitch,,,missing_slang|low_translation_confidence,mine_or_ignore_no_dictionary_match,4
1292,ACTION Hogings just won 46 xD points! PogChamp,action hogings just won 46 xd points! pogchamp,twitch,twitch,,,missing_slang|low_translation_confidence,mine_or_ignore_no_dictionary_match,4
1288,ACTION brian6932 won the fight!,action brian6932 won the fight,twitch,twitch,,,missing_slang|low_translation_confidence,mine_or_ignore_no_dictionary_match,4
1287,[2020-12-05 22:02:22 UTC] hogings: !fight myself,2020-12-05 22 02 22 utc hogings !fight myself,twitch,twitch,,,missing_slang|low_translation_confidence,mine_or_ignore_no_dictionary_match,4
1286,"@atomg0at, Next stream today or tomorrow Kontrollera twitter för uppdateringar widepeepoHappy https://twitter.com/sodapoppintv",next stream today or tomorrow kontrollera twitter f r uppdateringar widepeepohappy,twitch,twitch,,,missing_slang|low_translation_confidence,mine_or_ignore_no_dictionary_match,4
1314,4 pople watching from sweden,4 pople watching from sweden,twitch,twitch,,,missing_slang|low_translation_confidence,mine_or_ignore_no_dictionary_match,4
1312,or chat in the first place FeelsDankMan,or chat in the first place feelsdankman,twitch,twitch,,,missing_slang|low_translation_confidence,mine_or_ignore_no_dictionary_match,4
1257,HAPPY I just bought something from soda-s merch store,happy i just bought something from soda-s merch store,twitch,twitch,,,missing_slang|low_translation_confidence,mine_or_ignore_no_dictionary_match,4
2991,[Scramble] A scramble game has started.  Unscramble the following word to win: aemuss,scramble a scramble game has started. unscramble the following word to win aemuss,twitch,twitch,,,missing_slang|low_translation_confidence,mine_or_ignore_no_dictionary_match,4
2984,[Scramble] A scramble game has started.  Unscramble the following word to win: nmggia,scramble a scramble game has started. unscramble the following word to win nmggia,twitch,twitch,,,missing_slang|low_translation_confidence,mine_or_ignore_no_dictionary_match,4
1285,pepeRun Soda Live when?,peperun soda live when,twitch,twitch,,,missing_slang|low_translation_confidence,mine_or_ignore_no_dictionary_match,4
1284,"hogings, User 'hogings' has said /d[ao]nk/i 4,016 times in channel 'sodapoppin'","hogings, user 'hogings' has said d ao nk i 4,016 times in channel 'sodapoppin'",twitch,twitch,,,missing_slang|low_translation_confidence,mine_or_ignore_no_dictionary_match,4
1282,"brian6932, User 'brian6932' has said /d[ao]nk/i 4,953 times in channel 'sodapoppin'","brian6932, user 'brian6932' has said d ao nk i 4,953 times in channel 'sodapoppin'",twitch,twitch,,,missing_slang|low_translation_confidence,mine_or_ignore_no_dictionary_match,4
1280,!scan /d[ao]nk/i,scan d ao nk i,twitch,twitch,,,missing_slang|low_translation_confidence,mine_or_ignore_no_dictionary_match,4
1278,"[Trivia] No one answered correctly. FeelsBadMan The answer was: "" Help """,trivia no one answered correctly. feelsbadman the answer was help,twitch,twitch,,,missing_slang|low_translation_confidence,mine_or_ignore_no_dictionary_match,4
1276,[Trivia] @brian6932 hellen is close. [Similarity: 50%],trivia hellen is close. similarity 50,twitch,twitch,,,missing_slang|low_translation_confidence,mine_or_ignore_no_dictionary_match,4
1274,[Trivia] @brian6932 hell is close. [Similarity: 67%],trivia hell is close. similarity 67,twitch,twitch,,,missing_slang|low_translation_confidence,mine_or_ignore_no_dictionary_match,4
1241,[Trivia] @brian6932 sally is close. [Similarity: 67%],trivia sally is close. similarity 67,twitch,twitch,,,missing_slang|low_translation_confidence,mine_or_ignore_no_dictionary_match,4
3009,"[Trivia] Britannica calls this 3-letter genre ""Jamaica's first indigenous urban pop style""",trivia britannica calls this 3-letter genre jamaica's first indigenous urban pop style,twitch,twitch,,,missing_slang|low_translation_confidence,mine_or_ignore_no_dictionary_match,4
3003,[Scramble] A scramble game has started.  Unscramble the following word to win: vteian,scramble a scramble game has started. unscramble the following word to win vteian,twitch,twitch,,,missing_slang|low_translation_confidence,mine_or_ignore_no_dictionary_match,4
3002,"Jazzykat, Sadge","jazzykat, sadge",twitch,twitch,sadge,jazzykat,short_text|contains_unknown_terms|definition_like_translation,review_unknown_terms,4
2998,peepoSmash online classes suck because teacher cant even help me properly,peeposmash online classes suck because teacher cant even help me properly,twitch,twitch,,,missing_slang|low_translation_confidence,mine_or_ignore_no_dictionary_match,4
1269,ACTION Hogings rolls 91 (1-100),action hogings rolls 91 1-100,twitch,twitch,,,missing_slang|low_translation_confidence,mine_or_ignore_no_dictionary_match,4
1268,"ACTION Hogings - the length of your D is 30,56 centimeters","action hogings - the length of your d is 30,56 centimeters",twitch,twitch,,,missing_slang|low_translation_confidence,mine_or_ignore_no_dictionary_match,4
1267,ACTION Hogings just won 47 xD points! PogChamp,action hogings just won 47 xd points! pogchamp,twitch,twitch,,,missing_slang|low_translation_confidence,mine_or_ignore_no_dictionary_match,4
1266,[2021-04-17 00:48:31 UTC] hogings: panda i had cock again peepoPog,2021-04-17 00 48 31 utc hogings panda i had cock again peepopog,twitch,twitch,,,missing_slang|low_translation_confidence,mine_or_ignore_no_dictionary_match,4
1265,[2020-11-26 14:57:15 UTC] hogings: @BakaBryanBC peepoHappy,2020-11-26 14 57 15 utc hogings peepohappy,twitch,twitch,,,missing_slang|low_translation_confidence,mine_or_ignore_no_dictionary_match,4
1264,[2021-03-04 19:57:18 UTC] hogings: send me one,2021-03-04 19 57 18 utc hogings send me one,twitch,twitch,,,missing_slang|low_translation_confidence,mine_or_ignore_no_dictionary_match,4
1263,[2021-03-07 14:24:48 UTC] hogings: @cyphy why not? happythoWeird,2021-03-07 14 24 48 utc hogings why not? happythoweird,twitch,twitch,,,missing_slang|low_translation_confidence,mine_or_ignore_no_dictionary_match,4
1262,[2020-10-08 20:20:49 UTC] hogings: EZ ?,2020-10-08 20 20 49 utc hogings ez,twitch,twitch,,,missing_slang|low_translation_confidence,mine_or_ignore_no_dictionary_match,4
3413,this year there's a lot less padoru spam than usual NOTED I guess the meme is getting rather old,this year there's a lot less padoru spam than usual noted i guess the meme is getting rather old,twitch,twitch,,,missing_slang|low_translation_confidence,mine_or_ignore_no_dictionary_match,4
3408,just like my dong,just like my dong,twitch,twitch,,,missing_slang|low_translation_confidence,mine_or_ignore_no_dictionary_match,4
3404,they are good and tasty,they are good and tasty,twitch,twitch,,,missing_slang|low_translation_confidence,mine_or_ignore_no_dictionary_match,4
3402,chicken franks are bis,chicken franks are bis,twitch,twitch,,,missing_slang|low_translation_confidence,mine_or_ignore_no_dictionary_match,4
3398,eat hot dogs the long way TASTY,eat hot dogs the long way tasty,twitch,twitch,,,missing_slang|low_translation_confidence,mine_or_ignore_no_dictionary_match,4
531,Guess i will be here,guess i will be here,twitch,twitch,,,missing_slang|low_translation_confidence,mine_or_ignore_no_dictionary_match,4
526,its 1 am Hmm,its 1 am hmm,twitch,twitch,,,missing_slang|low_translation_confidence,mine_or_ignore_no_dictionary_match,4
520,time to eat dinner,time to eat dinner,twitch,twitch,,,missing_slang|low_translation_confidence,mine_or_ignore_no_dictionary_match,4
548,"@TOMIIll your questions earlier about ETS, i have 100 hours in ATS but dont own ets","your questions earlier about ets, i have 100 hours in ats but dont own ets",twitch,twitch,,,missing_slang|low_translation_confidence,mine_or_ignore_no_dictionary_match,4
540,Waifus are worth it,waifus are worth it,twitch,twitch,,,missing_slang|low_translation_confidence,mine_or_ignore_no_dictionary_match,4
535,wrangler02 you should quit and give up life sucks anyways,wrangler02 you should quit and give up life sucks anyways,twitch,twitch,,,missing_slang|low_translation_confidence,mine_or_ignore_no_dictionary_match,4
534,Eeya can you sleep at night please happythoTuck,eeya can you sleep at night please happythotuck,twitch,twitch,,,missing_slang|low_translation_confidence,mine_or_ignore_no_dictionary_match,4
3392,"People that eat hotdogs are WutFace . Sausages is ok, at least you know it's meat","people that eat hotdogs are wutface . sausages is ok, at least you know it's meat",twitch,twitch,,,missing_slang|low_translation_confidence,mine_or_ignore_no_dictionary_match,4
3018,"[Trivia] Stendhal's ""The Charterhouse of"" this place is set in a prince's court in northern Italy",trivia stendhal's the charterhouse of this place is set in a prince's court in northern italy,twitch,twitch,,,missing_slang|low_translation_confidence,mine_or_ignore_no_dictionary_match,4
1234,"[Trivia] My PlayStation 3 lets me enjoy important historical movies in this ""colorful"" format",trivia my playstation 3 lets me enjoy important historical movies in this colorful format,twitch,twitch,,,missing_slang|low_translation_confidence,mine_or_ignore_no_dictionary_match,4
1229,ACTION Hogings rolls 53 (1-100),action hogings rolls 53 1-100,twitch,twitch,,,missing_slang|low_translation_confidence,mine_or_ignore_no_dictionary_match,4
1228,"ACTION Hogings - the length of your D is 21,8 centimeters","action hogings - the length of your d is 21,8 centimeters",twitch,twitch,,,missing_slang|low_translation_confidence,mine_or_ignore_no_dictionary_match,4
1227,ACTION Hogings just won 35 xD points! PogChamp,action hogings just won 35 xd points! pogchamp,twitch,twitch,,,missing_slang|low_translation_confidence,mine_or_ignore_no_dictionary_match,4
1226,[2021-11-24 15:23:58 UTC] hogings: filipe,2021-11-24 15 23 58 utc hogings filipe,twitch,twitch,,,missing_slang|low_translation_confidence,mine_or_ignore_no_dictionary_match,4
1225,[2021-04-08 18:18:13 UTC] hogings: i dont have them peepoSad,2021-04-08 18 18 13 utc hogings i dont have them peeposad,twitch,twitch,,,missing_slang|low_translation_confidence,mine_or_ignore_no_dictionary_match,4
1224,"@Hogings, Hogings has been following sodapoppin for 8 years, 10 months, 7 days and 7 hours","hogings has been following sodapoppin for 8 years, 10 months, 7 days and 7 hours",twitch,twitch,,,missing_slang|low_translation_confidence,mine_or_ignore_no_dictionary_match,4
1253,"[Trivia] No one answered correctly. FeelsBadMan The answer was: "" Sally Ride """,trivia no one answered correctly. feelsbadman the answer was sally ride,twitch,twitch,,,missing_slang|low_translation_confidence,mine_or_ignore_no_dictionary_match,4
1251,[Trivia] @brian6932 sally e is close. [Similarity: 62%],trivia sally e is close. similarity 62,twitch,twitch,,,missing_slang|low_translation_confidence,mine_or_ignore_no_dictionary_match,4
1249,[Trivia] @brian6932 sally  d is close. [Similarity: 62%],trivia sally d is close. similarity 62,twitch,twitch,,,missing_slang|low_translation_confidence,mine_or_ignore_no_dictionary_match,4
1247,[Trivia] @brian6932 sally c is close. [Similarity: 62%],trivia sally c is close. similarity 62,twitch,twitch,,,missing_slang|low_translation_confidence,mine_or_ignore_no_dictionary_match,4
1245,[Trivia] @brian6932 sally b is close. [Similarity: 62%],trivia sally b is close. similarity 62,twitch,twitch,,,missing_slang|low_translation_confidence,mine_or_ignore_no_dictionary_match,4
1243,[Trivia] @brian6932 sally a is close. [Similarity: 62%],trivia sally a is close. similarity 62,twitch,twitch,,,missing_slang|low_translation_confidence,mine_or_ignore_no_dictionary_match,4
1178,you are cute Ecko sodaStand,you are cute ecko sodastand,twitch,twitch,,,missing_slang|low_translation_confidence,mine_or_ignore_no_dictionary_match,4
3044,its like the only thing i dont undertstand in this class,its like the only thing i dont undertstand in this class,twitch,twitch,,,missing_slang|low_translation_confidence,mine_or_ignore_no_dictionary_match,4
3040,[Trivia] What is a geiger counter used to measure?,trivia what is a geiger counter used to measure,twitch,twitch,,,missing_slang|low_translation_confidence,mine_or_ignore_no_dictionary_match,4
1204,bobo is a cutie,bobo is a cutie,twitch,twitch,,,missing_slang|low_translation_confidence,mine_or_ignore_no_dictionary_match,4
1200,ACTION wrangler02 rolls 61 (1-100),action wrangler02 rolls 61 1-100,twitch,twitch,,,missing_slang|low_translation_confidence,mine_or_ignore_no_dictionary_match,4
1198,[2021-10-29 00:22:46 UTC] hexedhero: Madwokege SHUT UP,2021-10-29 00 22 46 utc hexedhero madwokege shut up,twitch,twitch,,,missing_slang|low_translation_confidence,mine_or_ignore_no_dictionary_match,4
1191,peepoPog Clap Simpsorma YOU DID IT,peepopog clap simpsorma you did it,twitch,twitch,,,missing_slang|low_translation_confidence,mine_or_ignore_no_dictionary_match,4
1221,[2021-06-10 18:16:10 UTC] hogings: mollie sodaL,2021-06-10 18 16 10 utc hogings mollie sodal,twitch,twitch,,,missing_slang|low_translation_confidence,mine_or_ignore_no_dictionary_match,4
1220,[2020-10-31 16:20:58 UTC] hogings: 2 days 5 hrs,2020-10-31 16 20 58 utc hogings 2 days 5 hrs,twitch,twitch,,,missing_slang|low_translation_confidence,mine_or_ignore_no_dictionary_match,4
1217,!timemeout time to get off my phone cause i’m an elite,timemeout time to get off my phone cause i m an elite,twitch,twitch,,,missing_slang|low_translation_confidence,mine_or_ignore_no_dictionary_match,4
1212,i love among us,i love among us,twitch,twitch,,,missing_slang|low_translation_confidence,mine_or_ignore_no_dictionary_match,4
1209,Wanna join my amongus rp server?,wanna join my amongus rp server,twitch,twitch,,,missing_slang|low_translation_confidence,mine_or_ignore_no_dictionary_match,4
1206,FeelsOkayMan so are you dex,feelsokayman so are you dex,twitch,twitch,,,missing_slang|low_translation_confidence,mine_or_ignore_no_dictionary_match,4
3057,"I only use blender, can't help either FeelsBadMan","i only use blender, can't help either feelsbadman",twitch,twitch,,,missing_slang|low_translation_confidence,mine_or_ignore_no_dictionary_match,4
3051,[Scramble] A scramble game has started.  Unscramble the following word to win: operntw,scramble a scramble game has started. unscramble the following word to win operntw,twitch,twitch,,,missing_slang|low_translation_confidence,mine_or_ignore_no_dictionary_match,4
3050,imma just do it a long tedious way pepeW,imma just do it a long tedious way pepew,twitch,twitch,,,missing_slang|low_translation_confidence,mine_or_ignore_no_dictionary_match,4
1157,[2020-12-26 21:37:38 UTC] sniperwulf: sodaLurk happythoLurk realvrLurk,2020-12-26 21 37 38 utc sniperwulf sodalurk happytholurk realvrlurk,twitch,twitch,,,missing_slang|low_translation_confidence,mine_or_ignore_no_dictionary_match,4
1154,radiantNod yes it was,radiantnod yes it was,twitch,twitch,,,missing_slang|low_translation_confidence,mine_or_ignore_no_dictionary_match,4
1153,[2021-05-16 01:56:06 UTC] simpsorma: It wasnt me,2021-05-16 01 56 06 utc simpsorma it wasnt me,twitch,twitch,,,missing_slang|low_translation_confidence,mine_or_ignore_no_dictionary_match,4
1146,thankyou thankyou chilly sodaLove,thankyou thankyou chilly sodalove,twitch,twitch,,,missing_slang|low_translation_confidence,mine_or_ignore_no_dictionary_match,4
1170,"[2016-02-06 21:22:53 UTC] simpsorma: @steakdude32121, Wanna fuck","2016-02-06 21 22 53 utc simpsorma , wanna fuck",twitch,twitch,,,missing_slang|low_translation_confidence,mine_or_ignore_no_dictionary_match,4
1169,selphyNANI ruude that hurts,selphynani ruude that hurts,twitch,twitch,,,missing_slang|low_translation_confidence,mine_or_ignore_no_dictionary_match,4
1189,[2016-02-04 21:32:53 UTC] simpsorma: YEA,2016-02-04 21 32 53 utc simpsorma yea,twitch,twitch,,,missing_slang|low_translation_confidence,mine_or_ignore_no_dictionary_match,4
1188,I believe I read about it in the docs,i believe i read about it in the docs,twitch,twitch,,,missing_slang|low_translation_confidence,mine_or_ignore_no_dictionary_match,4
1187,"just MouseMove(x,y) 4Head","just mousemove x,y 4head",twitch,twitch,,,missing_slang|low_translation_confidence,mine_or_ignore_no_dictionary_match,4
1185,@brian6932 i was able to figure out the ahk mouse movement,i was able to figure out the ahk mouse movement,twitch,twitch,,,missing_slang|low_translation_confidence,mine_or_ignore_no_dictionary_match,4
3070,i wonder if some day colleges will just use blender instead of maya,i wonder if some day colleges will just use blender instead of maya,twitch,twitch,,,missing_slang|low_translation_confidence,mine_or_ignore_no_dictionary_match,4
3063,I hear maya has awful ui,i hear maya has awful ui,twitch,twitch,,,missing_slang|low_translation_confidence,mine_or_ignore_no_dictionary_match,4
3062,NODDERS i like blender way more,nodders i like blender way more,twitch,twitch,,,missing_slang|low_translation_confidence,mine_or_ignore_no_dictionary_match,4
1125,It's what chatterino uses vulpes3Lurk,it's what chatterino uses vulpes3lurk,twitch,twitch,,,missing_slang|low_translation_confidence,mine_or_ignore_no_dictionary_match,4
1124,Qt is a GUI library for C++,qt is a gui library for c,twitch,twitch,,,missing_slang|low_translation_confidence,mine_or_ignore_no_dictionary_match,4
1122,qt creator sounds familiar,qt creator sounds familiar,twitch,twitch,,,missing_slang|low_translation_confidence,mine_or_ignore_no_dictionary_match,4
1121,this is gonna take a while sodaDead,this is gonna take a while sodadead,twitch,twitch,,,missing_slang|low_translation_confidence,mine_or_ignore_no_dictionary_match,4
1120,justTNK smol bite OhNowISee,justtnk smol bite ohnowisee,twitch,twitch,,,missing_slang|low_translation_confidence,mine_or_ignore_no_dictionary_match,4
1119,pajaGIGA Qt creator update,pajagiga qt creator update,twitch,twitch,,,missing_slang|low_translation_confidence,mine_or_ignore_no_dictionary_match,4
1127,but i never used it,but i never used it,twitch,twitch,,,missing_slang|low_translation_confidence,mine_or_ignore_no_dictionary_match,4
1126,i was goin to say i saw it in visual studio,i was goin to say i saw it in visual studio,twitch,twitch,,,missing_slang|low_translation_confidence,mine_or_ignore_no_dictionary_match,4
3061,once i graduate imma delete maya Smadge fuck this dam program,once i graduate imma delete maya smadge fuck this dam program,twitch,twitch,,,missing_slang|low_translation_confidence,mine_or_ignore_no_dictionary_match,4
3390,"@brian6932 yes, I do NOTED","yes, i do noted",twitch,twitch,,,missing_slang|low_translation_confidence,mine_or_ignore_no_dictionary_match,4
3389,ye I was gonna suggest that maybe it was some downtime with the server,ye i was gonna suggest that maybe it was some downtime with the server,twitch,twitch,,,missing_slang|low_translation_confidence,mine_or_ignore_no_dictionary_match,4
3386,"@DivideByNone, do you see it now hoSway",do you see it now hosway,twitch,twitch,,,missing_slang|low_translation_confidence,mine_or_ignore_no_dictionary_match,4
3385,u cant have my beef chat,u cant have my beef chat,twitch,twitch,,,missing_slang|low_translation_confidence,mine_or_ignore_no_dictionary_match,4
3383,but it didn't when I did it earlier today,but it didn't when i did it earlier today,twitch,twitch,,,missing_slang|low_translation_confidence,mine_or_ignore_no_dictionary_match,4
561,wrangler02 we didn't get the game yet,wrangler02 we didn't get the game yet,twitch,twitch,,,missing_slang|low_translation_confidence,mine_or_ignore_no_dictionary_match,4
560,in 12 hours from now,in 12 hours from now,twitch,twitch,,,missing_slang|low_translation_confidence,mine_or_ignore_no_dictionary_match,4
555,i was at work peepoWTF,i was at work peepowtf,twitch,twitch,,,missing_slang|low_translation_confidence,mine_or_ignore_no_dictionary_match,4
553,We all gonna try it for the first time,we all gonna try it for the first time,twitch,twitch,,,missing_slang|low_translation_confidence,mine_or_ignore_no_dictionary_match,4
552,wrangler02 i only told u to come play with us peepoWTF,wrangler02 i only told u to come play with us peepowtf,twitch,twitch,,,missing_slang|low_translation_confidence,mine_or_ignore_no_dictionary_match,4
581,ACTION wrangler02 won the fight!,action wrangler02 won the fight,twitch,twitch,,,missing_slang|low_translation_confidence,mine_or_ignore_no_dictionary_match,4
573,Bobo eurotruck simulator 2,bobo eurotruck simulator 2,twitch,twitch,,,missing_slang|low_translation_confidence,mine_or_ignore_no_dictionary_match,4
571,eye of the storm duh veiShy,eye of the storm duh veishy,twitch,twitch,,,missing_slang|low_translation_confidence,mine_or_ignore_no_dictionary_match,4
570,chillyhtx you know what ets is?,chillyhtx you know what ets is,twitch,twitch,,,missing_slang|low_translation_confidence,mine_or_ignore_no_dictionary_match,4
569,Sodapoppin's twitter: twitter.com/Sodapoppintv,sodapoppin's twitter twitter.com sodapoppintv,twitch,twitch,,,missing_slang|low_translation_confidence,mine_or_ignore_no_dictionary_match,4
568,after that i have about 2 weeks off,after that i have about 2 weeks off,twitch,twitch,,,missing_slang|low_translation_confidence,mine_or_ignore_no_dictionary_match,4
1077,"pattiiCRY fine, more walkies","pattiicry fine, more walkies",twitch,twitch,,,missing_slang|low_translation_confidence,mine_or_ignore_no_dictionary_match,4
1072,i’ll send you to the depths of space to watch suisei peepoBless,i ll send you to the depths of space to watch suisei peepobless,twitch,twitch,,,missing_slang|low_translation_confidence,mine_or_ignore_no_dictionary_match,4
1071,blossuWalkies blossuWalkies2 clamkyouHehe more walkies,blossuwalkies blossuwalkies2 clamkyouhehe more walkies,twitch,twitch,,,missing_slang|low_translation_confidence,mine_or_ignore_no_dictionary_match,4
1068,[2021-12-15 04:02:18 UTC] chillyhtx: @Spens_ you ask @gayforcandy,2021-12-15 04 02 18 utc chillyhtx you ask,twitch,twitch,,,missing_slang|low_translation_confidence,mine_or_ignore_no_dictionary_match,4
1067,"@Chicbreeze sodapoppin has been offline for 1 day, 1 hour and 27 minutes","sodapoppin has been offline for 1 day, 1 hour and 27 minutes",twitch,twitch,,,missing_slang|low_translation_confidence,mine_or_ignore_no_dictionary_match,4
1066,Woah  Thinking1  PawgChamp  Thinking2,woah thinking1 pawgchamp thinking2,twitch,twitch,,,missing_slang|low_translation_confidence,mine_or_ignore_no_dictionary_match,4
1093,"@Vikitorusss, make an ISP NOTED",make an isp noted,twitch,twitch,,,missing_slang|low_translation_confidence,mine_or_ignore_no_dictionary_match,4
1080,autumnvrStare13 autumnvrStare14 autumnvrStare15 autumnvrStare16,autumnvrstare13 autumnvrstare14 autumnvrstare15 autumnvrstare16,twitch,twitch,,,missing_slang|low_translation_confidence,mine_or_ignore_no_dictionary_match,4
1079,autumnvrStare9 autumnvrStare5 autumnvrStare8 autumnvrStare12,autumnvrstare9 autumnvrstare5 autumnvrstare8 autumnvrstare12,twitch,twitch,,,missing_slang|low_translation_confidence,mine_or_ignore_no_dictionary_match,4
1078,autumnvrStare1 autumnvrStare2 autumnvrStare3 autumnvrStare4,autumnvrstare1 autumnvrstare2 autumnvrstare3 autumnvrstare4,twitch,twitch,,,missing_slang|low_translation_confidence,mine_or_ignore_no_dictionary_match,4
1103,@brian6932 do u kno AHK?,do u kno ahk,twitch,twitch,,,missing_slang|low_translation_confidence,mine_or_ignore_no_dictionary_match,4
1102,Wulfer vIsSx wants a kiss from you squchaSip,wulfer vissx wants a kiss from you squchasip,twitch,twitch,,,missing_slang|low_translation_confidence,mine_or_ignore_no_dictionary_match,4
1099,myunL go sleep 🅱 issx,myunl go sleep issx,twitch,twitch,,,missing_slang|low_translation_confidence,mine_or_ignore_no_dictionary_match,4
1095,brian I've seen a better combination but i cant think of a better way to align the emotes annytfDank,brian i've seen a better combination but i cant think of a better way to align the emotes annytfdank,twitch,twitch,,,missing_slang|low_translation_confidence,mine_or_ignore_no_dictionary_match,4
3075,"@guactoast, not until more companies adopt blender",not until more companies adopt blender,twitch,twitch,,,missing_slang|low_translation_confidence,mine_or_ignore_no_dictionary_match,4
1014,wheres the weeb AYAYAWeird,wheres the weeb ayayaweird,twitch,twitch,,,missing_slang|low_translation_confidence,mine_or_ignore_no_dictionary_match,4
3107,[Trivia] @nacchikins sun vitamin is close. [Similarity: 70%],trivia sun vitamin is close. similarity 70,twitch,twitch,,,missing_slang|low_translation_confidence,mine_or_ignore_no_dictionary_match,4
3105,[Trivia] @nacchikins uvitamin is close. [Similarity: 57%],trivia uvitamin is close. similarity 57,twitch,twitch,,,missing_slang|low_translation_confidence,mine_or_ignore_no_dictionary_match,4
3100,but i tried zbrush it felt very compact,but i tried zbrush it felt very compact,twitch,twitch,,,missing_slang|low_translation_confidence,mine_or_ignore_no_dictionary_match,4
1036,that peepo is uglier than usual,that peepo is uglier than usual,twitch,twitch,,,missing_slang|low_translation_confidence,mine_or_ignore_no_dictionary_match,4
1035,its halfway done sodaDEAD,its halfway done sodadead,twitch,twitch,,,missing_slang|low_translation_confidence,mine_or_ignore_no_dictionary_match,4
1033,xqcI thank you mr wrangler02,xqci thank you mr wrangler02,twitch,twitch,,,missing_slang|low_translation_confidence,mine_or_ignore_no_dictionary_match,4
1057,"xqcI i hope to see all of you tomorrow, gn","xqci i hope to see all of you tomorrow, gn",twitch,twitch,,,missing_slang|low_translation_confidence,mine_or_ignore_no_dictionary_match,4
1056,xqcI thats all for me on this special report from me peepoHappyCowboy,xqci thats all for me on this special report from me peepohappycowboy,twitch,twitch,,,missing_slang|low_translation_confidence,mine_or_ignore_no_dictionary_match,4
1054,xqcI ok mr bobo will do,xqci ok mr bobo will do,twitch,twitch,,,missing_slang|low_translation_confidence,mine_or_ignore_no_dictionary_match,4
1050,God im so dumb,god im so dumb,twitch,twitch,,,missing_slang|low_translation_confidence,mine_or_ignore_no_dictionary_match,4
1048,Master_NaM_er forsenHug,master nam er forsenhug,twitch,twitch,,,missing_slang|low_translation_confidence,mine_or_ignore_no_dictionary_match,4
982,is it $40 for australia? kaiouraDent,is it 40 for australia? kaiouradent,twitch,twitch,,,missing_slang|low_translation_confidence,mine_or_ignore_no_dictionary_match,4
3124,Just call it the big D from the sun,just call it the big d from the sun,twitch,twitch,,,missing_slang|low_translation_confidence,mine_or_ignore_no_dictionary_match,4
3123,everyone is playing eft,everyone is playing eft,twitch,twitch,,,missing_slang|low_translation_confidence,mine_or_ignore_no_dictionary_match,4
3122,no everyone says vitamin d LULW,no everyone says vitamin d lulw,twitch,twitch,,,missing_slang|low_translation_confidence,mine_or_ignore_no_dictionary_match,4
3118,[Trivia] @guactoast hat is close. [Similarity: 57%],trivia hat is close. similarity 57,twitch,twitch,,,missing_slang|low_translation_confidence,mine_or_ignore_no_dictionary_match,4
3113,is it really commonly called that,is it really commonly called that,twitch,twitch,,,missing_slang|low_translation_confidence,mine_or_ignore_no_dictionary_match,4
1009,my comet SadWeeb she shines so bright,my comet sadweeb she shines so bright,twitch,twitch,,,missing_slang|low_translation_confidence,mine_or_ignore_no_dictionary_match,4
1003,i still think ats is better,i still think ats is better,twitch,twitch,,,missing_slang|low_translation_confidence,mine_or_ignore_no_dictionary_match,4
999,here in my country pattiiSIT,here in my country pattiisit,twitch,twitch,,,missing_slang|low_translation_confidence,mine_or_ignore_no_dictionary_match,4
998,but its often $5 during sales,but its often 5 during sales,twitch,twitch,,,missing_slang|low_translation_confidence,mine_or_ignore_no_dictionary_match,4
1023,get off the stage,get off the stage,twitch,twitch,,,missing_slang|low_translation_confidence,mine_or_ignore_no_dictionary_match,4
1017,02:00 am dragonicdrago: im the weeb SMOrc Weird,02 00 am dragonicdrago im the weeb smorc weird,twitch,twitch,,,missing_slang|low_translation_confidence,mine_or_ignore_no_dictionary_match,4
3139,r u on native chat steve,r u on native chat steve,twitch,twitch,,,missing_slang|low_translation_confidence,mine_or_ignore_no_dictionary_match,4
3135,"[Trivia] Circus Peanuts,a classic marshmallow candy,are traditionally what color?","trivia circus peanuts,a classic marshmallow candy,are traditionally what color",twitch,twitch,,,missing_slang|low_translation_confidence,mine_or_ignore_no_dictionary_match,4
3132,isn't eft electronic funds transfer,isn't eft electronic funds transfer,twitch,twitch,,,missing_slang|low_translation_confidence,mine_or_ignore_no_dictionary_match,4
980,You gonna play ets2 instead,you gonna play ets2 instead,twitch,twitch,,,missing_slang|low_translation_confidence,mine_or_ignore_no_dictionary_match,4
975,wrangler02 if you tell your boss,wrangler02 if you tell your boss,twitch,twitch,,,missing_slang|low_translation_confidence,mine_or_ignore_no_dictionary_match,4
972,i would rather play truck sim Smadge,i would rather play truck sim smadge,twitch,twitch,,,missing_slang|low_translation_confidence,mine_or_ignore_no_dictionary_match,4
970,Stop being sad peepoWTF,stop being sad peepowtf,twitch,twitch,,,missing_slang|low_translation_confidence,mine_or_ignore_no_dictionary_match,4
968,Woah  Thinking1 PeepoMas  Thinking2,woah thinking1 peepomas thinking2,twitch,twitch,,,missing_slang|low_translation_confidence,mine_or_ignore_no_dictionary_match,4
996,not for the US,not for the us,twitch,twitch,,,missing_slang|low_translation_confidence,mine_or_ignore_no_dictionary_match,4
995,its $20 right now,its 20 right now,twitch,twitch,,,missing_slang|low_translation_confidence,mine_or_ignore_no_dictionary_match,4
994,its $25 for me,its 25 for me,twitch,twitch,,,missing_slang|low_translation_confidence,mine_or_ignore_no_dictionary_match,4
991,it's $10 for us pattiiSIT,it's 10 for us pattiisit,twitch,twitch,,,missing_slang|low_translation_confidence,mine_or_ignore_no_dictionary_match,4
960,yea i got on break today,yea i got on break today,twitch,twitch,,,missing_slang|low_translation_confidence,mine_or_ignore_no_dictionary_match,4
958,@TheUltraCoolCutieBoBo 7 days until christmas,7 days until christmas,twitch,twitch,,,missing_slang|low_translation_confidence,mine_or_ignore_no_dictionary_match,4
956,don we now our gay apparel PeepoMas,don we now our gay apparel peepomas,twitch,twitch,,,missing_slang|low_translation_confidence,mine_or_ignore_no_dictionary_match,4
954,it's the most wonderful time of the year,it's the most wonderful time of the year,twitch,twitch,,,missing_slang|low_translation_confidence,mine_or_ignore_no_dictionary_match,4
952,youre already on xmas breaks? Smadge,youre already on xmas breaks? smadge,twitch,twitch,,,missing_slang|low_translation_confidence,mine_or_ignore_no_dictionary_match,4
3157,and back to menus,and back to menus,twitch,twitch,,,missing_slang|low_translation_confidence,mine_or_ignore_no_dictionary_match,4
3155,then like 2 seconds of action after 2 hours,then like 2 seconds of action after 2 hours,twitch,twitch,,,missing_slang|low_translation_confidence,mine_or_ignore_no_dictionary_match,4
3149,ya steve that can happen with native chat sometimes. when it happens when chance is online it's a disaster,ya steve that can happen with native chat sometimes. when it happens when chance is online it's a disaster,twitch,twitch,,,missing_slang|low_translation_confidence,mine_or_ignore_no_dictionary_match,4
3148,its like watching people play dayz,its like watching people play dayz,twitch,twitch,,,missing_slang|low_translation_confidence,mine_or_ignore_no_dictionary_match,4
3147,a lot harder though,a lot harder though,twitch,twitch,,,missing_slang|low_translation_confidence,mine_or_ignore_no_dictionary_match,4
3143,@guactoast Right now I am,right now i am,twitch,twitch,,,missing_slang|low_translation_confidence,mine_or_ignore_no_dictionary_match,4
3142,is eft even fun to watch sodaS,is eft even fun to watch sodas,twitch,twitch,,,missing_slang|low_translation_confidence,mine_or_ignore_no_dictionary_match,4
3140,they should play the new inscryption beta widepeepoConcept,they should play the new inscryption beta widepeepoconcept,twitch,twitch,,,missing_slang|low_translation_confidence,mine_or_ignore_no_dictionary_match,4
3379,sodaS DUM sodaS DUM sodaS DUM sodaS DUM,sodas dum sodas dum sodas dum sodas dum,twitch,twitch,,,missing_slang|low_translation_confidence,mine_or_ignore_no_dictionary_match,4
3377,hot dogs sound good peepoFat,hot dogs sound good peepofat,twitch,twitch,,,missing_slang|low_translation_confidence,mine_or_ignore_no_dictionary_match,4
3376,[2021-07-18 00:53:20 UTC] crashfort: devs happythoWeird,2021-07-18 00 53 20 utc crashfort devs happythoweird,twitch,twitch,,,missing_slang|low_translation_confidence,mine_or_ignore_no_dictionary_match,4
3375,can i have content now plz,can i have content now plz,twitch,twitch,,,missing_slang|low_translation_confidence,mine_or_ignore_no_dictionary_match,4
3374,@UltraSynapticSeizureNinja go eat your 711 hotdogs in your dark hobbit hole WutFace,go eat your 711 hotdogs in your dark hobbit hole wutface,twitch,twitch,,,missing_slang|low_translation_confidence,mine_or_ignore_no_dictionary_match,4
3367,"it's like when I couldn't see your emotes divide, your turn monkaW","it's like when i couldn't see your emotes divide, your turn monkaw",twitch,twitch,,,missing_slang|low_translation_confidence,mine_or_ignore_no_dictionary_match,4
597,@TOMIIll i hope it does Smadge,i hope it does smadge,twitch,twitch,,,missing_slang|low_translation_confidence,mine_or_ignore_no_dictionary_match,4
596,Yes it does novacht totsPat,yes it does novacht totspat,twitch,twitch,,,missing_slang|low_translation_confidence,mine_or_ignore_no_dictionary_match,4
593,If my phone falls on my face i will be mad at wrangler02,if my phone falls on my face i will be mad at wrangler02,twitch,twitch,,,missing_slang|low_translation_confidence,mine_or_ignore_no_dictionary_match,4
588,wrangler02 DankStick yeah that,wrangler02 dankstick yeah that,twitch,twitch,,,missing_slang|low_translation_confidence,mine_or_ignore_no_dictionary_match,4
587,Eeya click my link,eeya click my link,twitch,twitch,,,missing_slang|low_translation_confidence,mine_or_ignore_no_dictionary_match,4
586,Ets = escape the semen,ets escape the semen,twitch,twitch,,,missing_slang|low_translation_confidence,mine_or_ignore_no_dictionary_match,4
585,eye F the storm @ChillyHTX,eye f the storm,twitch,twitch,,,missing_slang|low_translation_confidence,mine_or_ignore_no_dictionary_match,4
584,@Novacht 2 for 2 SMASH,2 for 2 smash,twitch,twitch,,,missing_slang|low_translation_confidence,mine_or_ignore_no_dictionary_match,4
583,the O is silent,the o is silent,twitch,twitch,,,missing_slang|low_translation_confidence,mine_or_ignore_no_dictionary_match,4
582,Eye of the storm is called the zone where Sirus the final boss of path of exile is totsNerd,eye of the storm is called the zone where sirus the final boss of path of exile is totsnerd,twitch,twitch,,,missing_slang|low_translation_confidence,mine_or_ignore_no_dictionary_match,4
3170,i got to wash off the chemicals from my face,i got to wash off the chemicals from my face,twitch,twitch,,,missing_slang|low_translation_confidence,mine_or_ignore_no_dictionary_match,4
3169,LULW I cant even see the first peepo vik sodaWAVE,lulw i cant even see the first peepo vik sodawave,twitch,twitch,,,missing_slang|low_translation_confidence,mine_or_ignore_no_dictionary_match,4
3168,"@Vikitorusss, cat cant even see",cat cant even see,twitch,twitch,,,missing_slang|low_translation_confidence,mine_or_ignore_no_dictionary_match,4
3165,vikito2Sit SantaHat TouchGrass SnowTime sodaSit SantaHat TouchGrass SnowTime Novacht,vikito2sit santahat touchgrass snowtime sodasit santahat touchgrass snowtime novacht,twitch,twitch,,,missing_slang|low_translation_confidence,mine_or_ignore_no_dictionary_match,4
3164,vikito2Sit SantaHat TouchGrass SnowTime sodaSit SantaHat TouchGrass SnowTime schnaidah,vikito2sit santahat touchgrass snowtime sodasit santahat touchgrass snowtime schnaidah,twitch,twitch,,,missing_slang|low_translation_confidence,mine_or_ignore_no_dictionary_match,4
3162,the problem with eft is the reset,the problem with eft is the reset,twitch,twitch,,,missing_slang|low_translation_confidence,mine_or_ignore_no_dictionary_match,4
948,"@TonyXO, TonyXO has been following sodapoppin for 8 years, 8 months, 4 days and 14 hours","tonyxo has been following sodapoppin for 8 years, 8 months, 4 days and 14 hours",twitch,twitch,,,missing_slang|low_translation_confidence,mine_or_ignore_no_dictionary_match,4
946,I can play games finally,i can play games finally,twitch,twitch,,,missing_slang|low_translation_confidence,mine_or_ignore_no_dictionary_match,4
935,Yo soda wtf peepoWTF use your head,yo soda wtf peepowtf use your head,twitch,twitch,,,missing_slang|low_translation_confidence,mine_or_ignore_no_dictionary_match,4
965,my xmas break starts xmas eve Smadge,my xmas break starts xmas eve smadge,twitch,twitch,,,missing_slang|low_translation_confidence,mine_or_ignore_no_dictionary_match,4
962,But i dont work i just study xqcCo,but i dont work i just study xqcco,twitch,twitch,,,missing_slang|low_translation_confidence,mine_or_ignore_no_dictionary_match,4
961,it's christmas next saturday selphyNANI,it's christmas next saturday selphynani,twitch,twitch,,,missing_slang|low_translation_confidence,mine_or_ignore_no_dictionary_match,4
3187,would hydrafacial be more expensive for you?,would hydrafacial be more expensive for you,twitch,twitch,,,missing_slang|low_translation_confidence,mine_or_ignore_no_dictionary_match,4
3186,"@Nacchikins, ya thats why people with darker skin tones gotta be careful",ya thats why people with darker skin tones gotta be careful,twitch,twitch,,,missing_slang|low_translation_confidence,mine_or_ignore_no_dictionary_match,4
3183,vikito2Sit SantaHat TouchGrass SnowTime  help,vikito2sit santahat touchgrass snowtime help,twitch,twitch,,,missing_slang|low_translation_confidence,mine_or_ignore_no_dictionary_match,4
3182,didn't know that was an issue monkaW,didn't know that was an issue monkaw,twitch,twitch,,,missing_slang|low_translation_confidence,mine_or_ignore_no_dictionary_match,4
3176,and i couldnt even put on my vr headset or a face mask,and i couldnt even put on my vr headset or a face mask,twitch,twitch,,,missing_slang|low_translation_confidence,mine_or_ignore_no_dictionary_match,4
3175,oh it's great isn't it,oh it's great isn't it,twitch,twitch,,,missing_slang|low_translation_confidence,mine_or_ignore_no_dictionary_match,4
917,HE SHOULD Q INTO FF,he should q into ff,twitch,twitch,,,missing_slang|low_translation_confidence,mine_or_ignore_no_dictionary_match,4
916,IF HE IS SMART,if he is smart,twitch,twitch,,,missing_slang|low_translation_confidence,mine_or_ignore_no_dictionary_match,4
908,"@Arcticite, Next stream today or tomorrow Kolla twitter för uppdateringar sodaS https://twitter.com/sodapoppintv",next stream today or tomorrow kolla twitter f r uppdateringar sodas,twitch,twitch,,,missing_slang|low_translation_confidence,mine_or_ignore_no_dictionary_match,4
906,kaiouraBlushy and strip them?,kaiourablushy and strip them,twitch,twitch,,,missing_slang|low_translation_confidence,mine_or_ignore_no_dictionary_match,4
929,wot u got goin on tomorrow?,wot u got goin on tomorrow,twitch,twitch,,,missing_slang|low_translation_confidence,mine_or_ignore_no_dictionary_match,4
921,what time is it tomiill ?,what time is it tomiill,twitch,twitch,,,missing_slang|low_translation_confidence,mine_or_ignore_no_dictionary_match,4
919,With this degen sleep,with this degen sleep,twitch,twitch,,,missing_slang|low_translation_confidence,mine_or_ignore_no_dictionary_match,4
918,I want my Vtuber to vtuber totsSlam,i want my vtuber to vtuber totsslam,twitch,twitch,,,missing_slang|low_translation_confidence,mine_or_ignore_no_dictionary_match,4
3173,i got a chemical peel yesterday,i got a chemical peel yesterday,twitch,twitch,,,missing_slang|low_translation_confidence,mine_or_ignore_no_dictionary_match,4
860,I just the that info,i just the that info,twitch,twitch,,,missing_slang|low_translation_confidence,mine_or_ignore_no_dictionary_match,4
859,i dont want to wake my prince from his beauty sleep,i dont want to wake my prince from his beauty sleep,twitch,twitch,,,missing_slang|low_translation_confidence,mine_or_ignore_no_dictionary_match,4
857,but you'll be asleep,but you'll be asleep,twitch,twitch,,,missing_slang|low_translation_confidence,mine_or_ignore_no_dictionary_match,4
856,I need to check something,i need to check something,twitch,twitch,,,missing_slang|low_translation_confidence,mine_or_ignore_no_dictionary_match,4
3205,ppOverheat it's fast for me,ppoverheat it's fast for me,twitch,twitch,,,missing_slang|low_translation_confidence,mine_or_ignore_no_dictionary_match,4
3204,no bulpes u just slow,no bulpes u just slow,twitch,twitch,,,missing_slang|low_translation_confidence,mine_or_ignore_no_dictionary_match,4
3201,seems fine for me,seems fine for me,twitch,twitch,,,missing_slang|low_translation_confidence,mine_or_ignore_no_dictionary_match,4
3200,it is fine for me,it is fine for me,twitch,twitch,,,missing_slang|low_translation_confidence,mine_or_ignore_no_dictionary_match,4
3195,Twitch chat is a bit slow for me,twitch chat is a bit slow for me,twitch,twitch,,,missing_slang|low_translation_confidence,mine_or_ignore_no_dictionary_match,4
3193,"@Audiyo1, i dunno when this mans is gonna wake up",i dunno when this mans is gonna wake up,twitch,twitch,,,missing_slang|low_translation_confidence,mine_or_ignore_no_dictionary_match,4
3192,only reason why i got a chemical peel today is cuz i got groupon,only reason why i got a chemical peel today is cuz i got groupon,twitch,twitch,,,missing_slang|low_translation_confidence,mine_or_ignore_no_dictionary_match,4
3190,@Jazzykat is there a stream today?,is there a stream today,twitch,twitch,,,missing_slang|low_translation_confidence,mine_or_ignore_no_dictionary_match,4
899,no more walkies veiSmug,no more walkies veismug,twitch,twitch,,,missing_slang|low_translation_confidence,mine_or_ignore_no_dictionary_match,4
897,zackfw254: wrangler02 TOMIIll sodaL,zackfw254 wrangler02 tomiill sodal,twitch,twitch,,,missing_slang|low_translation_confidence,mine_or_ignore_no_dictionary_match,4
3189,ya hydrafacials are expensive af,ya hydrafacials are expensive af,twitch,twitch,,,missing_slang|low_translation_confidence,mine_or_ignore_no_dictionary_match,4
3221,"I'm so white in the winter, then tan like I'm Spanish if I step into the Sun. Being like 70 Dutch/Northern European and 30% Spain Spanish is weird LULW","i'm so white in the winter, then tan like i'm spanish if i step into the sun. being like 70 dutch northern european and 30 spain spanish is weird lulw",twitch,twitch,,,missing_slang|low_translation_confidence,mine_or_ignore_no_dictionary_match,4
3217,I had that yesterday though vulpes,i had that yesterday though vulpes,twitch,twitch,,,missing_slang|low_translation_confidence,mine_or_ignore_no_dictionary_match,4
3216,aight time to struggle and do my hw cuz teacher is useless,aight time to struggle and do my hw cuz teacher is useless,twitch,twitch,,,missing_slang|low_translation_confidence,mine_or_ignore_no_dictionary_match,4
3215,yeah its fine for me,yeah its fine for me,twitch,twitch,,,missing_slang|low_translation_confidence,mine_or_ignore_no_dictionary_match,4
3209,its fine for me,its fine for me,twitch,twitch,,,missing_slang|low_translation_confidence,mine_or_ignore_no_dictionary_match,4
3208,no really boss sodaHmm,no really boss sodahmm,twitch,twitch,,,missing_slang|low_translation_confidence,mine_or_ignore_no_dictionary_match,4
3207,I send an image and it appears later,i send an image and it appears later,twitch,twitch,,,missing_slang|low_translation_confidence,mine_or_ignore_no_dictionary_match,4
849,she has a weird eye within her eye,she has a weird eye within her eye,twitch,twitch,,,missing_slang|low_translation_confidence,mine_or_ignore_no_dictionary_match,4
846,@TheUltraCoolCutieBoBo i dont like her eye,i dont like her eye,twitch,twitch,,,missing_slang|low_translation_confidence,mine_or_ignore_no_dictionary_match,4
845,NaM 7 master namer,nam 7 master namer,twitch,twitch,,,missing_slang|low_translation_confidence,mine_or_ignore_no_dictionary_match,4
838,it doesnt make me feel anything,it doesnt make me feel anything,twitch,twitch,,,missing_slang|low_translation_confidence,mine_or_ignore_no_dictionary_match,4
868,@Krayevsky7 sodapoppin has been offline for 1 day and 59 minutes,sodapoppin has been offline for 1 day and 59 minutes,twitch,twitch,,,missing_slang|low_translation_confidence,mine_or_ignore_no_dictionary_match,4
867,aight i'll at you if he goes live,aight i'll at you if he goes live,twitch,twitch,,,missing_slang|low_translation_confidence,mine_or_ignore_no_dictionary_match,4
865,you cant sub for 1y but you can gift for 1y,you cant sub for 1y but you can gift for 1y,twitch,twitch,,,missing_slang|low_translation_confidence,mine_or_ignore_no_dictionary_match,4
862,I just need the info*,i just need the info,twitch,twitch,,,missing_slang|low_translation_confidence,mine_or_ignore_no_dictionary_match,4
3237,"SteveShepard, true otherwise that would be rather crazy","steveshepard, true otherwise that would be rather crazy",twitch,twitch,,,missing_slang|low_translation_confidence,mine_or_ignore_no_dictionary_match,4
3228,sodaDink dexycity cragsand ashleyyyyyyh energetic_sugar vaxbop2 mrkolacek_ pukebucket,sodadink dexycity cragsand ashleyyh energetic sugar vaxbop2 mrkolacek pukebucket,twitch,twitch,,,missing_slang|low_translation_confidence,mine_or_ignore_no_dictionary_match,4
3227,"@SteveShepard, damn you can be all flavours of chocolate peepoPog",damn you can be all flavours of chocolate peepopog,twitch,twitch,,,missing_slang|low_translation_confidence,mine_or_ignore_no_dictionary_match,4
3226,!randomping nyanPls,randomping nyanpls,twitch,twitch,nyanpls,randomping,short_text|contains_unknown_terms,review_unknown_terms,4
3223,[2019-03-18 11:35:53 UTC] numbarz: when was that?,2019-03-18 11 35 53 utc numbarz when was that,twitch,twitch,,,missing_slang|low_translation_confidence,mine_or_ignore_no_dictionary_match,4
3222,I wish I could tan,i wish i could tan,twitch,twitch,,,missing_slang|low_translation_confidence,mine_or_ignore_no_dictionary_match,4
812,im not a weeb,im not a weeb,twitch,twitch,,,missing_slang|low_translation_confidence,mine_or_ignore_no_dictionary_match,4
811,in my experience all forsen subs are weebs,in my experience all forsen subs are weebs,twitch,twitch,,,missing_slang|low_translation_confidence,mine_or_ignore_no_dictionary_match,4
807,forsenE modCheck pokiW modCheck xqcL,forsene modcheck pokiw modcheck xqcl,twitch,twitch,,,missing_slang|low_translation_confidence,mine_or_ignore_no_dictionary_match,4
836,bobo thats not my typa thing,bobo thats not my typa thing,twitch,twitch,,,missing_slang|low_translation_confidence,mine_or_ignore_no_dictionary_match,4
834,oh i can hover link,oh i can hover link,twitch,twitch,,,missing_slang|low_translation_confidence,mine_or_ignore_no_dictionary_match,4
830,he's not gonna go live anytime today for me,he's not gonna go live anytime today for me,twitch,twitch,,,missing_slang|low_translation_confidence,mine_or_ignore_no_dictionary_match,4
828,just remind me in like,just remind me in like,twitch,twitch,,,missing_slang|low_translation_confidence,mine_or_ignore_no_dictionary_match,4
825,"@TOMIIll, Next stream today or tomorrow Kontrollera twitter för uppdateringar sodaG https://twitter.com/sodapoppintv",next stream today or tomorrow kontrollera twitter f r uppdateringar sodag,twitch,twitch,,,missing_slang|low_translation_confidence,mine_or_ignore_no_dictionary_match,4
822,i will when movie done tho!!,i will when movie done tho,twitch,twitch,,,missing_slang|low_translation_confidence,mine_or_ignore_no_dictionary_match,4
3240,i have hotchoc and vörtbröd sodaCOMFY,i have hotchoc and v rtbr d sodacomfy,twitch,twitch,,,missing_slang|low_translation_confidence,mine_or_ignore_no_dictionary_match,4
3238,LETSGO i set up voicemeeter for my start up,letsgo i set up voicemeeter for my start up,twitch,twitch,,,missing_slang|low_translation_confidence,mine_or_ignore_no_dictionary_match,4
787,animes not gat the people who watch it are,animes not gat the people who watch it are,twitch,twitch,,,missing_slang|low_translation_confidence,mine_or_ignore_no_dictionary_match,4
804,i love that one,i love that one,twitch,twitch,,,missing_slang|low_translation_confidence,mine_or_ignore_no_dictionary_match,4
795,it was something likethat,it was something likethat,twitch,twitch,,,missing_slang|low_translation_confidence,mine_or_ignore_no_dictionary_match,4
793,i cant remember the name,i cant remember the name,twitch,twitch,,,missing_slang|low_translation_confidence,mine_or_ignore_no_dictionary_match,4
3365,KoroneWakeUp @sodapoppin do the thing,koronewakeup do the thing,twitch,twitch,,,missing_slang|low_translation_confidence,mine_or_ignore_no_dictionary_match,4
3363,I can only see and use sodaStare and sodaSTARE,i can only see and use sodastare and sodastare,twitch,twitch,,,missing_slang|low_translation_confidence,mine_or_ignore_no_dictionary_match,4
3357,@DivideByNone wdym I see it,wdym i see it,twitch,twitch,,,missing_slang|low_translation_confidence,mine_or_ignore_no_dictionary_match,4
3356,i just came here to say,i just came here to say,twitch,twitch,,,missing_slang|low_translation_confidence,mine_or_ignore_no_dictionary_match,4
3353,probably some hearthstone streamer EleGiggle,probably some hearthstone streamer elegiggle,twitch,twitch,,,missing_slang|low_translation_confidence,mine_or_ignore_no_dictionary_match,4
3351,"my first was kolento, hearthstone streamer","my first was kolento, hearthstone streamer",twitch,twitch,,,missing_slang|low_translation_confidence,mine_or_ignore_no_dictionary_match,4
612,thats what makes it good,thats what makes it good,twitch,twitch,,,missing_slang|low_translation_confidence,mine_or_ignore_no_dictionary_match,4
608,play farming sim sodaNODDERS,play farming sim sodanodders,twitch,twitch,,,missing_slang|low_translation_confidence,mine_or_ignore_no_dictionary_match,4
604,dont do that either,dont do that either,twitch,twitch,,,missing_slang|low_translation_confidence,mine_or_ignore_no_dictionary_match,4
601,just play csgo sodaSmirk,just play csgo sodasmirk,twitch,twitch,,,missing_slang|low_translation_confidence,mine_or_ignore_no_dictionary_match,4
627,yes you are pattiiSMUG,yes you are pattiismug,twitch,twitch,,,missing_slang|low_translation_confidence,mine_or_ignore_no_dictionary_match,4
623,youre same age as my youngest brother @TOMIIll sodaBaby,youre same age as my youngest brother sodababy,twitch,twitch,,,missing_slang|low_translation_confidence,mine_or_ignore_no_dictionary_match,4
3265,"""fixes schedule"" ... doesnt Stare",fixes schedule . doesnt stare,twitch,twitch,,,missing_slang|low_translation_confidence,mine_or_ignore_no_dictionary_match,4
3260,streamer forgot about us FeelsBadMan,streamer forgot about us feelsbadman,twitch,twitch,,,missing_slang|low_translation_confidence,mine_or_ignore_no_dictionary_match,4
3255,dkfjslkdjfkd kids on the table,dkfjslkdjfkd kids on the table,twitch,twitch,,,missing_slang|low_translation_confidence,mine_or_ignore_no_dictionary_match,4
754,i miss my poki sub,i miss my poki sub,twitch,twitch,,,missing_slang|low_translation_confidence,mine_or_ignore_no_dictionary_match,4
749,FeelsBadMan sub just ran out,feelsbadman sub just ran out,twitch,twitch,,,missing_slang|low_translation_confidence,mine_or_ignore_no_dictionary_match,4
767,i swear i gotta say this so much FailFish,i swear i gotta say this so much failfish,twitch,twitch,,,missing_slang|low_translation_confidence,mine_or_ignore_no_dictionary_match,4
766,Bobo femboys are cute peepoWTF,bobo femboys are cute peepowtf,twitch,twitch,,,missing_slang|low_translation_confidence,mine_or_ignore_no_dictionary_match,4
765,its not friday anymore,its not friday anymore,twitch,twitch,,,missing_slang|low_translation_confidence,mine_or_ignore_no_dictionary_match,4
764,no its not femboy friday,no its not femboy friday,twitch,twitch,,,missing_slang|low_translation_confidence,mine_or_ignore_no_dictionary_match,4
3252,KoroneWakeUp streamer wake up,koronewakeup streamer wake up,twitch,twitch,,,missing_slang|low_translation_confidence,mine_or_ignore_no_dictionary_match,4
717,!roll hours until sleep,roll hours until sleep,twitch,twitch,,,missing_slang|low_translation_confidence,mine_or_ignore_no_dictionary_match,4
716,tnk don't he been rude to me nyAngy,tnk don't he been rude to me nyangy,twitch,twitch,,,missing_slang|low_translation_confidence,mine_or_ignore_no_dictionary_match,4
714,Tnk xqcL me totsSlam,tnk xqcl me totsslam,twitch,twitch,,,missing_slang|low_translation_confidence,mine_or_ignore_no_dictionary_match,4
711,ACTION wrangler02 rolls 45 (1-100),action wrangler02 rolls 45 1-100,twitch,twitch,,,missing_slang|low_translation_confidence,mine_or_ignore_no_dictionary_match,4
710,!roll how many hours to stay up,roll how many hours to stay up,twitch,twitch,,,missing_slang|low_translation_confidence,mine_or_ignore_no_dictionary_match,4
3279,bongoTap any gaymers here,bongotap any gaymers here,twitch,twitch,,,missing_slang|low_translation_confidence,mine_or_ignore_no_dictionary_match,4
730,thats a nopers tomi,thats a nopers tomi,twitch,twitch,,,missing_slang|low_translation_confidence,mine_or_ignore_no_dictionary_match,4
726,Bobo are u gonna do it?,bobo are u gonna do it,twitch,twitch,,,missing_slang|low_translation_confidence,mine_or_ignore_no_dictionary_match,4
3268,[2019-06-11 02:40:42 UTC] numbarz: can i get a good night kiss? 💋 AYAYA,2019-06-11 02 40 42 utc numbarz can i get a good night kiss? ayaya,twitch,twitch,,,missing_slang|low_translation_confidence,mine_or_ignore_no_dictionary_match,4
614,I wanna go crazy SHRUGGERS,i wanna go crazy shruggers,twitch,twitch,,,missing_slang|low_translation_confidence,mine_or_ignore_no_dictionary_match,4
3349,[2021-07-30 20:14:45 UTC] crashfort: @Xinitoro dont know what that is either happythoWeird,2021-07-30 20 14 45 utc crashfort dont know what that is either happythoweird,twitch,twitch,,,missing_slang|low_translation_confidence,mine_or_ignore_no_dictionary_match,4
3348,Mine was Imaqtpie NODDERS,mine was imaqtpie nodders,twitch,twitch,,,missing_slang|low_translation_confidence,mine_or_ignore_no_dictionary_match,4
3344,ya all of these tutorials are useless NODDERS,ya all of these tutorials are useless nodders,twitch,twitch,,,missing_slang|low_translation_confidence,mine_or_ignore_no_dictionary_match,4
3343,modCheck where did the Stare emote go?,modcheck where did the stare emote go,twitch,twitch,,,missing_slang|low_translation_confidence,mine_or_ignore_no_dictionary_match,4
3342,Who was you guys FIRST streamer?,who was you guys first streamer,twitch,twitch,,,missing_slang|low_translation_confidence,mine_or_ignore_no_dictionary_match,4
3341,[2021-07-07 12:44:04 UTC] taurenhunter: 32 was better age znods happythoRee,2021-07-07 12 44 04 utc taurenhunter 32 was better age znods happythoree,twitch,twitch,,,missing_slang|low_translation_confidence,mine_or_ignore_no_dictionary_match,4
3339,"streamer goes live at 5pm multiple days in a row Stare stays up til 3pm to ""fix schedule"" Stare goes live at 5pm again",streamer goes live at 5pm multiple days in a row stare stays up til 3pm to fix schedule stare goes live at 5pm again,twitch,twitch,,,missing_slang|low_translation_confidence,mine_or_ignore_no_dictionary_match,4
3338,"@schnaidah, Next stream today or tomorrow Kövess twitteren a hírekért sodaW https://twitter.com/sodapoppintv",next stream today or tomorrow k vess twitteren a h rek rt sodaw,twitch,twitch,,,missing_slang|low_translation_confidence,mine_or_ignore_no_dictionary_match,4
3336,"that's what most people do I think, tbh","that's what most people do i think, tbh",twitch,twitch,,,missing_slang|low_translation_confidence,mine_or_ignore_no_dictionary_match,4
3334,@kjones086 As you should be WineTime,as you should be winetime,twitch,twitch,,,missing_slang|low_translation_confidence,mine_or_ignore_no_dictionary_match,4
644,i havent seen a spiderman since toby,i havent seen a spiderman since toby,twitch,twitch,,,missing_slang|low_translation_confidence,mine_or_ignore_no_dictionary_match,4
640,Ok guys the new Spider-Man was pretty PogO,ok guys the new spider-man was pretty pogo,twitch,twitch,,,missing_slang|low_translation_confidence,mine_or_ignore_no_dictionary_match,4
639,@sodapoppin KoroneWakeUp do the thing strimmer,koronewakeup do the thing strimmer,twitch,twitch,,,missing_slang|low_translation_confidence,mine_or_ignore_no_dictionary_match,4
664,wulfer go sleep happythoTuck,wulfer go sleep happythotuck,twitch,twitch,,,missing_slang|low_translation_confidence,mine_or_ignore_no_dictionary_match,4
3299,use an auto plant addon peepoGiggle,use an auto plant addon peepogiggle,twitch,twitch,,,missing_slang|low_translation_confidence,mine_or_ignore_no_dictionary_match,4
3286,why is twitch so dead,why is twitch so dead,twitch,twitch,,,missing_slang|low_translation_confidence,mine_or_ignore_no_dictionary_match,4
685,ACTION wrangler02 rolls 17 (1-100),action wrangler02 rolls 17 1-100,twitch,twitch,,,missing_slang|low_translation_confidence,mine_or_ignore_no_dictionary_match,4
681,ACTION eeya_ rolls 22 (1-100),action eeya rolls 22 1-100,twitch,twitch,,,missing_slang|low_translation_confidence,mine_or_ignore_no_dictionary_match,4
704,even=sleep odd=stay up,even sleep odd stay up,twitch,twitch,,,missing_slang|low_translation_confidence,mine_or_ignore_no_dictionary_match,4
699,[2021-09-22 09:05:52 UTC] sniperwulf: Pispet happythoTuck,2021-09-22 09 05 52 utc sniperwulf pispet happythotuck,twitch,twitch,,,missing_slang|low_translation_confidence,mine_or_ignore_no_dictionary_match,4
695,ACTION Pispet rolls 87 (1-100),action pispet rolls 87 1-100,twitch,twitch,,,missing_slang|low_translation_confidence,mine_or_ignore_no_dictionary_match,4
725,Ok Mrs. eeya happythoNod,ok mrs. eeya happythonod,twitch,twitch,,,missing_slang|low_translation_confidence,mine_or_ignore_no_dictionary_match,4
724,ACTION wrangler02 rolls -1 (1-100),action wrangler02 rolls -1 1-100,twitch,twitch,,,missing_slang|low_translation_confidence,mine_or_ignore_no_dictionary_match,4
723,!roll do i call in sick tomorrow (51+),roll do i call in sick tomorrow 51,twitch,twitch,,,missing_slang|low_translation_confidence,mine_or_ignore_no_dictionary_match,4
646,does that make me old,does that make me old,twitch,twitch,,,missing_slang|low_translation_confidence,mine_or_ignore_no_dictionary_match,4
3313,most of them arent doing the card technique tho sodaS,most of them arent doing the card technique tho sodas,twitch,twitch,,,missing_slang|low_translation_confidence,mine_or_ignore_no_dictionary_match,4
3306,i did and that doesnt help,i did and that doesnt help,twitch,twitch,,,missing_slang|low_translation_confidence,mine_or_ignore_no_dictionary_match,4
3303,stupid class being online,stupid class being online,twitch,twitch,,,missing_slang|low_translation_confidence,mine_or_ignore_no_dictionary_match,4
669,No sleep yet kaiouraPout,no sleep yet kaiourapout,twitch,twitch,,,missing_slang|low_translation_confidence,mine_or_ignore_no_dictionary_match,4
668,ACTION wrangler02 rolls 98 (1-100),action wrangler02 rolls 98 1-100,twitch,twitch,,,missing_slang|low_translation_confidence,mine_or_ignore_no_dictionary_match,4
666,"oh im 26, birthday on new years so we both old channOld","oh im 26, birthday on new years so we both old channold",twitch,twitch,,,missing_slang|low_translation_confidence,mine_or_ignore_no_dictionary_match,4
665,Wrangler I think we the same person,wrangler i think we the same person,twitch,twitch,,,missing_slang|low_translation_confidence,mine_or_ignore_no_dictionary_match,4
631,i think im same age as soda,i think im same age as soda,twitch,twitch,,,missing_slang|low_translation_confidence,mine_or_ignore_no_dictionary_match,4
3331,"@Nacchikins, Next stream today or tomorrow Kolla twitter för uppdateringar widepeepoHappy https://twitter.com/sodapoppintv",next stream today or tomorrow kolla twitter f r uppdateringar widepeepohappy,twitch,twitch,,,missing_slang|low_translation_confidence,mine_or_ignore_no_dictionary_match,4
3328,"@SteveShepard, I hope not I'm a bit of a bougie bitch for food SadCat",i hope not i'm a bit of a bougie bitch for food sadcat,twitch,twitch,,,missing_slang|low_translation_confidence,mine_or_ignore_no_dictionary_match,4
3324,annytfGun vulpes3Tail Blap Blap Blap,annytfgun vulpes3tail blap blap blap,twitch,twitch,,,missing_slang|low_translation_confidence,mine_or_ignore_no_dictionary_match,4
3323,SadCat wheres mr strimer,sadcat wheres mr strimer,twitch,twitch,,,missing_slang|low_translation_confidence,mine_or_ignore_no_dictionary_match,4
3322,sodaWave to the homies,sodawave to the homies,twitch,twitch,,,missing_slang|low_translation_confidence,mine_or_ignore_no_dictionary_match,4
3321,i hope ultra got his snackies peepoShy,i hope ultra got his snackies peeposhy,twitch,twitch,,,missing_slang|low_translation_confidence,mine_or_ignore_no_dictionary_match,4
3319,yeah all I see is alpha maps,yeah all i see is alpha maps,twitch,twitch,,,missing_slang|low_translation_confidence,mine_or_ignore_no_dictionary_match,4
661,ACTION wrangler02 rolls 420 (1-100),action wrangler02 rolls 420 1-100,twitch,twitch,,,missing_slang|low_translation_confidence,mine_or_ignore_no_dictionary_match,4
655,I’ve seen The OG one but it’s been a long time,i ve seen the og one but it s been a long time,twitch,twitch,,,missing_slang|low_translation_confidence,mine_or_ignore_no_dictionary_match,4
649,"wrangler no matter what, you're old","wrangler no matter what, you're old",twitch,twitch,,,missing_slang|low_translation_confidence,mine_or_ignore_no_dictionary_match,4
3825,@brian6932 oh that's what u meant FeelsDankMan,oh that's what u meant feelsdankman,twitch,twitch,,,missing_slang|low_translation_confidence,mine_or_ignore_no_dictionary_match,4
3824,@reallycoolpoop yeah on Dec 26,yeah on dec 26,twitch,twitch,,,missing_slang|low_translation_confidence,mine_or_ignore_no_dictionary_match,4
3823,"@reallycoolpoop Yes, the gifts are already there","yes, the gifts are already there",twitch,twitch,,,missing_slang|low_translation_confidence,mine_or_ignore_no_dictionary_match,4
3821,@schnaidah my name has always been Xinitoro NOTED,my name has always been xinitoro noted,twitch,twitch,,,missing_slang|low_translation_confidence,mine_or_ignore_no_dictionary_match,4
3817,Ribs and not chest  :|,ribs and not chest,twitch,twitch,,,missing_slang|low_translation_confidence,mine_or_ignore_no_dictionary_match,4
3815,i was first on my screen emiruANGRY,i was first on my screen emiruangry,twitch,twitch,,,missing_slang|low_translation_confidence,mine_or_ignore_no_dictionary_match,4
3830,"@DetectiveHalifax @OnyxPenumbra @EndGame2 ok peepoHug thanks, peepoPog","ok peepohug thanks, peepopog",twitch,twitch,,,missing_slang|low_translation_confidence,mine_or_ignore_no_dictionary_match,4
1,"Random post on YouTube - ""This is amazing!!""Typical response from modern youth - ""Fr""",random post on youtube - this is amazing. typical response from modern youth - fr,urban_dictionary,local_urban_dictionary_api,fr,amazing,contains_unknown_terms,review_unknown_terms,3
2,Dan Howell's tired face is really hot okay ngl,dan howell's tired face is really hot okay ngl,urban_dictionary,local_urban_dictionary_api,ngl,tired,contains_unknown_terms,review_unknown_terms,3
5,Engineer: we are gonna have the generator fixed RN,engineer we are gonna have the generator fixed rn,urban_dictionary,local_urban_dictionary_api,rn,fixed,contains_unknown_terms,review_unknown_terms,3
3791,Madge X2 my bloods boiling,madge x2 my bloods boiling,twitch,twitch,madge,bloods|boiling,contains_unknown_terms|definition_like_translation,review_unknown_terms,3
3837,Madge X2 I'm not trying to take it out on the4 chatters Madge X2 I love you guys Madge X2 sodaL,madge x2 i'm not trying to take it out on the4 chatters madge x2 i love you guys madge x2 sodal,twitch,twitch,madge,trying,contains_unknown_terms|definition_like_translation,review_unknown_terms,3
3786,Madge X2 @Xinitoro Im sorry I'm just madge about Soda Madge X2,madge x2 im sorry i'm just madge about soda madge x2,twitch,twitch,madge,sorry,contains_unknown_terms|definition_like_translation,review_unknown_terms,3
3309,monkaS about to get Jazzy Wrath,monkas about to get jazzy wrath,twitch,twitch,monkas,jazzy,contains_unknown_terms|definition_like_translation,review_unknown_terms,3
51,"“But the really important ones are here. I don't want to get too technical, but these are called Core Memories. Each one came from a super important moment in Riley's life, like when she first scored a goal. That was so amazing! And each core memory powers a different aspect of Riley's personality. Like Hockey Island.” ―Joy, opening narration","but the really important ones are here. i don't want to get too technical, but these are called core memories. each one came from a super important moment in riley's life, like when she first scored a goal. that was so amazing! and each core memory powers a different aspect of riley's personality. like hockey island. joy, opening narration",urban_dictionary,local_urban_dictionary_api,core memory,amazing|narration|opening|scored|too,contains_unknown_terms,review_unknown_terms,3
53,(commenting on a photo of a cat who looks super lazy) Mood af2017 mood = self care and positive visualization(caption on photoset of Keanu Reeves looking mad existential) big mood,commenting on a photo of a cat who looks super lazy mood af2017 mood self care and positive visualization caption on photoset of keanu reeves looking mad existential big mood,urban_dictionary,local_urban_dictionary_api,mood,commenting|looking,contains_unknown_terms,review_unknown_terms,3
47,Girl or Boy 1: Oh my god hey pookieGirl or Boy 2: His pookie bear,girl or boy 1 oh my god hey pookiegirl or boy 2 his pookie bear,urban_dictionary,local_urban_dictionary_api,pookie,pookiegirl,contains_unknown_terms,review_unknown_terms,3
43,"""yooo that ice is drippy dawg"" ""yall like the drip?""",yoo that ice is drippy dawg yall like the drip,urban_dictionary,local_urban_dictionary_api,drip,yoo,contains_unknown_terms,review_unknown_terms,3
41,"Sarah: Tom, did you erase all my MP3s? Tom: Hey! File sharing is a crime, and I'm not gonna be anally raped so you can listen to Usher. Sarah: *Sigh* You know Tom, this whole ""anal rape"" thing is really causing both of us to miss out on a lot in lifeSarah walks away. Seconds later, she realizes her mistake for calling out her husband's traumatizing fear of being anally raped. Tom, who stands in the kitchen with a stern but calm face, watches as his wife approaches him with a serious look.Sarah: Tom, honey, I...I'm...so sorry. I shouldn't have treated your issue so carelessly. I shouldn't have been so...inconsiderate of how you feel. Your fear, your issue,...is 100% valid and I want you to know that I care about you. I know the trauma that you went through was hurtful and has caused you pain and suffering, but I want to let you know...I will always be there for you. Being so open about how you're feeling and expressing your emotions and fears shows how much of a real man you are. That makes you so much of a valid person. It's the reason I married you Tom. I hope you can forgive me. I love you.Tom sheds a tear as he listens to every word Sarah has spoken to him. He's stunned and relieved to hear how much his wife loves him.Tom: Sarah, I always knew you were the one the first time we met. Those words just made my day. I love you too Sarah.Tom and Sarah glance into each other's eyes, and share a wholesome kiss.","sarah tom, did you erase all my mp3s? tom hey! file sharing is a crime, and i'm not gonna be anally raped so you can listen to usher. sarah sigh you know tom, this whole anal rape thing is really causing both of us to miss out on a lot in lifesarah walks away. seconds later, she realizes her mistake for calling out her husband's traumatizing fear of being anally raped. tom, who stands in the kitchen with a stern but calm face, watches as his wife approaches him with a serious look.sarah tom, honey, i.i'm.so sorry. i shouldn't have treated your issue so carelessly. i shouldn't have been so.inconsiderate of how you feel. your fear, your issue.is 100 valid and i want you to know that i care about you. i know the trauma that you went through was hurtful and has caused you pain and suffering, but i want to let you know.i will always be there for you. being so open about how you're feeling and expressing your emotions and fears shows how much of a real man you are. that makes you so much of a valid person. it's the reason i married you tom. i hope you can forgive me. i love you.tom sheds a tear as he listens to every word sarah has spoken to him. he's stunned and relieved to hear how much his wife loves him.tom sarah, i always knew you were the one the first time we met. those words just made my day. i love you too sarah.tom and sarah glance into each other's eyes, and share a wholesome kiss",urban_dictionary,local_urban_dictionary_api,valid|real,calling|caused|causing|expressing|feeling|look|married|raped|relieved|sharing|sorry|stunned|suffering|too|traumatizing|treated,contains_unknown_terms|definition_like_translation,review_unknown_terms,3
3330,I remember when he streamed everyday Sadge,i remember when he streamed everyday sadge,twitch,twitch,sadge,streamed,contains_unknown_terms|definition_like_translation,review_unknown_terms,3
49,for example a Canon event can be the the time where peter parker became Spider-man because he got bit by a mutated spider and that his uncle got murdered by a burglar which in result made him want to do justice and become a superhero,for example a canon event can be the the time where peter parker became spider-man because he got bit by a mutated spider and that his uncle got murdered by a burglar which in result made him want to do justice and become a superhero,urban_dictionary,local_urban_dictionary_api,canon event,murdered|mutated,contains_unknown_terms,review_unknown_terms,3
50,"""I'm bored but idk what to do... wanna just go out?"" ""Hell yeah man let's go on a side quest!""",i'm bored but idk what to do. wanna just go out? hell yeah man let's go on a side quest,urban_dictionary,local_urban_dictionary_api,side quest|idk,bored,contains_unknown_terms,review_unknown_terms,3
35,John: (to a fine ass girl) Lets get a picture together Girl: I have too much aura for that Mitch: stop aura farming John,john to a fine ass girl lets get a picture together girl i have too much aura for that mitch stop aura farming john,urban_dictionary,local_urban_dictionary_api,aura farming|aura,too,contains_unknown_terms,review_unknown_terms,3
3818,@SteveShepard Madge I sent them a strongly worded maintenance request,madge i sent them a strongly worded maintenance request,twitch,twitch,madge,worded,contains_unknown_terms|definition_like_translation,review_unknown_terms,3
40,"""... he produced ten classic albums, but after that he definitely fell off. ...""","he produced ten classic albums, but after that he definitely fell off",urban_dictionary,local_urban_dictionary_api,fell off,produced,contains_unknown_terms,review_unknown_terms,3
3290,so tempted to say fuck making this plants Madge,so tempted to say fuck making this plants madge,twitch,twitch,madge,tempted,contains_unknown_terms|definition_like_translation,review_unknown_terms,3
3301,since idk what the fuck im doing and not using cards is gonna be a fuck ton of polygons Madge fuck plants for now,since idk what the fuck im doing and not using cards is gonna be a fuck ton of polygons madge fuck plants for now,twitch,twitch,madge|idk,using,contains_unknown_terms|definition_like_translation,review_unknown_terms,3
3335,bruh they aint even making plants theyre just using the already generated ones,bruh they aint even making plants theyre just using the already generated ones,twitch,twitch,bruh,generated|using,contains_unknown_terms,review_unknown_terms,3
3269,Tyler1 is kinda cool though Sadge,tyler1 is kinda cool though sadge,twitch,twitch,sadge,cool,contains_unknown_terms|definition_like_translation,review_unknown_terms,3
3277,im feeling lonely today Sadge i need shitshow saturday,im feeling lonely today sadge i need shitshow saturday,twitch,twitch,sadge,feeling,contains_unknown_terms|definition_like_translation,review_unknown_terms,3
38,"""been keeping track of my crush's snap score. she's most active on friday, least active on monday, most-"" ""dude. you need to go touch grass. get a job or something damn""""the word 'crazy' is inherently ableist and harms neurodivergent people"" ""oh my god. please touch grass""","been keeping track of my crush's snap score. she's most active on friday, least active on monday, most- dude. you need to go touch grass. get a job or something damn the word 'crazy' is inherently ableist and harms neurodivergent people oh my god. please touch grass",urban_dictionary,local_urban_dictionary_api,touch grass,keeping,contains_unknown_terms,review_unknown_terms,3
39,"nigga 1: ayo i see my boy rizzing that girl over there, lemme go dap him up.nigga 2: nahhh bro not right now, let him cook.","nigga 1 ayo i see my boy rizzing that girl over there, lemme go dap him up.nigga 2 nahh bro not right now, let him cook",urban_dictionary,local_urban_dictionary_api,let him cook|bro,rizzing,contains_unknown_terms,review_unknown_terms,3
969,Bro in saying L because of the emote,bro in saying l because of the emote,twitch,twitch,bro|l,saying,contains_unknown_terms,review_unknown_terms,3
3721,"Madge probably didn't even buy the porsche, I bet it's leased Madge","madge probably didn't even buy the porsche, i bet it's leased madge",twitch,twitch,madge|bet,leased,contains_unknown_terms|definition_like_translation,review_unknown_terms,3
3724,"VulpesHD, I have to pay for extra shipping fees from es it de Sadge","vulpeshd, i have to pay for extra shipping fees from es it de sadge",twitch,twitch,sadge,shipping,contains_unknown_terms|definition_like_translation,review_unknown_terms,3
3734,Madge probably eating top ramen as we speak Madge,madge probably eating top ramen as we speak madge,twitch,twitch,madge,eating,contains_unknown_terms|definition_like_translation,review_unknown_terms,3
2981,get f OMEGALUL ked,get f omegalul ked,twitch,twitch,omegalul,ked,contains_unknown_terms|definition_like_translation,review_unknown_terms,3
82,"""Dude you guys wouldn't have won if your ADC didn't get fed. He carried you hard.""",dude you guys wouldn't have won if your adc didn't get fed. he carried you hard,urban_dictionary,local_urban_dictionary_api,carried,fed,contains_unknown_terms,review_unknown_terms,3
84,"The weapons in the game were too weak, so the programmers buffed them to appease the groaning game users.","the weapons in the game were too weak, so the programmers buffed them to appease the groaning game users",urban_dictionary,local_urban_dictionary_api,buffed,groaning|too,contains_unknown_terms,review_unknown_terms,3
621,idk i tried apex and it was a bit too dnak,idk i tried apex and it was a bit too dnak,twitch,twitch,idk,too,contains_unknown_terms,review_unknown_terms,3
64,"A: My girlfriend just dumped me. B: Hang in there, king. It'll get better.","a my girlfriend just dumped me. b hang in there, king. it'll get better",urban_dictionary,local_urban_dictionary_api,king,dumped,contains_unknown_terms,review_unknown_terms,3
3766,Madge X2 fucking fat idiot Madge X2 Sitting in his poor house Madge X2 drinking $20c wine Madge X2,madge x2 fucking fat idiot madge x2 sitting in his poor house madge x2 drinking 20c wine madge x2,twitch,twitch,madge,drinking|fucking|sitting,contains_unknown_terms|definition_like_translation,review_unknown_terms,3
2346,"[Trivia] @brockovitch You answered the question correctly and got 10 points. FeelsGoodMan The answer was "" Ozzy Osbourne "". [Similarity: 100%]",trivia you answered the question correctly and got 10 points. feelsgoodman the answer was ozzy osbourne . similarity 100,twitch,twitch,feelsgoodman,ozzy,contains_unknown_terms|definition_like_translation,review_unknown_terms,3
66,"person: i totally ship dean and castiel! person 2: no way, me too! person 3: i don't ship them that much. i ship castiel and meg more, to be honest.","person i totally ship dean and castiel! person 2 no way, me too! person 3 i don't ship them that much. i ship castiel and meg more, to be honest",urban_dictionary,local_urban_dictionary_api,ship,too,contains_unknown_terms,review_unknown_terms,3
68,Did you see Lizzo announced a Hard Launch with her new man on Instagram?!,did you see lizzo announced a hard launch with her new man on instagram,urban_dictionary,local_urban_dictionary_api,hard launch,announced|lizzo,contains_unknown_terms,review_unknown_terms,3
85,"Al Simmons is the current Spawn, but there have been past Spawns, and there will be future Spawns also.  Cogliostro was a former Spawn, and in pre-issue 100 Spawn, Cog was Al's mentor.  ""Curse of the Spawn"" follows the future Spawn, where as ""Medieval Spawn"" follows the story of a past Spawn, although ""SPAWN"" is the original.","al simmons is the current spawn, but there have been past spawns, and there will be future spawns also. cogliostro was a former spawn, and in pre-issue 100 spawn, cog was al's mentor. curse of the spawn follows the future spawn, where as medieval spawn follows the story of a past spawn, although spawn is the original",urban_dictionary,local_urban_dictionary_api,spawn,current,contains_unknown_terms,review_unknown_terms,3
80,"1. Guy mopping the bathroom at Subway: ""All those people from my high school that got into Princeton and MIT, they're just a bunch of fucking tryhards.""2. Kid that just got utterly humiliated in Starcraft 2: ""w/e u fuckin tryhard hacker n00bz lol i pwn u next time k 1v1 me NOW!!!11""3. That one douchebag that always brags about his 2500 Facebook friends: ""o hai guys dat 1 nig hes a fuckin tryhard im all like yea i get blazed all the time and shit and i fuck bitches and got all these friends, then hes like dude i dont fucking care stop sending requests to me i dont know you, and i was all like o rly, cool story bro. yeah i fuckin pwned that fail loser tryhard. lol, shit man, im so cool. srsly, pay attention to me plz! guys? anyone?!""4. See above.","1. guy mopping the bathroom at subway all those people from my high school that got into princeton and mit, they're just a bunch of fucking tryhards. 2. kid that just got utterly humiliated in starcraft 2 w e u fuckin tryhard hacker n00bz lol i pwn u next time k 1v1 me now.11 3. that one douchebag that always brags about his 2500 facebook friends o hai guys dat 1 nig hes a fuckin tryhard im all like yea i get blazed all the time and shit and i fuck bitches and got all these friends, then hes like dude i dont fucking care stop sending requests to me i dont know you, and i was all like o rly, cool story bro. yeah i fuckin pwned that fail loser tryhard. lol, shit man, im so cool. srsly, pay attention to me plz! guys? anyone. 4. see above",urban_dictionary,local_urban_dictionary_api,tryhard|bro|w,bathroom|blazed|cool|facebook|fucking|humiliated|lol|mopping|pwned|school|sending,contains_unknown_terms,review_unknown_terms,3
3401,"@brian6932, idk I remembered it being added not too long ago PogU",idk i remembered it being added not too long ago pogu,twitch,twitch,idk,added|remembered|too,contains_unknown_terms,review_unknown_terms,3
60,Joe: my mom died yesterdayJohn: bruuhhJoe: Yo my mom just won million dollarsJohn: bRuHhhJoe: my mom made dinner for us John: bruh,joe my mom died yesterdayjohn bruuhhjoe yo my mom just won million dollarsjohn bruhhjoe my mom made dinner for us john bruh,urban_dictionary,local_urban_dictionary_api,bruh,died,contains_unknown_terms,review_unknown_terms,3
58,She kissed your best friend ? That is wild !,she kissed your best friend ? that is wild,urban_dictionary,local_urban_dictionary_api,wild,kissed,contains_unknown_terms,review_unknown_terms,3
3232,@kjones086 I just get bronzed not very dark Sadge,i just get bronzed not very dark sadge,twitch,twitch,sadge,bronzed,contains_unknown_terms|definition_like_translation,review_unknown_terms,3
785,01:38 am TheUltraCoolCutieBoBo: anime = L,01 38 am theultracoolcutiebobo anime l,twitch,twitch,l,theultracoolcutiebobo,contains_unknown_terms,review_unknown_terms,3
3219,Sadge good luck jazzy,sadge good luck jazzy,twitch,twitch,sadge,jazzy,contains_unknown_terms|definition_like_translation,review_unknown_terms,3
3163,I want to watch Chance play shitty horror Sadge,i want to watch chance play shitty horror sadge,twitch,twitch,sadge,horror,contains_unknown_terms|definition_like_translation,review_unknown_terms,3
3166,Sadge shitty horror streams,sadge shitty horror streams,twitch,twitch,sadge,horror,contains_unknown_terms|definition_like_translation,review_unknown_terms,3
57,"Wasteman: ""Shit, My phone battery just died!""Badman: ""Peak for you son""Alternatively-Homeboy #1 ""You got a roach ?""Homeboy #2 ""Na fam , fresh out cuz""Homeboy #1 ""Peak , needed that shit!""","wasteman shit, my phone battery just died! badman peak for you son alternatively-homeboy 1 you got a roach ? homeboy 2 na fam , fresh out cuz homeboy 1 peak , needed that shit",urban_dictionary,local_urban_dictionary_api,peak|fam,died|needed,contains_unknown_terms,review_unknown_terms,3
3172,monkaW <- jazzy rn,monkaw - jazzy rn,twitch,twitch,rn,jazzy,contains_unknown_terms,review_unknown_terms,3
3550,"i watched erob yesterday, his chat just shits on him from live till end stream LUL","i watched erob yesterday, his chat just shits on him from live till end stream lul",twitch,twitch,lul,watched,contains_unknown_terms|definition_like_translation,review_unknown_terms,3
2008,3Head luv cricket; ate football,3head luv cricket ate football,twitch,twitch,ate,football,contains_unknown_terms|definition_like_translation,review_unknown_terms,3
1511,"Jebaited󠀀 removed, Jebasted forever","jebaited removed, jebasted forever",twitch,twitch,jebaited,jebasted|removed,contains_unknown_terms,review_unknown_terms,3
3592,Madge what a bear druid hibernating,madge what a bear druid hibernating,twitch,twitch,madge,hibernating,contains_unknown_terms|definition_like_translation,review_unknown_terms,3
3591,too fat and too thin dicked Madge whe cant find it,too fat and too thin dicked madge whe cant find it,twitch,twitch,madge,dicked|too,contains_unknown_terms|definition_like_translation,review_unknown_terms,3
3596,WoW Sadge ded game,wow sadge ded game,twitch,twitch,sadge,ded,contains_unknown_terms|definition_like_translation,review_unknown_terms,3
2051,OMEGALUL defeated by a kick,omegalul defeated by a kick,twitch,twitch,omegalul,defeated,contains_unknown_terms|definition_like_translation,review_unknown_terms,3
3645,Madge moonmoon has better emotes,madge moonmoon has better emotes,twitch,twitch,madge,moonmoon,contains_unknown_terms|definition_like_translation,review_unknown_terms,3
2543,"[Trivia] @gtokie You answered the question correctly and got 9 points. FeelsGoodMan The answer was "" Ted Kaczynski "". [Similarity: 86%]",trivia you answered the question correctly and got 9 points. feelsgoodman the answer was ted kaczynski . similarity 86,twitch,twitch,feelsgoodman,ted,contains_unknown_terms|definition_like_translation,review_unknown_terms,3
2136,"[Trivia] @vissione You answered the question correctly and got 9 points. FeelsGoodMan The answer was "" carbon copying "". [Similarity: 86%]",trivia you answered the question correctly and got 9 points. feelsgoodman the answer was carbon copying . similarity 86,twitch,twitch,feelsgoodman,copying,contains_unknown_terms|definition_like_translation,review_unknown_terms,3
2534,I wish our streamer cared about us Sadge,i wish our streamer cared about us sadge,twitch,twitch,sadge,cared,contains_unknown_terms|definition_like_translation,review_unknown_terms,3
103,"Safe Take: ""I think Team A will win, but I wouldn't be surprised if Team B does.""Safe Take #2: ""The Lakers are going to destroy the Timberwolves.""","safe take i think team a will win, but i wouldn't be surprised if team b does. safe take 2 the lakers are going to destroy the timberwolves",urban_dictionary,local_urban_dictionary_api,safe take,surprised,contains_unknown_terms,review_unknown_terms,3
3636,He probably had terrible sleep thinking of WC3 strats. Madge,he probably had terrible sleep thinking of wc3 strats. madge,twitch,twitch,madge,terrible|thinking,contains_unknown_terms|definition_like_translation,review_unknown_terms,3
3634,Madge ill say it again too,madge ill say it again too,twitch,twitch,madge,too,contains_unknown_terms|definition_like_translation,review_unknown_terms,3
3631,"Madge Actually Tauren gets my sub now, she's a college graduate, unlike my retarded streamer Madge","madge actually tauren gets my sub now, she's a college graduate, unlike my retarded streamer madge",twitch,twitch,madge,retarded,contains_unknown_terms|definition_like_translation,review_unknown_terms,3
92,"Example 1: “This vibe coded game looks cool as hell, but ‘make it fun’ left it buggier than a cheap phone.”Example 2: “Her vibe coded site’s straight-up fire—clean, works great, ‘cause she told the AI exactly what she wanted.”","example 1 this vibe coded game looks cool as hell, but make it fun left it buggier than a cheap phone. example 2 her vibe coded site s straight-up fire clean, works great, cause she told the ai exactly what she wanted",urban_dictionary,local_urban_dictionary_api,vibe coded|clean|fire,cool|wanted,contains_unknown_terms|definition_like_translation,review_unknown_terms,3
2158,"[Trivia] @alsobuoyant You answered the question correctly and got 10 points. FeelsGoodMan The answer was "" Eleanor Roosevelt "". [Similarity: 100%]",trivia you answered the question correctly and got 10 points. feelsgoodman the answer was eleanor roosevelt . similarity 100,twitch,twitch,feelsgoodman,roosevelt,contains_unknown_terms|definition_like_translation,review_unknown_terms,3
2150,I read too slow PepeHands,i read too slow pepehands,twitch,twitch,pepehands,too,contains_unknown_terms|definition_like_translation,review_unknown_terms,3
94,"Wow! Colonel Tushfinger that sure was a funny ass boss move when you jumped on that stack of lumber and acted like that pussy waffle truck driver Ron.Hey Larry, I know you are my best friend and all, but that sure was a boss move when you made my mom finger blast your shit box and got caught by my dad.","wow! colonel tushfinger that sure was a funny ass boss move when you jumped on that stack of lumber and acted like that pussy waffle truck driver ron.hey larry, i know you are my best friend and all, but that sure was a boss move when you made my mom finger blast your shit box and got caught by my dad",urban_dictionary,local_urban_dictionary_api,boss move,acted|jumped|larry,contains_unknown_terms,review_unknown_terms,3
90,"Guy #1: I had a great day, climbed a hill and didn't check facebook. Guy #2: Good day? Guy #1: Yea pure JOMO.","guy 1 i had a great day, climbed a hill and didn't check facebook. guy 2 good day? guy 1 yea pure jomo",urban_dictionary,local_urban_dictionary_api,jomo,climbed|facebook,contains_unknown_terms,review_unknown_terms,3
3660,Madge it's not our fault he fucked up his sleeping schedule. Adults set alarms,madge it's not our fault he fucked up his sleeping schedule. adults set alarms,twitch,twitch,madge,fucked|sleeping,contains_unknown_terms|definition_like_translation,review_unknown_terms,3
3663,Streamers setting alarms... OMEGALUL,streamers setting alarms. omegalul,twitch,twitch,omegalul,setting,contains_unknown_terms|definition_like_translation,review_unknown_terms,3
86,"""There's a guy camping outside the door with a Covenant Energy Sword. Be careful, lest he perpetrate the ownage against you.""  ""That sniper-ass sniper be camping on top of the base.""","there's a guy camping outside the door with a covenant energy sword. be careful, lest he perpetrate the ownage against you. that sniper-ass sniper be camping on top of the base",urban_dictionary,local_urban_dictionary_api,camping,door,contains_unknown_terms,review_unknown_terms,3
2986,"[Scramble] @kjones086 You answered the question correctly and got 10 points. FeelsGoodMan The word was "" gaming """,scramble you answered the question correctly and got 10 points. feelsgoodman the word was gaming,twitch,twitch,feelsgoodman,gaming,contains_unknown_terms|definition_like_translation,review_unknown_terms,3
99,"𝗖𝗼𝗺𝗺𝗼𝗻 𝗘𝘅𝗮𝗺𝗽𝗹𝗲: Maddy: Who are you staring at? Ophelia: No one... Maddy: Damien's living rent free in your head, I can tell.𝗢𝘁𝗵𝗲𝗿 𝗘𝘅𝗮𝗺𝗽𝗹𝗲: Rust Teammate 1: Hey I was away for a few days, fill me in. Rust Teammate 2: We just pulled off a massive raid on one of the most heavily fortified bases, and we destroyed it to smithereens!Rust Teammate 1: Damn! nice!! I guess we must be living rent-free in those team's heads now, hahaha.","maddy who are you staring at? ophelia no one. maddy damien's living rent free in your head, i can tell. rust teammate 1 hey i was away for a few days, fill me in. rust teammate 2 we just pulled off a massive raid on one of the most heavily fortified bases, and we destroyed it to smithereens!rust teammate 1 damn! nice. i guess we must be living rent-free in those team's heads now, hahaha",urban_dictionary,local_urban_dictionary_api,living rent free,destroyed|fortified|pulled|staring,contains_unknown_terms,review_unknown_terms,3
96,1. I'm hella pressed about how much homework we have due tomorrow. 2. Why does this girl keep trying me? Im pressed!,1. i'm hella pressed about how much homework we have due tomorrow. 2. why does this girl keep trying me? im pressed,urban_dictionary,local_urban_dictionary_api,pressed,trying,contains_unknown_terms,review_unknown_terms,3
97,He was so salty after he died in smash bros,he was so salty after he died in smash bros,urban_dictionary,local_urban_dictionary_api,salty,died,contains_unknown_terms,review_unknown_terms,3
1313,betting on VODs is a really good way to get unlimited points LUL,betting on vods is a really good way to get unlimited points lul,twitch,twitch,lul,betting|unlimited,contains_unknown_terms|definition_like_translation,review_unknown_terms,3
2979,"[Trivia] @warringbulldog You answered the question correctly and got 10 points. FeelsGoodMan The answer was "" Yogi Berra "". [Similarity: 100%]",trivia you answered the question correctly and got 10 points. feelsgoodman the answer was yogi berra . similarity 100,twitch,twitch,feelsgoodman,berra,contains_unknown_terms|definition_like_translation,review_unknown_terms,3
2951,streamer abandoned us Sadge,streamer abandoned us sadge,twitch,twitch,sadge,abandoned,contains_unknown_terms|definition_like_translation,review_unknown_terms,3
3689,"Madge Vulpes, my Lord, Madge calm down and stop promoting this idiot Madge","madge vulpes, my lord, madge calm down and stop promoting this idiot madge",twitch,twitch,madge,promoting,contains_unknown_terms|definition_like_translation,review_unknown_terms,3
3697,Madge shipping costs better be the same Madge,madge shipping costs better be the same madge,twitch,twitch,madge,shipping,contains_unknown_terms|definition_like_translation,review_unknown_terms,3
70,"She slayed that outfit, she understood the assignment!","she slayed that outfit, she understood the assignment",urban_dictionary,local_urban_dictionary_api,understood the assignment,slayed,contains_unknown_terms,review_unknown_terms,3
71,"Implication of low effort: By asking “is that how you’re giving it up,” the speaker is implying that the other person is not giving their best effort.","implication of low effort by asking is that how you re giving it up, the speaker is implying that the other person is not giving their best effort",urban_dictionary,local_urban_dictionary_api,giving,asking|implying,contains_unknown_terms,review_unknown_terms,3
73,"Tyler: Hey, dude. Did you know that I saw Carrie leaving my house party with Drew?Ronald: Oh, really? Say less; I'm going to have a real, long talk with her.","tyler hey, dude. did you know that i saw carrie leaving my house party with drew?ronald oh, really? say less i'm going to have a real, long talk with her",urban_dictionary,local_urban_dictionary_api,say less|real,carrie|leaving,contains_unknown_terms,review_unknown_terms,3
75,person 1: i dropped my phone person 2: yikesperson 1: im gonna shoot myself in the face person 2: yikes,person 1 i dropped my phone person 2 yikesperson 1 im gonna shoot myself in the face person 2 yikes,urban_dictionary,local_urban_dictionary_api,yikes,dropped|shoot,contains_unknown_terms,review_unknown_terms,3
77,'it's impossible to fight against these players with their pay-to-win equipment that kills us in one hit. i think their stats need to be balanced.' 'sounds like skill issue','it's impossible to fight against these players with their pay-to-win equipment that kills us in one hit. i think their stats need to be balanced.' 'sounds like skill issue',urban_dictionary,local_urban_dictionary_api,skill issue,balanced,contains_unknown_terms,review_unknown_terms,3
78,"Carly was clutch when she pulled off a perfect grade on her biochem exam, despite having March Madness going on for weeks prior.One of Michael Jordan's reasons for being the GOAT is due to clutch shooting in a do-or-die situation.","carly was clutch when she pulled off a perfect grade on her biochem exam, despite having march madness going on for weeks prior.one of michael jordan's reasons for being the goat is due to clutch shooting in a do-or-die situation",urban_dictionary,local_urban_dictionary_api,clutch,having|pulled|shooting,contains_unknown_terms,review_unknown_terms,3
79,"Person 1: HOW THE FUCK DID THAT BITCH KILL ME?!?! I HAD LEVEL 3 ARMOR AND A PUMP SHOTGUN! FUCKING HACKER! Person 2: Calm down, dude. Quit being such a fucking sweat. Maybe you're just not that good at the game.","person 1 how the fuck did that bitch kill me. i had level 3 armor and a pump shotgun! fucking hacker! person 2 calm down, dude. quit being such a fucking sweat. maybe you're just not that good at the game",urban_dictionary,local_urban_dictionary_api,sweat,fucking,contains_unknown_terms,review_unknown_terms,3
3832,Madge X2 my blood is boiling chat Madge X2 I'm sorry Madge X2,madge x2 my blood is boiling chat madge x2 i'm sorry madge x2,twitch,twitch,madge,blood|boiling|sorry,contains_unknown_terms|definition_like_translation,review_unknown_terms,3
16,Yo that crack head down the street was tweaking fighting the air earlier tripping,yo that crack head down the street was tweaking fighting the air earlier tripping,urban_dictionary,local_urban_dictionary_api,tweaking,fighting|tripping,contains_unknown_terms|definition_like_translation,review_unknown_terms,3
15,He just took that big L.,he just took that big l,urban_dictionary,local_urban_dictionary_api,l,took,contains_unknown_terms,review_unknown_terms,3
33,"""sticking out your gyat for the rizzler, your so skibiti, your so fanum tax...""","sticking out your gyat for the rizzler, your so skibiti, your so fanum tax",urban_dictionary,local_urban_dictionary_api,fanum tax,rizzler|sticking,contains_unknown_terms,review_unknown_terms,3
14,"The home team struggled but came out with the ""W.""",the home team struggled but came out with the w,urban_dictionary,local_urban_dictionary_api,w,struggled,contains_unknown_terms,review_unknown_terms,3
22,Person 1: I'm a Sigma! John: Bro's scrolling on tik-tok too much,person 1 i'm a sigma! john bro's scrolling on tik-tok too much,urban_dictionary,local_urban_dictionary_api,sigma,scrolling|too,contains_unknown_terms,review_unknown_terms,3
2750,doordash delivers 711 LUL,doordash delivers 711 lul,twitch,twitch,lul,doordash,contains_unknown_terms|definition_like_translation,review_unknown_terms,3
1912,guess schedule wasn't fixed Sadge,guess schedule wasn't fixed sadge,twitch,twitch,sadge,fixed,contains_unknown_terms|definition_like_translation,review_unknown_terms,3
2746,there's a bbq place around the corner too but i'm too fat and lazy to walk there. some thai food. sushi as well. still want 711 Madge,there's a bbq place around the corner too but i'm too fat and lazy to walk there. some thai food. sushi as well. still want 711 madge,twitch,twitch,madge,too,contains_unknown_terms|definition_like_translation,review_unknown_terms,3
2747,bro put on some headphones and get outside are u trolling,bro put on some headphones and get outside are u trolling,twitch,twitch,bro,trolling,contains_unknown_terms,review_unknown_terms,3
3496,"@exepir, we did project version like the episodes of a series downloaded from pirate origins FeelsGoodMan",we did project version like the episodes of a series downloaded from pirate origins feelsgoodman,twitch,twitch,feelsgoodman,downloaded,contains_unknown_terms|definition_like_translation,review_unknown_terms,3
2774,streamer never coming back Sadge,streamer never coming back sadge,twitch,twitch,sadge,coming,contains_unknown_terms|definition_like_translation,review_unknown_terms,3
6,We waited on that album for 6 months but it was mid!,we waited on that album for 6 months but it was mid,urban_dictionary,local_urban_dictionary_api,mid,waited,contains_unknown_terms,review_unknown_terms,3
3828,Madge X2 soda better no be watching some egirl Madge X2 His small dick won't satisfy her Madge X2 small dicked fuck Madge X2,madge x2 soda better no be watching some egirl madge x2 his small dick won't satisfy her madge x2 small dicked fuck madge x2,twitch,twitch,madge,dicked,contains_unknown_terms|definition_like_translation,review_unknown_terms,3
1769,"[Trivia] @tepidp You answered the question correctly and got 7 points. FeelsGoodMan The answer was "" William Perry "". [Similarity: 71%]",trivia you answered the question correctly and got 7 points. feelsgoodman the answer was william perry . similarity 71,twitch,twitch,feelsgoodman,perry,contains_unknown_terms|definition_like_translation,review_unknown_terms,3
323,"[Trivia] @gtokie You answered the question correctly and got 10 points. FeelsGoodMan The answer was "" Three Stooges "". [Similarity: 100%]",trivia you answered the question correctly and got 10 points. feelsgoodman the answer was three stooges . similarity 100,twitch,twitch,feelsgoodman,stooges,contains_unknown_terms|definition_like_translation,review_unknown_terms,3
1646,"I gotta trick a person to gifting me a xqc sub so I can emote Sadge, I already spend too much on subs xqcL","i gotta trick a person to gifting me a xqc sub so i can emote sadge, i already spend too much on subs xqcl",twitch,twitch,sadge,gifting|too,contains_unknown_terms|definition_like_translation,review_unknown_terms,3
1609,it will get boring/annoying real quick,it will get boring annoying real quick,twitch,twitch,real,annoying|boring,contains_unknown_terms,review_unknown_terms,3
2798,Sadge lapras are canonically endangered?,sadge lapras are canonically endangered,twitch,twitch,sadge,endangered,contains_unknown_terms|definition_like_translation,review_unknown_terms,3
3486,"Soda getting fat too, eating too much whataburger Sadge","soda getting fat too, eating too much whataburger sadge",twitch,twitch,sadge,eating|too,contains_unknown_terms|definition_like_translation,review_unknown_terms,3
2816,"[Trivia] @crashfort You answered the question correctly and got 10 points. FeelsGoodMan The answer was "" red "". [Similarity: 100%]",trivia you answered the question correctly and got 10 points. feelsgoodman the answer was red . similarity 100,twitch,twitch,feelsgoodman,red,contains_unknown_terms|definition_like_translation,review_unknown_terms,3
3560,DonoWall I agree they looked poggers,donowall i agree they looked poggers,twitch,twitch,poggers,looked,contains_unknown_terms,review_unknown_terms,3
1913,I just lit a Fresh Squeezed Lemonade candle Kreygasm,i just lit a fresh squeezed lemonade candle kreygasm,twitch,twitch,lit,squeezed,contains_unknown_terms,review_unknown_terms,3
205,"Sadge streamer go live pls, twitch is boring today","sadge streamer go live pls, twitch is boring today",twitch,twitch,sadge,boring|pls,contains_unknown_terms|definition_like_translation,review_unknown_terms,3
3584,Madge he's falling off and getting fat Madge,madge he's falling off and getting fat madge,twitch,twitch,madge,falling,contains_unknown_terms|definition_like_translation,review_unknown_terms,3
3579,Madge probably jerking off in a tub of his own cum Madge,madge probably jerking off in a tub of his own cum madge,twitch,twitch,madge,jerking,contains_unknown_terms|definition_like_translation,review_unknown_terms,3
1976,"missed the ice cream truck, this is my biggest L yet","missed the ice cream truck, this is my biggest l yet",twitch,twitch,l,missed,contains_unknown_terms,review_unknown_terms,3
3574,Madge fucking retard Chance Madge,madge fucking retard chance madge,twitch,twitch,madge,fucking,contains_unknown_terms|definition_like_translation,review_unknown_terms,3
1513,"Jebasted󠀀 removed, Jebaited forever","jebasted removed, jebaited forever",twitch,twitch,jebaited,jebasted|removed,contains_unknown_terms,review_unknown_terms,3
1581,Bleach 1000 year bloodwar trailer is out LETSFUCKINGGO Pog,bleach 100 year bloodwar trailer is out letsfuckinggo pog,twitch,twitch,pog,bloodwar,contains_unknown_terms|definition_like_translation,review_unknown_terms,3
2829,"[Scramble] @kjones086 You answered the question correctly and got 10 points. FeelsGoodMan The word was "" setting """,scramble you answered the question correctly and got 10 points. feelsgoodman the word was setting,twitch,twitch,feelsgoodman,setting,contains_unknown_terms|definition_like_translation,review_unknown_terms,3
172,strawberry rhubarb is Pog,strawberry rhubarb is pog,twitch,twitch,pog,strawberry,contains_unknown_terms|definition_like_translation,review_unknown_terms,3
2675,asking for first names Madge,asking for first names madge,twitch,twitch,madge,asking,contains_unknown_terms|definition_like_translation,review_unknown_terms,3
3813,Madge X2 That apartment better get it fixed @OnyxPenumbra Madge X2,madge x2 that apartment better get it fixed madge x2,twitch,twitch,madge,fixed,contains_unknown_terms|definition_like_translation,review_unknown_terms,3
3808,"VulpesHD, it looks like it's only for FR and DE oops FeelsDankMan","vulpeshd, it looks like it's only for fr and de oops feelsdankman",twitch,twitch,fr,oops,contains_unknown_terms,review_unknown_terms,3
28,"""Hey that guy over there is cringy"" ""Are you kidding Francis is the definition of cringe!""",hey that guy over there is cringy are you kidding francis is the definition of cringe,urban_dictionary,local_urban_dictionary_api,cringe,kidding,contains_unknown_terms,review_unknown_terms,3
3549,"Soda is fat, dumb, stupid, ugly, fat and retarded Madge","soda is fat, dumb, stupid, ugly, fat and retarded madge",twitch,twitch,madge,retarded,contains_unknown_terms|definition_like_translation,review_unknown_terms,3
634,LUL LUL,lul lul,twitch,twitch,lul,,short_text|definition_like_translation,review_short_context,1
3305,on yt LuL,on yt lul,twitch,twitch,lul,,short_text|definition_like_translation,review_short_context,1
630,LUL,lul,twitch,twitch,lul,,short_text|definition_like_translation,review_short_context,1
3325,streamer Sadge,streamer sadge,twitch,twitch,sadge,,short_text|definition_like_translation,review_short_context,1
3784,then* Madge,then madge,twitch,twitch,madge,,short_text|definition_like_translation,review_short_context,1
8,sis ate,sis ate,urban_dictionary,local_urban_dictionary_api,ate,,short_text|definition_like_translation,review_short_context,1
2386,campire LUL,campire lul,twitch,twitch,lul,,short_text|definition_like_translation,review_short_context,1
2415,queen elizabeth,queen elizabeth,twitch,twitch,queen,,short_text,review_short_context,1
3273,aske_rl 💋 nyanPls,aske rl nyanpls,twitch,twitch,nyanpls,,short_text,review_short_context,1
638,OMEGALUL,omegalul,twitch,twitch,omegalul,,short_text|definition_like_translation,review_short_context,1
3275,AmongUsDance nyanPls,amongusdance nyanpls,twitch,twitch,nyanpls,,short_text,review_short_context,1
777,anime = L,anime l,twitch,twitch,l,,short_text,review_short_context,1
779,animes pog tho,animes pog tho,twitch,twitch,pog,,short_text|definition_like_translation,review_short_context,1
647,based,based,twitch,twitch,based,,short_text,review_short_context,1
709,POGGERS,poggers,twitch,twitch,poggers,,short_text,review_short_context,1
3292,make them Madge,make them madge,twitch,twitch,madge,,short_text|definition_like_translation,review_short_context,1
3293,Madge plants,madge plants,twitch,twitch,madge,,short_text|definition_like_translation,review_short_context,1
3355,@schnaidah LULW Pog,lulw pog,twitch,twitch,pog,,short_text|definition_like_translation,review_short_context,1
776,W,w,twitch,twitch,w,,short_text,review_short_context,1
3253,Madge wake up,madge wake up,twitch,twitch,madge,,short_text|definition_like_translation,review_short_context,1
3262,skippy nyanPls,skippy nyanpls,twitch,twitch,nyanpls,,short_text,review_short_context,1
3267,Sadge same,sadge same,twitch,twitch,sadge,,short_text|definition_like_translation,review_short_context,1
598,Is apex cringe?,is apex cringe,twitch,twitch,cringe,,short_text,review_short_context,1
774,L,l,twitch,twitch,l,,short_text,review_short_context,1
713,monkaS,monkas,twitch,twitch,monkas,,short_text|definition_like_translation,review_short_context,1
3156,Stop monkaS,stop monkas,twitch,twitch,monkas,,short_text|definition_like_translation,review_short_context,1
3150,nacchi pog,nacchi pog,twitch,twitch,pog,,short_text|definition_like_translation,review_short_context,1
2263,BASED net,based net,twitch,twitch,based,,short_text,review_short_context,1
1143,chillyhtx Pog,chillyhtx pog,twitch,twitch,pog,,short_text|definition_like_translation,review_short_context,1
1094,"@Chicbreeze, OMEGALUL autumnvrCyclops",omegalul autumnvrcyclops,twitch,twitch,omegalul,,short_text|definition_like_translation,review_short_context,1
2449,monkaS brains,monkas brains,twitch,twitch,monkas,,short_text|definition_like_translation,review_short_context,1
966,L MEOW,l meow,twitch,twitch,l,,short_text,review_short_context,1
1015,nyanPls https://www.youtube.com/watch?v=D17eJxQ4u4E weebNod,nyanpls weebnod,twitch,twitch,nyanpls,,short_text,review_short_context,1
3736,Madge Vulpes Madge,madge vulpes madge,twitch,twitch,madge,,short_text|definition_like_translation,review_short_context,1
3065,Madge maya,madge maya,twitch,twitch,madge,,short_text|definition_like_translation,review_short_context,1
2414,queen,queen,twitch,twitch,queen,,short_text,review_short_context,1
3171,chemicals monkaS,chemicals monkas,twitch,twitch,monkas,,short_text|definition_like_translation,review_short_context,1
903,!king,king,twitch,twitch,king,,short_text,review_short_context,1
2431,WHO OMEGALUL,who omegalul,twitch,twitch,omegalul,,short_text|definition_like_translation,review_short_context,1
3454,Madge yeah,madge yeah,twitch,twitch,madge,,short_text|definition_like_translation,review_short_context,1
1436,king a,king a,twitch,twitch,king,,short_text,review_short_context,1
1433,[Trivia] Hint: King ______,trivia hint king,twitch,twitch,king,,short_text,review_short_context,1
2910,I tried PepeHands,i tried pepehands,twitch,twitch,pepehands,,short_text|definition_like_translation,review_short_context,1
1438,king ar,king ar,twitch,twitch,king,,short_text,review_short_context,1
3651,Clueless idk,clueless idk,twitch,twitch,idk,,short_text,review_short_context,1
2479,idk,idk,twitch,twitch,idk,,short_text,review_short_context,1
2232,chewbacca LUL,chewbacca lul,twitch,twitch,lul,,short_text|definition_like_translation,review_short_context,1
95,sina u devoured !,sina u devoured,urban_dictionary,local_urban_dictionary_api,devoured,,short_text,review_short_context,1
3672,KEKW,kekw,twitch,twitch,kekw,,short_text|definition_like_translation,review_short_context,1
2987,Jebaited,jebaited,twitch,twitch,jebaited,,short_text,review_short_context,1
1440,king shit,king shit,twitch,twitch,king,,short_text,review_short_context,1
3417,!king BRUHFAINT,king bruhfaint,twitch,twitch,king,,short_text,review_short_context,1
515,HyperCrown King,hypercrown king,twitch,twitch,king,,short_text,review_short_context,1
3428,"@exepir, real? vulpes3Lurk",real? vulpes3lurk,twitch,twitch,real,,short_text,review_short_context,1
2935,@Jazzykat real happythoWoah,real happythowoah,twitch,twitch,real,,short_text,review_short_context,1
2110,POGGERS 100T,poggers 100t,twitch,twitch,poggers,,short_text,review_short_context,1
2536,%trivia Sadge,trivia sadge,twitch,twitch,sadge,,short_text|definition_like_translation,review_short_context,1
2539,I know Sadge,i know sadge,twitch,twitch,sadge,,short_text|definition_like_translation,review_short_context,1
2103,woah chill bot,woah chill bot,twitch,twitch,chill,,short_text,review_short_context,1
179,Pog,pog,twitch,twitch,pog,,short_text|definition_like_translation,review_short_context,1
3590,Madge DRUE,madge drue,twitch,twitch,madge,,short_text|definition_like_translation,review_short_context,1
2037,PauseChamp  live? Poggers,pausechamp live? poggers,twitch,twitch,poggers,,short_text,review_short_context,1
2046,FeelsGoodMan,feelsgoodman,twitch,twitch,feelsgoodman,,short_text|definition_like_translation,review_short_context,1
1435,King James,king james,twitch,twitch,king,,short_text,review_short_context,1
1434,king kong,king kong,twitch,twitch,king,,short_text,review_short_context,1
2808,and cities Sadge,and cities sadge,twitch,twitch,sadge,,short_text|definition_like_translation,review_short_context,1
1558,Madge no,madge no,twitch,twitch,madge,,short_text|definition_like_translation,review_short_context,1
1522,birds arent real,birds arent real,twitch,twitch,real,,short_text,review_short_context,1
396,Madge,madge,twitch,twitch,madge,,short_text|definition_like_translation,review_short_context,1
397,bruh,bruh,twitch,twitch,bruh,,short_text,review_short_context,1
3462,Pog helpful mod,pog helpful mod,twitch,twitch,pog,,short_text|definition_like_translation,review_short_context,1
3578,Madge streamer,madge streamer,twitch,twitch,madge,,short_text|definition_like_translation,review_short_context,1
3581,Madge ---> DESKCHAN,madge -- deskchan,twitch,twitch,madge,,short_text|definition_like_translation,review_short_context,1
194,nixi Sadge,nixi sadge,twitch,twitch,sadge,,short_text|definition_like_translation,review_short_context,1
2589,OMEGALUL nice cheese,omegalul nice cheese,twitch,twitch,omegalul,,short_text|definition_like_translation,review_short_context,1
1918,PepeHands,pepehands,twitch,twitch,pepehands,,short_text|definition_like_translation,review_short_context,1
1969,moscowland Pog,moscowland pog,twitch,twitch,pog,,short_text|definition_like_translation,review_short_context,1
3571,@jdogtheavenger Madge hey,madge hey,twitch,twitch,madge,,short_text|definition_like_translation,review_short_context,1
3569,Madge im happy,madge im happy,twitch,twitch,madge,,short_text|definition_like_translation,review_short_context,1
1973,leningrad LUL,leningrad lul,twitch,twitch,lul,,short_text|definition_like_translation,review_short_context,1
2797,OMEGALUL warcraft 3,omegalul warcraft 3,twitch,twitch,omegalul,,short_text|definition_like_translation,review_short_context,1
2753,fuck sunlight Madge,fuck sunlight madge,twitch,twitch,madge,,short_text|definition_like_translation,review_short_context,1
2764,SSS soon COPIUM,ss soon copium,twitch,twitch,copium,,short_text,review_short_context,1
3521,Madge am pentup,madge am pentup,twitch,twitch,madge,,short_text|definition_like_translation,review_short_context,1
1732,!king peepoLeave,king peepoleave,twitch,twitch,king,,short_text,review_short_context,1
243,nyanPls,nyanpls,twitch,twitch,nyanpls,,short_text,review_short_context,1
2631,Madge letters,madge letters,twitch,twitch,madge,,short_text|definition_like_translation,review_short_context,1
3555,Madge and gay,madge and gay,twitch,twitch,madge,,short_text|definition_like_translation,review_short_context,1
3846,idk this one,idk this one,twitch,twitch,idk,,short_text,review_short_context,1
268,sadge,sadge,twitch,twitch,sadge,,short_text|definition_like_translation,review_short_context,1
2683,Pog power gloves,pog power gloves,twitch,twitch,pog,,short_text|definition_like_translation,review_short_context,1
3853,"[Scramble] @endgame2 You answered the question correctly and got 10 points. FeelsGoodMan The word was "" donor """,scramble you answered the question correctly and got 10 points. feelsgoodman the word was donor,twitch,twitch,feelsgoodman,,definition_like_translation,review_translation_quality,0
3308,bro u think i dont have simple research skills,bro u think i dont have simple research skills,twitch,twitch,bro,,clean,review_translation_quality,0
3304,or search for a 30min blender tutorial LuL,or search for a 30min blender tutorial lul,twitch,twitch,lul,,definition_like_translation,review_translation_quality,0
3318,live in 5 COPIUM,live in 5 copium,twitch,twitch,copium,,clean,review_translation_quality,0
7,Bro #1: yo homie that girl is cooked as fuck. Bro #2: shits cooked.,bro 1 yo homie that girl is cooked as fuck. bro 2 shits cooked,urban_dictionary,local_urban_dictionary_api,cooked|bro,,clean,review_translation_quality,0
3816,"oh no, soda's favorite cb girl just went live. which means we have to wait even longer Madge","oh no, soda's favorite cb girl just went live. which means we have to wait even longer madge",twitch,twitch,madge,,definition_like_translation,review_translation_quality,0
37,"Man 1: yes so my daughter just got a good VCE result i'm so proud next week the wife and I... Man 2: okay buddy quit yapping this ain't yapghanistan here we speak English not yapanese, now beat it pal!","man 1 yes so my daughter just got a good vce result i'm so proud next week the wife and i. man 2 okay buddy quit yapping this ain't yapghanistan here we speak english not yapanese, now beat it pal",urban_dictionary,local_urban_dictionary_api,yapping,,clean,review_translation_quality,0
34,Aura has a good personality,aura has a good personality,urban_dictionary,local_urban_dictionary_api,aura,,clean,review_translation_quality,0
48,guy 1: i like watching little kids at the park trip and fall on their ugly facesguy 2: real,guy 1 i like watching little kids at the park trip and fall on their ugly facesguy 2 real,urban_dictionary,local_urban_dictionary_api,real,,clean,review_translation_quality,0
46,"Kid (To Lebron) : ""Hi Lebron oh my god I love you, you are the goat and I love you so much"" Random Spectator : ""The glazing is insane""","kid to lebron hi lebron oh my god i love you, you are the goat and i love you so much random spectator the glazing is insane",urban_dictionary,local_urban_dictionary_api,glazing,,clean,review_translation_quality,0
44,"""dude that girl is fit!"" ""right?""",dude that girl is fit! right,urban_dictionary,local_urban_dictionary_api,fit,,clean,review_translation_quality,0
42,tay- i didnt know yo mama could cook this good! jj- yea her food be bussin,tay- i didnt know yo mama could cook this good! jj- yea her food be bussin,urban_dictionary,local_urban_dictionary_api,bussin,,clean,review_translation_quality,0
3779,Madge Where's my free entertainment Madge,madge where's my free entertainment madge,twitch,twitch,madge,,definition_like_translation,review_translation_quality,0
3778,Madge Where Mr. Streamer Madge,madge where mr. streamer madge,twitch,twitch,madge,,definition_like_translation,review_translation_quality,0
3774,Madge X2 xino Madge X2,madge x2 xino madge x2,twitch,twitch,madge,,definition_like_translation,review_translation_quality,0
3771,Madge did you change names xino?,madge did you change names xino,twitch,twitch,madge,,definition_like_translation,review_translation_quality,0
3284,Sadge I might just go off the internet forever,sadge i might just go off the internet forever,twitch,twitch,sadge,,definition_like_translation,review_translation_quality,0
2664,"[Trivia] @nacchikins You answered the question correctly and got 10 points. FeelsGoodMan The answer was "" San Francisco "". [Similarity: 100%]",trivia you answered the question correctly and got 10 points. feelsgoodman the answer was san francisco . similarity 100,twitch,twitch,feelsgoodman,,definition_like_translation,review_translation_quality,0
1827,"[Trivia] @alsobuoyant You answered the question correctly and got 10 points. FeelsGoodMan The answer was "" Truth "". [Similarity: 100%]",trivia you answered the question correctly and got 10 points. feelsgoodman the answer was truth . similarity 100,twitch,twitch,feelsgoodman,,definition_like_translation,review_translation_quality,0
1837,"[Trivia] @evolution_21 You answered the question correctly and got 10 points. FeelsGoodMan The answer was "" Pokimane "". [Similarity: 100%]",trivia you answered the question correctly and got 10 points. feelsgoodman the answer was pokimane . similarity 100,twitch,twitch,feelsgoodman,,definition_like_translation,review_translation_quality,0
1835,"[Trivia] Which female streamer is known as ""queen"" and ""face of Twitch""?",trivia which female streamer is known as queen and face of twitch,twitch,twitch,queen,,clean,review_translation_quality,0
3532,COPIUM They will raid on the 21st,copium they will raid on the 21st,twitch,twitch,copium,,clean,review_translation_quality,0
3530,3K chatters FeelsGoodMan Clap,3k chatters feelsgoodman clap,twitch,twitch,feelsgoodman,,definition_like_translation,review_translation_quality,0
304,"[Trivia] @guactoast You answered the question correctly and got 10 points. FeelsGoodMan The answer was "" Upton Sinclair "". [Similarity: 100%]",trivia you answered the question correctly and got 10 points. feelsgoodman the answer was upton sinclair . similarity 100,twitch,twitch,feelsgoodman,,definition_like_translation,review_translation_quality,0
297,"[Trivia] @mushytales You answered the question correctly and got 10 points. FeelsGoodMan The answer was "" Tower Of London "". [Similarity: 100%]",trivia you answered the question correctly and got 10 points. feelsgoodman the answer was tower of london . similarity 100,twitch,twitch,feelsgoodman,,definition_like_translation,review_translation_quality,0
3522,cyr not live right now Sadge,cyr not live right now sadge,twitch,twitch,sadge,,definition_like_translation,review_translation_quality,0
2682,Pog the power glove,pog the power glove,twitch,twitch,pog,,definition_like_translation,review_translation_quality,0
2681,"[Trivia] @steveshepard You answered the question correctly and got 8 points. FeelsGoodMan The answer was "" The Power Glove "". [Similarity: 75%]",trivia you answered the question correctly and got 8 points. feelsgoodman the answer was the power glove . similarity 75,twitch,twitch,feelsgoodman,,definition_like_translation,review_translation_quality,0
2707,definitely live soon COPIUM,definitely live soon copium,twitch,twitch,copium,,clean,review_translation_quality,0
2697,barely passable as pizza OMEGALUL,barely passable as pizza omegalul,twitch,twitch,omegalul,,definition_like_translation,review_translation_quality,0
29,Tap water hits different at 3:00 am,tap water hits different at 3 00 am,urban_dictionary,local_urban_dictionary_api,hits different,,clean,review_translation_quality,0
27,Daniel: See you next week Yourself: bet or Daniel: You won't talk to Anna you're a pussy Yourself: Bet,daniel see you next week yourself bet or daniel you won't talk to anna you're a pussy yourself bet,urban_dictionary,local_urban_dictionary_api,bet,,clean,review_translation_quality,0
26,"""damn, I highkey want that shirt!""","damn, i highkey want that shirt",urban_dictionary,local_urban_dictionary_api,highkey,,clean,review_translation_quality,0
1871,just do it Madge,just do it madge,twitch,twitch,madge,,definition_like_translation,review_translation_quality,0
2640,"[Trivia] @nacchikins You answered the question correctly and got 10 points. FeelsGoodMan The answer was "" Thirty eight "". [Similarity: 100%]",trivia you answered the question correctly and got 10 points. feelsgoodman the answer was thirty eight . similarity 100,twitch,twitch,feelsgoodman,,definition_like_translation,review_translation_quality,0
2673,"[Trivia] @catsgoquack You answered the question correctly and got 7 points. FeelsGoodMan The answer was "" Christian Slater "". [Similarity: 73%]",trivia you answered the question correctly and got 7 points. feelsgoodman the answer was christian slater . similarity 73,twitch,twitch,feelsgoodman,,definition_like_translation,review_translation_quality,0
1745,"[Trivia] @exepir You answered the question correctly and got 10 points. FeelsGoodMan The answer was "" Sweater Vest "". [Similarity: 100%]",trivia you answered the question correctly and got 10 points. feelsgoodman the answer was sweater vest . similarity 100,twitch,twitch,feelsgoodman,,definition_like_translation,review_translation_quality,0
2708,stream today COPIUM SSS today COPIUM,stream today copium ss today copium,twitch,twitch,copium,,clean,review_translation_quality,0
2734,if they carry pastries like banh pate so that shit is also delicious,if they carry pastries like banh pate so that shit is also delicious,twitch,twitch,carry,,clean,review_translation_quality,0
2733,Vietnamese food is Pog,vietnamese food is pog,twitch,twitch,pog,,definition_like_translation,review_translation_quality,0
2726,Pog banh mi is good,pog banh mi is good,twitch,twitch,pog,,definition_like_translation,review_translation_quality,0
1692,hamnp yeah im not talink about a pp like that OMEGALUL,hamnp yeah im not talink about a pp like that omegalul,twitch,twitch,omegalul,,definition_like_translation,review_translation_quality,0
3520,"CYr is a variety gamer I hear, and he wakes up Pog","cyr is a variety gamer i hear, and he wakes up pog",twitch,twitch,pog,,definition_like_translation,review_translation_quality,0
3515,gonna be sunday by the time he goes live Madge,gonna be sunday by the time he goes live madge,twitch,twitch,madge,,definition_like_translation,review_translation_quality,0
3510,but its saturday Madge,but its saturday madge,twitch,twitch,madge,,definition_like_translation,review_translation_quality,0
319,"[Trivia] @gtokie You answered the question correctly and got 10 points. FeelsGoodMan The answer was "" WalMart "". [Similarity: 100%]",trivia you answered the question correctly and got 10 points. feelsgoodman the answer was walmart . similarity 100,twitch,twitch,feelsgoodman,,definition_like_translation,review_translation_quality,0
315,"[Trivia] @gtokie You answered the question correctly and got 10 points. FeelsGoodMan The answer was "" Iwo Jima "". [Similarity: 100%]",trivia you answered the question correctly and got 10 points. feelsgoodman the answer was iwo jima . similarity 100,twitch,twitch,feelsgoodman,,definition_like_translation,review_translation_quality,0
2757,Madge I'll DDoS you,madge i'll ddos you,twitch,twitch,madge,,definition_like_translation,review_translation_quality,0
2754,Madge I said GO OUTSIDE,madge i said go outside,twitch,twitch,madge,,definition_like_translation,review_translation_quality,0
2742,WeirdDude call the restaurant and see if someone will run it up to you OMEGALUL,weirddude call the restaurant and see if someone will run it up to you omegalul,twitch,twitch,omegalul,,definition_like_translation,review_translation_quality,0
3503,twitch is my homepage FeelsGoodMan,twitch is my homepage feelsgoodman,twitch,twitch,feelsgoodman,,definition_like_translation,review_translation_quality,0
3502,with obnoxiously long names FeelsGoodMan Clap,with obnoxiously long names feelsgoodman clap,twitch,twitch,feelsgoodman,,definition_like_translation,review_translation_quality,0
352,damn that cat rp video has some Pepega quality,damn that cat rp video has some pepega quality,twitch,twitch,pepega,,clean,review_translation_quality,0
348,"[Trivia] @brockovitch You answered the question correctly and got 10 points. FeelsGoodMan The answer was "" soap "". [Similarity: 100%]",trivia you answered the question correctly and got 10 points. feelsgoodman the answer was soap . similarity 100,twitch,twitch,feelsgoodman,,definition_like_translation,review_translation_quality,0
1658,30.48 Pog I'm hung,30.48 pog i'm hung,twitch,twitch,pog,,definition_like_translation,review_translation_quality,0
2789,"[Trivia] @warringbulldog You answered the question correctly and got 10 points. FeelsGoodMan The answer was "" Lapras "". [Similarity: 100%]",trivia you answered the question correctly and got 10 points. feelsgoodman the answer was lapras . similarity 100,twitch,twitch,feelsgoodman,,definition_like_translation,review_translation_quality,0
2783,COPIUM any second now,copium any second now,twitch,twitch,copium,,clean,review_translation_quality,0
2781,he's going to go live any moment now COPIUM,he's going to go live any moment now copium,twitch,twitch,copium,,clean,review_translation_quality,0
2611,"[Trivia] @brockovitch You answered the question correctly and got 7 points. FeelsGoodMan The answer was "" Friendly Skies "". [Similarity: 74%]",trivia you answered the question correctly and got 7 points. feelsgoodman the answer was friendly skies . similarity 74,twitch,twitch,feelsgoodman,,definition_like_translation,review_translation_quality,0
1878,"i pressed f5, I still don't know","i pressed f5, i still don't know",twitch,twitch,pressed,,clean,review_translation_quality,0
1908,[2018-04-02 22:59:08 UTC] forsen: OMEGALUL,2018-04-02 22 59 08 utc forsen omegalul,twitch,twitch,omegalul,,definition_like_translation,review_translation_quality,0
1903,[2018-11-08 03:00:05 UTC] ultrasynapticseizureninja: needs more lidl lara croft LUL,2018-11-08 03 00 05 utc ultrasynapticseizureninja needs more lidl lara croft lul,twitch,twitch,lul,,definition_like_translation,review_translation_quality,0
1900,where pink twink Madge,where pink twink madge,twitch,twitch,madge,,definition_like_translation,review_translation_quality,0
3554,i thought it was a meme LUL,i thought it was a meme lul,twitch,twitch,lul,,definition_like_translation,review_translation_quality,0
2652,"[Trivia] @catsgoquack You answered the question correctly and got 10 points. FeelsGoodMan The answer was "" Hydrophobia "". [Similarity: 100%]",trivia you answered the question correctly and got 10 points. feelsgoodman the answer was hydrophobia . similarity 100,twitch,twitch,feelsgoodman,,definition_like_translation,review_translation_quality,0
2599,"[Trivia] @evolucian You answered the question correctly and got 10 points. FeelsGoodMan The answer was "" quark "". [Similarity: 100%]",trivia you answered the question correctly and got 10 points. feelsgoodman the answer was quark . similarity 100,twitch,twitch,feelsgoodman,,definition_like_translation,review_translation_quality,0
2804,"[Scramble] @brockovitch You answered the question correctly and got 10 points. FeelsGoodMan The word was "" diane """,scramble you answered the question correctly and got 10 points. feelsgoodman the word was diane,twitch,twitch,feelsgoodman,,definition_like_translation,review_translation_quality,0
2799,Sadge ok then Sadge at this point Sadge I would take wc3 Sadge,sadge ok then sadge at this point sadge i would take wc3 sadge,twitch,twitch,sadge,,definition_like_translation,review_translation_quality,0
2794,"[Scramble] @kjones086 You answered the question correctly and got 10 points. FeelsGoodMan The word was "" content """,scramble you answered the question correctly and got 10 points. feelsgoodman the word was content,twitch,twitch,feelsgoodman,,definition_like_translation,review_translation_quality,0
3491,Sadge i want to see him try the new phasmo update,sadge i want to see him try the new phasmo update,twitch,twitch,sadge,,definition_like_translation,review_translation_quality,0
3483,WeirdDude imagine not giving your project a funny name,weirddude imagine not giving your project a funny name,twitch,twitch,giving,,clean,review_translation_quality,0
2810,"[Scramble] @crashfort You answered the question correctly and got 10 points. FeelsGoodMan The word was "" stylish """,scramble you answered the question correctly and got 10 points. feelsgoodman the word was stylish,twitch,twitch,feelsgoodman,,definition_like_translation,review_translation_quality,0
2807,yeah they do names sometimes Sadge,yeah they do names sometimes sadge,twitch,twitch,sadge,,definition_like_translation,review_translation_quality,0
1561,Madge do it yourself,madge do it yourself,twitch,twitch,madge,,definition_like_translation,review_translation_quality,0
1950,"[Trivia] @nacchikins You answered the question correctly and got 10 points. FeelsGoodMan The answer was "" bagel "". [Similarity: 100%]",trivia you answered the question correctly and got 10 points. feelsgoodman the answer was bagel . similarity 100,twitch,twitch,feelsgoodman,,definition_like_translation,review_translation_quality,0
1964,"[Trivia] @steveshepard You answered the question correctly and got 10 points. FeelsGoodMan The answer was "" American Beauty "". [Similarity: 100%]",trivia you answered the question correctly and got 10 points. feelsgoodman the answer was american beauty . similarity 100,twitch,twitch,feelsgoodman,,definition_like_translation,review_translation_quality,0
2592,OMEGALUL wtf was that trailer,omegalul wtf was that trailer,twitch,twitch,omegalul,,definition_like_translation,review_translation_quality,0
3562,Madge every sentence I type will start with Madge until he goes live,madge every sentence i type will start with madge until he goes live,twitch,twitch,madge,,definition_like_translation,review_translation_quality,0
213,idk im watching a video about sleep,idk im watching a video about sleep,twitch,twitch,idk,,clean,review_translation_quality,0
207,"[Trivia] @gtokie You answered the question correctly and got 10 points. FeelsGoodMan The answer was "" Eisenhower "". [Similarity: 100%]",trivia you answered the question correctly and got 10 points. feelsgoodman the answer was eisenhower . similarity 100,twitch,twitch,feelsgoodman,,definition_like_translation,review_translation_quality,0
1896,kevin you're nearly there FeelsStrongMan,kevin you're nearly there feelsstrongman,twitch,twitch,feelsstrongman,,definition_like_translation,review_translation_quality,0
2834,"[Scramble] @crashfort You answered the question correctly and got 10 points. FeelsGoodMan The word was "" northwest """,scramble you answered the question correctly and got 10 points. feelsgoodman the word was northwest,twitch,twitch,feelsgoodman,,definition_like_translation,review_translation_quality,0
390,PepeHands my adin sub,pepehands my adin sub,twitch,twitch,pepehands,,definition_like_translation,review_translation_quality,0
2849,@crashfort did you just Poki emote OMEGALUL,did you just poki emote omegalul,twitch,twitch,omegalul,,definition_like_translation,review_translation_quality,0
2844,"[Scramble] @brockovitch You answered the question correctly and got 10 points. FeelsGoodMan The word was "" option """,scramble you answered the question correctly and got 10 points. feelsgoodman the word was option,twitch,twitch,feelsgoodman,,definition_like_translation,review_translation_quality,0
1573,but idk if they're the right size,but idk if they're the right size,twitch,twitch,idk,,clean,review_translation_quality,0
1482,"[Scramble] @krafchenko You answered the question correctly and got 10 points. FeelsGoodMan The word was "" elite """,scramble you answered the question correctly and got 10 points. feelsgoodman the word was elite,twitch,twitch,feelsgoodman,,definition_like_translation,review_translation_quality,0
2860,Forsen and Soda FeelsStrongMan,forsen and soda feelsstrongman,twitch,twitch,feelsstrongman,,definition_like_translation,review_translation_quality,0
1505,"[Scramble] @frogster420 You answered the question correctly and got 10 points. FeelsGoodMan The word was "" attack """,scramble you answered the question correctly and got 10 points. feelsgoodman the word was attack,twitch,twitch,feelsgoodman,,definition_like_translation,review_translation_quality,0
1521,women aren't real weebNod cgi on the left,women aren't real weebnod cgi on the left,twitch,twitch,real,,clean,review_translation_quality,0
169,"[Trivia] @brockovitch You answered the question correctly and got 10 points. FeelsGoodMan The answer was "" Rhubarb "". [Similarity: 100%]",trivia you answered the question correctly and got 10 points. feelsgoodman the answer was rhubarb . similarity 100,twitch,twitch,feelsgoodman,,definition_like_translation,review_translation_quality,0
3588,Madge probably why he can't get a gf with his small thin dick Madge,madge probably why he can't get a gf with his small thin dick madge,twitch,twitch,madge,,definition_like_translation,review_translation_quality,0
3576,doesnt matter what he said because he never tells the truth Madge,doesnt matter what he said because he never tells the truth madge,twitch,twitch,madge,,definition_like_translation,review_translation_quality,0
2585,"[Trivia] @brockovitch You answered the question correctly and got 9 points. FeelsGoodMan The answer was "" Dec 31 1907 "". [Similarity: 86%]",trivia you answered the question correctly and got 9 points. feelsgoodman the answer was dec 31 1907 . similarity 86,twitch,twitch,feelsgoodman,,definition_like_translation,review_translation_quality,0
1981,"[Trivia] @brian6932 You answered the question correctly and got 10 points. FeelsGoodMan The answer was "" Ulyanovsk "". [Similarity: 100%]",trivia you answered the question correctly and got 10 points. feelsgoodman the answer was ulyanovsk . similarity 100,twitch,twitch,feelsgoodman,,definition_like_translation,review_translation_quality,0
2000,"[Trivia] @ultrasynapticseizureninja You answered the question correctly and got 10 points. FeelsGoodMan The answer was "" cricket "". [Similarity: 100%]",trivia you answered the question correctly and got 10 points. feelsgoodman the answer was cricket . similarity 100,twitch,twitch,feelsgoodman,,definition_like_translation,review_translation_quality,0
1992,"[Trivia] @steveshepard You answered the question correctly and got 10 points. FeelsGoodMan The answer was "" Derek Jeter "". [Similarity: 100%]",trivia you answered the question correctly and got 10 points. feelsgoodman the answer was derek jeter . similarity 100,twitch,twitch,feelsgoodman,,definition_like_translation,review_translation_quality,0
3607,Madge im gonna sub just to remind him he's not even that rich Madge,madge im gonna sub just to remind him he's not even that rich madge,twitch,twitch,madge,,definition_like_translation,review_translation_quality,0
157,"[Trivia] @rawheyd You answered the question correctly and got 8 points. FeelsGoodMan The answer was "" spaetzle "". [Similarity: 77%]",trivia you answered the question correctly and got 8 points. feelsgoodman the answer was spaetzle . similarity 77,twitch,twitch,feelsgoodman,,definition_like_translation,review_translation_quality,0
2040,"[Trivia] @nacchikins You answered the question correctly and got 10 points. FeelsGoodMan The answer was "" Reservoir Dogs "". [Similarity: 100%]",trivia you answered the question correctly and got 10 points. feelsgoodman the answer was reservoir dogs . similarity 100,twitch,twitch,feelsgoodman,,definition_like_translation,review_translation_quality,0
2060,"[Trivia] @drizin You answered the question correctly and got 10 points. FeelsGoodMan The answer was "" seal "". [Similarity: 100%]",trivia you answered the question correctly and got 10 points. feelsgoodman the answer was seal . similarity 100,twitch,twitch,feelsgoodman,,definition_like_translation,review_translation_quality,0
2077,"[Trivia] @alsobuoyant You answered the question correctly and got 8 points. FeelsGoodMan The answer was "" Parentheses "". [Similarity: 80%]",trivia you answered the question correctly and got 8 points. feelsgoodman the answer was parentheses . similarity 80,twitch,twitch,feelsgoodman,,definition_like_translation,review_translation_quality,0
2070,"[Trivia] @steveshepard You answered the question correctly and got 10 points. FeelsGoodMan The answer was "" gondola "". [Similarity: 100%]",trivia you answered the question correctly and got 10 points. feelsgoodman the answer was gondola . similarity 100,twitch,twitch,feelsgoodman,,definition_like_translation,review_translation_quality,0
2087,"[Trivia] @steveshepard You answered the question correctly and got 10 points. FeelsGoodMan The answer was "" J  "". [Similarity: 100%]",trivia you answered the question correctly and got 10 points. feelsgoodman the answer was j . similarity 100,twitch,twitch,feelsgoodman,,definition_like_translation,review_translation_quality,0
2020,"[Trivia] @nacchikins You answered the question correctly and got 10 points. FeelsGoodMan The answer was "" murmur "". [Similarity: 100%]",trivia you answered the question correctly and got 10 points. feelsgoodman the answer was murmur . similarity 100,twitch,twitch,feelsgoodman,,definition_like_translation,review_translation_quality,0
2006,"[Trivia] @nacchikins You answered the question correctly and got 10 points. FeelsGoodMan The answer was "" hamster "". [Similarity: 100%]",trivia you answered the question correctly and got 10 points. feelsgoodman the answer was hamster . similarity 100,twitch,twitch,feelsgoodman,,definition_like_translation,review_translation_quality,0
2030,"[Trivia] @nacchikins You answered the question correctly and got 10 points. FeelsGoodMan The answer was "" Easter Island "". [Similarity: 100%]",trivia you answered the question correctly and got 10 points. feelsgoodman the answer was easter island . similarity 100,twitch,twitch,feelsgoodman,,definition_like_translation,review_translation_quality,0
2049,"[Trivia] @steveshepard You answered the question correctly and got 10 points. FeelsGoodMan The answer was "" kick "". [Similarity: 100%]",trivia you answered the question correctly and got 10 points. feelsgoodman the answer was kick . similarity 100,twitch,twitch,feelsgoodman,,definition_like_translation,review_translation_quality,0
2045,[Trivia] Lions don't like to attack ostriches because the big birds do this & can even kill the king of beasts this way,trivia lions don't like to attack ostriches because the big birds do this can even kill the king of beasts this way,twitch,twitch,king,,clean,review_translation_quality,0
3600,Madge I wanna shake him like a child Madge,madge i wanna shake him like a child madge,twitch,twitch,madge,,definition_like_translation,review_translation_quality,0
3594,Madge he's not even good at WoW,madge he's not even good at wow,twitch,twitch,madge,,definition_like_translation,review_translation_quality,0
3593,Madge it's probably so thin Madge,madge it's probably so thin madge,twitch,twitch,madge,,definition_like_translation,review_translation_quality,0
173,Is there a coupon code for merch rn?,is there a coupon code for merch rn,twitch,twitch,rn,,clean,review_translation_quality,0
2851,"[Scramble] @kjones086 You answered the question correctly and got 10 points. FeelsGoodMan The word was "" lady """,scramble you answered the question correctly and got 10 points. feelsgoodman the word was lady,twitch,twitch,feelsgoodman,,definition_like_translation,review_translation_quality,0
2877,"crashfort, use it Madge","crashfort, use it madge",twitch,twitch,madge,,definition_like_translation,review_translation_quality,0
2874,"[Scramble] @brockovitch You answered the question correctly and got 10 points. FeelsGoodMan The word was "" explore """,scramble you answered the question correctly and got 10 points. feelsgoodman the word was explore,twitch,twitch,feelsgoodman,,definition_like_translation,review_translation_quality,0
1472,"[Trivia] @arcticite You answered the question correctly and got 10 points. FeelsGoodMan The answer was "" Rheseus Monkeys "". [Similarity: 96%]",trivia you answered the question correctly and got 10 points. feelsgoodman the answer was rheseus monkeys . similarity 96,twitch,twitch,feelsgoodman,,definition_like_translation,review_translation_quality,0
3452,guess i'll watch lirik since streamer doesn't want to do job Madge,guess i'll watch lirik since streamer doesn't want to do job madge,twitch,twitch,madge,,definition_like_translation,review_translation_quality,0
2899,"[Scramble] @warringbulldog You answered the question correctly and got 10 points. FeelsGoodMan The word was "" ensures """,scramble you answered the question correctly and got 10 points. feelsgoodman the word was ensures,twitch,twitch,feelsgoodman,,definition_like_translation,review_translation_quality,0
2882,"[Scramble] @warringbulldog You answered the question correctly and got 10 points. FeelsGoodMan The word was "" fears """,scramble you answered the question correctly and got 10 points. feelsgoodman the word was fears,twitch,twitch,feelsgoodman,,definition_like_translation,review_translation_quality,0
2908,well idk docker FeelsDankMan good luck with that,well idk docker feelsdankman good luck with that,twitch,twitch,idk,,clean,review_translation_quality,0
1405,"[Scramble] @arcticite You answered the question correctly and got 10 points. FeelsGoodMan The word was "" messenger """,scramble you answered the question correctly and got 10 points. feelsgoodman the word was messenger,twitch,twitch,feelsgoodman,,definition_like_translation,review_translation_quality,0
1426,"[Scramble] @krafchenko You answered the question correctly and got 10 points. FeelsGoodMan The word was "" rapidly """,scramble you answered the question correctly and got 10 points. feelsgoodman the word was rapidly,twitch,twitch,feelsgoodman,,definition_like_translation,review_translation_quality,0
3627,"brian6932, your message has sweden colors FeelsGoodMan","brian6932, your message has sweden colors feelsgoodman",twitch,twitch,feelsgoodman,,definition_like_translation,review_translation_quality,0
3624,Madge Vulpes can have my sub now Madge,madge vulpes can have my sub now madge,twitch,twitch,madge,,definition_like_translation,review_translation_quality,0
3622,I only knew of es it fr co.uk de in europe,i only knew of es it fr co.uk de in europe,twitch,twitch,fr,,clean,review_translation_quality,0
3621,idk vulpes i dont pay attention,idk vulpes i dont pay attention,twitch,twitch,idk,,clean,review_translation_quality,0
3620,Madge I'd rather see Vulpes go live Madge,madge i'd rather see vulpes go live madge,twitch,twitch,madge,,definition_like_translation,review_translation_quality,0
3610,I want chance to call you poor and then tell you to sub nyanPls,i want chance to call you poor and then tell you to sub nyanpls,twitch,twitch,nyanpls,,clean,review_translation_quality,0
2131,"[Trivia] @brockovitch You answered the question correctly and got 10 points. FeelsGoodMan The answer was "" Seattle "". [Similarity: 100%]",trivia you answered the question correctly and got 10 points. feelsgoodman the answer was seattle . similarity 100,twitch,twitch,feelsgoodman,,definition_like_translation,review_translation_quality,0
2127,"[Trivia] @nacchikins You answered the question correctly and got 10 points. FeelsGoodMan The answer was "" Columbo "". [Similarity: 100%]",trivia you answered the question correctly and got 10 points. feelsgoodman the answer was columbo . similarity 100,twitch,twitch,feelsgoodman,,definition_like_translation,review_translation_quality,0
2120,"[Trivia] @drizin You answered the question correctly and got 10 points. FeelsGoodMan The answer was "" Utah "". [Similarity: 100%]",trivia you answered the question correctly and got 10 points. feelsgoodman the answer was utah . similarity 100,twitch,twitch,feelsgoodman,,definition_like_translation,review_translation_quality,0
2147,"[Trivia] @alsobuoyant You answered the question correctly and got 10 points. FeelsGoodMan The answer was "" Islam "". [Similarity: 100%]",trivia you answered the question correctly and got 10 points. feelsgoodman the answer was islam . similarity 100,twitch,twitch,feelsgoodman,,definition_like_translation,review_translation_quality,0
3656,@LouKangBang Wth so rude Madge,wth so rude madge,twitch,twitch,madge,,definition_like_translation,review_translation_quality,0
3649,My little plushie mad he's been mia Madge 👉 sodaSIT,my little plushie mad he's been mia madge sodasit,twitch,twitch,madge,,definition_like_translation,review_translation_quality,0
3641,Madge Lou you better step off Madge Im Madge,madge lou you better step off madge im madge,twitch,twitch,madge,,definition_like_translation,review_translation_quality,0
105,"i just woke up, where is mr strimmer Madge","i just woke up, where is mr strimmer madge",twitch,twitch,madge,,definition_like_translation,review_translation_quality,0
104,ice cold ratio g 🥶,ice cold ratio g,urban_dictionary,local_urban_dictionary_api,ratio,,clean,review_translation_quality,0
2540,idk what that dick's name was,idk what that dick's name was,twitch,twitch,idk,,clean,review_translation_quality,0
2535,he never did Sadge,he never did sadge,twitch,twitch,sadge,,definition_like_translation,review_translation_quality,0
2109,COPIUM live in 1 min,copium live in 1 min,twitch,twitch,copium,,clean,review_translation_quality,0
2108,"[Trivia] @steveshepard You answered the question correctly and got 10 points. FeelsGoodMan The answer was "" Thieves "". [Similarity: 100%]",trivia you answered the question correctly and got 10 points. feelsgoodman the answer was thieves . similarity 100,twitch,twitch,feelsgoodman,,definition_like_translation,review_translation_quality,0
2102,"[Trivia] @brockovitch You answered the question correctly and got 10 points. FeelsGoodMan The answer was "" Nissan "". [Similarity: 100%]",trivia you answered the question correctly and got 10 points. feelsgoodman the answer was nissan . similarity 100,twitch,twitch,feelsgoodman,,definition_like_translation,review_translation_quality,0
2530,"[Trivia] @nacchikins You answered the question correctly and got 10 points. FeelsGoodMan The answer was "" Saturn "". [Similarity: 100%]",trivia you answered the question correctly and got 10 points. feelsgoodman the answer was saturn . similarity 100,twitch,twitch,feelsgoodman,,definition_like_translation,review_translation_quality,0
102,hot take: cancer is just diet scorpio,hot take cancer is just diet scorpio,urban_dictionary,local_urban_dictionary_api,hot take,,clean,review_translation_quality,0
3669,I got a job so I could support Chance with my Twitch Prime so he could stream today Madge,i got a job so i could support chance with my twitch prime so he could stream today madge,twitch,twitch,madge,,definition_like_translation,review_translation_quality,0
3664,Madge I'm gonna go to his house Madge,madge i'm gonna go to his house madge,twitch,twitch,madge,,definition_like_translation,review_translation_quality,0
1439,"[Trivia] @brian6932 You answered the question correctly and got 7 points. FeelsGoodMan The answer was "" King Arthur "". [Similarity: 71%]",trivia you answered the question correctly and got 7 points. feelsgoodman the answer was king arthur . similarity 71,twitch,twitch,feelsgoodman|king,,definition_like_translation,review_translation_quality,0
1437,[Trivia] @brian6932 king a is close. [Similarity: 62%],trivia king a is close. similarity 62,twitch,twitch,king,,clean,review_translation_quality,0
3440,sodaSLEEP FBBlock Madge ppOverheat Sadge sodaSUFFER,sodasleep fbblock madge ppoverheat sadge sodasuffer,twitch,twitch,sadge|madge,,definition_like_translation,review_translation_quality,0
3438,Madge if u dont go live chance ill watch lirik Madge,madge if u dont go live chance ill watch lirik madge,twitch,twitch,madge,,definition_like_translation,review_translation_quality,0
2926,"[Trivia] @crashfort You answered the question correctly and got 10 points. FeelsGoodMan The answer was "" Salt "". [Similarity: 100%]",trivia you answered the question correctly and got 10 points. feelsgoodman the answer was salt . similarity 100,twitch,twitch,feelsgoodman,,definition_like_translation,review_translation_quality,0
1365,"[Trivia] @theyungyee You answered the question correctly and got 10 points. FeelsGoodMan The answer was "" Gatorade "". [Similarity: 100%]",trivia you answered the question correctly and got 10 points. feelsgoodman the answer was gatorade . similarity 100,twitch,twitch,feelsgoodman,,definition_like_translation,review_translation_quality,0
1372,"[Trivia] @hogings You answered the question correctly and got 10 points. FeelsGoodMan The answer was "" Table Tennis "". [Similarity: 100%]",trivia you answered the question correctly and got 10 points. feelsgoodman the answer was table tennis . similarity 100,twitch,twitch,feelsgoodman,,definition_like_translation,review_translation_quality,0
1391,not johnny sins Sadge,not johnny sins sadge,twitch,twitch,sadge,,definition_like_translation,review_translation_quality,0
1390,"[Trivia] @theultracoolcutiebobo You answered the question correctly and got 7 points. FeelsGoodMan The answer was "" Johnny Carson "". [Similarity: 70%]",trivia you answered the question correctly and got 7 points. feelsgoodman the answer was johnny carson . similarity 70,twitch,twitch,feelsgoodman,,definition_like_translation,review_translation_quality,0
2917,"[Trivia] @sarcastickormir You answered the question correctly and got 10 points. FeelsGoodMan The answer was "" Monaco "". [Similarity: 100%]",trivia you answered the question correctly and got 10 points. feelsgoodman the answer was monaco . similarity 100,twitch,twitch,feelsgoodman,,definition_like_translation,review_translation_quality,0
2944,"[Scramble] @crashfort You answered the question correctly and got 10 points. FeelsGoodMan The word was "" food """,scramble you answered the question correctly and got 10 points. feelsgoodman the word was food,twitch,twitch,feelsgoodman,,definition_like_translation,review_translation_quality,0
3657,Madge @LouKangBang Madge I'm an adult with a adult job Madge I don't have to slave away for an extra $30 of overtime Madge Streamer better log on now though Madge,madge madge i'm an adult with a adult job madge i don't have to slave away for an extra 30 of overtime madge streamer better log on now though madge,twitch,twitch,madge,,definition_like_translation,review_translation_quality,0
2524,"[Trivia] @gtokie You answered the question correctly and got 10 points. FeelsGoodMan The answer was "" China "". [Similarity: 100%]",trivia you answered the question correctly and got 10 points. feelsgoodman the answer was china . similarity 100,twitch,twitch,feelsgoodman,,definition_like_translation,review_translation_quality,0
2521,"[Trivia] @nacchikins You answered the question correctly and got 10 points. FeelsGoodMan The answer was "" Echo "". [Similarity: 100%]",trivia you answered the question correctly and got 10 points. feelsgoodman the answer was echo . similarity 100,twitch,twitch,feelsgoodman,,definition_like_translation,review_translation_quality,0
2246,the date guys Pepega,the date guys pepega,twitch,twitch,pepega,,clean,review_translation_quality,0
2199,"[Trivia] @brockovitch You answered the question correctly and got 10 points. FeelsGoodMan The answer was "" Yugoslavia "". [Similarity: 100%]",trivia you answered the question correctly and got 10 points. feelsgoodman the answer was yugoslavia . similarity 100,twitch,twitch,feelsgoodman,,definition_like_translation,review_translation_quality,0
2495,"[Trivia] @gtokie You answered the question correctly and got 10 points. FeelsGoodMan The answer was "" Con Air "". [Similarity: 100%]",trivia you answered the question correctly and got 10 points. feelsgoodman the answer was con air . similarity 100,twitch,twitch,feelsgoodman,,definition_like_translation,review_translation_quality,0
2490,"[Trivia] @onyxpenumbra You answered the question correctly and got 10 points. FeelsGoodMan The answer was "" Fox News "". [Similarity: 100%]",trivia you answered the question correctly and got 10 points. feelsgoodman the answer was fox news . similarity 100,twitch,twitch,feelsgoodman,,definition_like_translation,review_translation_quality,0
2228,COPIUM just one more week,copium just one more week,twitch,twitch,copium,,clean,review_translation_quality,0
2224,"[Trivia] @steveshepard You answered the question correctly and got 10 points. FeelsGoodMan The answer was "" Nitrogen "". [Similarity: 100%]",trivia you answered the question correctly and got 10 points. feelsgoodman the answer was nitrogen . similarity 100,twitch,twitch,feelsgoodman,,definition_like_translation,review_translation_quality,0
3676,Madge this is why Greek left I think Madge,madge this is why greek left i think madge,twitch,twitch,madge,,definition_like_translation,review_translation_quality,0
100,"""Damn, that chicken was on point!""","damn, that chicken was on point",urban_dictionary,local_urban_dictionary_api,on point,,clean,review_translation_quality,0
98,Wow that dude is pretty chill,wow that dude is pretty chill,urban_dictionary,local_urban_dictionary_api,chill,,clean,review_translation_quality,0
91,Last nights party was crazy #iykyk,last nights party was crazy iykyk,urban_dictionary,local_urban_dictionary_api,iykyk,,clean,review_translation_quality,0
2510,"[Trivia] @nacchikins You answered the question correctly and got 10 points. FeelsGoodMan The answer was "" draft laws "". [Similarity: 100%]",trivia you answered the question correctly and got 10 points. feelsgoodman the answer was draft laws . similarity 100,twitch,twitch,feelsgoodman,,definition_like_translation,review_translation_quality,0
2152,"[Trivia] @nacchikins You answered the question correctly and got 10 points. FeelsGoodMan The answer was "" Doctor "". [Similarity: 100%]",trivia you answered the question correctly and got 10 points. feelsgoodman the answer was doctor . similarity 100,twitch,twitch,feelsgoodman,,definition_like_translation,review_translation_quality,0
2181,"[Trivia] @jordisontv You answered the question correctly and got 10 points. FeelsGoodMan The answer was "" Thomas "". [Similarity: 100%]",trivia you answered the question correctly and got 10 points. feelsgoodman the answer was thomas . similarity 100,twitch,twitch,feelsgoodman,,definition_like_translation,review_translation_quality,0
89,The college student had concert fomo.,the college student had concert fomo,urban_dictionary,local_urban_dictionary_api,fomo,,clean,review_translation_quality,0
88,We are brothers irl.,we are brothers irl,urban_dictionary,local_urban_dictionary_api,irl,,clean,review_translation_quality,0
87,Gamer 1: Hey dude. Have you seen the speedrun that Gamer 3 did? Gamer 2: Yeah bro. He broke a record.,gamer 1 hey dude. have you seen the speedrun that gamer 3 did? gamer 2 yeah bro. he broke a record,urban_dictionary,local_urban_dictionary_api,speedrun|bro,,clean,review_translation_quality,0
3704,Madge @LouKangBang FIX IT Madge,madge fix it madge,twitch,twitch,madge,,definition_like_translation,review_translation_quality,0
3696,you didnt know ? OMEGALUL,you didnt know ? omegalul,twitch,twitch,omegalul,,definition_like_translation,review_translation_quality,0
2214,"[Trivia] @brockovitch You answered the question correctly and got 10 points. FeelsGoodMan The answer was "" Kangaskhan "". [Similarity: 100%]",trivia you answered the question correctly and got 10 points. feelsgoodman the answer was kangaskhan . similarity 100,twitch,twitch,feelsgoodman,,definition_like_translation,review_translation_quality,0
2481,"[Trivia] @jordisontv You answered the question correctly and got 10 points. FeelsGoodMan The answer was "" Jaryd "". [Similarity: 100%]",trivia you answered the question correctly and got 10 points. feelsgoodman the answer was jaryd . similarity 100,twitch,twitch,feelsgoodman,,definition_like_translation,review_translation_quality,0
2476,[Trivia] What is Summit1G's real first name?,trivia what is summit1g's real first name,twitch,twitch,real,,clean,review_translation_quality,0
2238,"[Trivia] @alsobuoyant You answered the question correctly and got 10 points. FeelsGoodMan The answer was "" Darth Vader "". [Similarity: 100%]",trivia you answered the question correctly and got 10 points. feelsgoodman the answer was darth vader . similarity 100,twitch,twitch,feelsgoodman,,definition_like_translation,review_translation_quality,0
1311,Can't bet channel points when watching vods,can't bet channel points when watching vods,twitch,twitch,bet,,clean,review_translation_quality,0
2964,"[Scramble] @warringbulldog You answered the question correctly and got 10 points. FeelsGoodMan The word was "" porter """,scramble you answered the question correctly and got 10 points. feelsgoodman the word was porter,twitch,twitch,feelsgoodman,,definition_like_translation,review_translation_quality,0
2955,"[Scramble] @kjones086 You answered the question correctly and got 10 points. FeelsGoodMan The word was "" reporter """,scramble you answered the question correctly and got 10 points. feelsgoodman the word was reporter,twitch,twitch,feelsgoodman,,definition_like_translation,review_translation_quality,0
514,!king PeepoWeen MEOW catDisco ThankEgg peepoHappyCowboy,king peepoween meow catdisco thankegg peepohappycowboy,twitch,twitch,king,,clean,review_translation_quality,0
2967,"[Scramble] @brockovitch You answered the question correctly and got 10 points. FeelsGoodMan The word was "" traveler """,scramble you answered the question correctly and got 10 points. feelsgoodman the word was traveler,twitch,twitch,feelsgoodman,,definition_like_translation,review_translation_quality,0
1301,sodaG Fact #25: Giraffes live roughly 25 years in the wild.,sodag fact 25 giraffes live roughly 25 years in the wild,twitch,twitch,wild,,clean,review_translation_quality,0
2990,that was a real gamer word,that was a real gamer word,twitch,twitch,real,,clean,review_translation_quality,0
2989,dont mistype it monkaS,dont mistype it monkas,twitch,twitch,monkas,,definition_like_translation,review_translation_quality,0
1277,im drunk idk why i want ed trivia in the first place,im drunk idk why i want ed trivia in the first place,twitch,twitch,idk,,clean,review_translation_quality,0
2251,"[Trivia] @steveshepard You answered the question correctly and got 8 points. FeelsGoodMan The answer was "" December 8th "". [Similarity: 78%]",trivia you answered the question correctly and got 8 points. feelsgoodman the answer was december 8th . similarity 78,twitch,twitch,feelsgoodman,,definition_like_translation,review_translation_quality,0
3059,"[Scramble] @st1fled You answered the question correctly and got 10 points. FeelsGoodMan The word was "" newport """,scramble you answered the question correctly and got 10 points. feelsgoodman the word was newport,twitch,twitch,feelsgoodman,,definition_like_translation,review_translation_quality,0
3052,"@Jazzykat Sadge I'm a science nerd, I can't help Sadge","sadge i'm a science nerd, i can't help sadge",twitch,twitch,sadge,,definition_like_translation,review_translation_quality,0
3068,"[Trivia] @crashfort You answered the question correctly and got 10 points. FeelsGoodMan The answer was "" Smallville "". [Similarity: 100%]",trivia you answered the question correctly and got 10 points. feelsgoodman the answer was smallville . similarity 100,twitch,twitch,feelsgoodman,,definition_like_translation,review_translation_quality,0
81,"carry: Man, yesterday when we were playing fortnite I had to carry you guys to a win","carry man, yesterday when we were playing fortnite i had to carry you guys to a win",urban_dictionary,local_urban_dictionary_api,carry,,clean,review_translation_quality,0
2469,"[Trivia] @nacchikins You answered the question correctly and got 8 points. FeelsGoodMan The answer was "" Macadamia "". [Similarity: 75%]",trivia you answered the question correctly and got 8 points. feelsgoodman the answer was macadamia . similarity 75,twitch,twitch,feelsgoodman,,definition_like_translation,review_translation_quality,0
2462,"[Trivia] @nacchikins You answered the question correctly and got 10 points. FeelsGoodMan The answer was "" Switzerland "". [Similarity: 100%]",trivia you answered the question correctly and got 10 points. feelsgoodman the answer was switzerland . similarity 100,twitch,twitch,feelsgoodman,,definition_like_translation,review_translation_quality,0
2457,"[Trivia] @alsobuoyant You answered the question correctly and got 10 points. FeelsGoodMan The answer was "" Orphan Black "". [Similarity: 100%]",trivia you answered the question correctly and got 10 points. feelsgoodman the answer was orphan black . similarity 100,twitch,twitch,feelsgoodman,,definition_like_translation,review_translation_quality,0
2273,"[Trivia] @steveshepard You answered the question correctly and got 8 points. FeelsGoodMan The answer was "" bassinette "". [Similarity: 78%]",trivia you answered the question correctly and got 8 points. feelsgoodman the answer was bassinette . similarity 78,twitch,twitch,feelsgoodman,,definition_like_translation,review_translation_quality,0
2264,[Trivia] @vissione based net is close. [Similarity: 50%],trivia based net is close. similarity 50,twitch,twitch,based,,clean,review_translation_quality,0
2286,"[Trivia] @nacchikins You answered the question correctly and got 10 points. FeelsGoodMan The answer was "" Walk "". [Similarity: 100%]",trivia you answered the question correctly and got 10 points. feelsgoodman the answer was walk . similarity 100,twitch,twitch,feelsgoodman,,definition_like_translation,review_translation_quality,0
76,John: Hey Jack! Vibe Check Jack: Gang Gang vro just chillin my guy!,john hey jack! vibe check jack gang gang vro just chillin my guy,urban_dictionary,local_urban_dictionary_api,vibe check,,clean,review_translation_quality,0
74,"“Hey, I just got my hair done! What do you think?” “Big Yikes”“Do you wanna go on a date sometime?” “Big Yikes” “How do you think you did in the test? Big yikes?” “Big Yikes”","hey, i just got my hair done! what do you think? big yikes do you wanna go on a date sometime? big yikes how do you think you did in the test? big yikes? big yikes",urban_dictionary,local_urban_dictionary_api,big yikes,,clean,review_translation_quality,0
72,Wen I said “the dress is giving” Or to describe something “it’s giving bundle up” if it’s cold outside,wen i said the dress is giving or to describe something it s giving bundle up if it s cold outside,urban_dictionary,local_urban_dictionary_api,giving,,clean,review_translation_quality,0
3716,i've never used amazon for anything ever OMEGALUL,i've never used amazon for anything ever omegalul,twitch,twitch,omegalul,,definition_like_translation,review_translation_quality,0
3713,Madge I'm gonna take those PO Box christmas items back Madge,madge i'm gonna take those po box christmas items back madge,twitch,twitch,madge,,definition_like_translation,review_translation_quality,0
3706,Madge I hope some of suggestions made it to the Christmas PO box,madge i hope some of suggestions made it to the christmas po box,twitch,twitch,madge,,definition_like_translation,review_translation_quality,0
2441,"[Trivia] @nacchikins You answered the question correctly and got 9 points. FeelsGoodMan The answer was "" brains "". [Similarity: 89%]",trivia you answered the question correctly and got 9 points. feelsgoodman the answer was brains . similarity 89,twitch,twitch,feelsgoodman,,definition_like_translation,review_translation_quality,0
2305,"[Trivia] @alsobuoyant You answered the question correctly and got 9 points. FeelsGoodMan The answer was "" Incisors "". [Similarity: 92%]",trivia you answered the question correctly and got 9 points. feelsgoodman the answer was incisors . similarity 92,twitch,twitch,feelsgoodman,,definition_like_translation,review_translation_quality,0
3728,Madge I bet our streamer is actually poor Madge,madge i bet our streamer is actually poor madge,twitch,twitch,madge|bet,,definition_like_translation,review_translation_quality,0
3725,@SteveShepard Or a rental OMEGALUL,or a rental omegalul,twitch,twitch,omegalul,,definition_like_translation,review_translation_quality,0
3718,Madge u said that yesterday fossa,madge u said that yesterday fossa,twitch,twitch,madge,,definition_like_translation,review_translation_quality,0
83,"Oh man, they totally nerfed 'Titans Armor'! Guess I'll stop playing Golem now :/They nerfed Irelia again?? Oh wait, its actually a buff. <-- (opposite of nerf)Great, so now all the free-2-play guns are nerfed, guess I have to buy some to keep competitive. :(","oh man, they totally nerfed 'titans armor'! guess i'll stop playing golem now they nerfed irelia again. oh wait, its actually a buff. -- opposite of nerf great, so now all the free-2-play guns are nerfed, guess i have to buy some to keep competitive",urban_dictionary,local_urban_dictionary_api,nerfed,,clean,review_translation_quality,0
3012,why he lie Madge just show meee,why he lie madge just show mee,twitch,twitch,madge,,definition_like_translation,review_translation_quality,0
3006,"[Scramble] @kjones086 You answered the question correctly and got 10 points. FeelsGoodMan The word was "" native """,scramble you answered the question correctly and got 10 points. feelsgoodman the word was native,twitch,twitch,feelsgoodman,,definition_like_translation,review_translation_quality,0
3000,"[Scramble] @brian6932 You answered the question correctly and got 10 points. FeelsGoodMan The word was "" assume """,scramble you answered the question correctly and got 10 points. feelsgoodman the word was assume,twitch,twitch,feelsgoodman,,definition_like_translation,review_translation_quality,0
3409,poarapDANCE salty 4 lmons poarapDANCE,poarapdance salty 4 lmons poarapdance,twitch,twitch,salty,,clean,review_translation_quality,0
3397,"@kjones086, wtf is that? OMEGALUL",wtf is that? omegalul,twitch,twitch,omegalul,,definition_like_translation,review_translation_quality,0
3016,"[Trivia] @guactoast You answered the question correctly and got 10 points. FeelsGoodMan The answer was "" ska "". [Similarity: 100%]",trivia you answered the question correctly and got 10 points. feelsgoodman the answer was ska . similarity 100,twitch,twitch,feelsgoodman,,definition_like_translation,review_translation_quality,0
1237,"[Trivia] @brian6932 You answered the question correctly and got 10 points. FeelsGoodMan The answer was "" Bluray "". [Similarity: 100%]",trivia you answered the question correctly and got 10 points. feelsgoodman the answer was bluray . similarity 100,twitch,twitch,feelsgoodman,,definition_like_translation,review_translation_quality,0
3042,"[Trivia] @guactoast You answered the question correctly and got 10 points. FeelsGoodMan The answer was "" Radiation "". [Similarity: 100%]",trivia you answered the question correctly and got 10 points. feelsgoodman the answer was radiation . similarity 100,twitch,twitch,feelsgoodman,,definition_like_translation,review_translation_quality,0
3032,"[Trivia] @capedsquirrel You answered the question correctly and got 10 points. FeelsGoodMan The answer was "" Parma "". [Similarity: 100%]",trivia you answered the question correctly and got 10 points. feelsgoodman the answer was parma . similarity 100,twitch,twitch,feelsgoodman,,definition_like_translation,review_translation_quality,0
1201,[2021-09-11 20:41:57 UTC] goldbattle: Madge can't RP,2021-09-11 20 41 57 utc goldbattle madge can't rp,twitch,twitch,madge,,definition_like_translation,review_translation_quality,0
3746,Madge I came her for cashmere Madge,madge i came her for cashmere madge,twitch,twitch,madge,,definition_like_translation,review_translation_quality,0
3743,Madge poor people want discounts Madge,madge poor people want discounts madge,twitch,twitch,madge,,definition_like_translation,review_translation_quality,0
3064,RImWorld is actaully a great game Pog,rimworld is actaully a great game pog,twitch,twitch,pog,,definition_like_translation,review_translation_quality,0
1131,TNK is in a bad mood NOTED,tnk is in a bad mood noted,twitch,twitch,mood,,clean,review_translation_quality,0
3096,"[Trivia] @brockovitch You answered the question correctly and got 10 points. FeelsGoodMan The answer was "" obedience "". [Similarity: 100%]",trivia you answered the question correctly and got 10 points. feelsgoodman the answer was obedience . similarity 100,twitch,twitch,feelsgoodman,,definition_like_translation,review_translation_quality,0
1058,!king PeepoWeen ThankEgg catDisco ThankEgg,king peepoween thankegg catdisco thankegg,twitch,twitch,king,,clean,review_translation_quality,0
3091,my Saturday entertainment still isn't awake PepeHands,my saturday entertainment still isn't awake pepehands,twitch,twitch,pepehands,,definition_like_translation,review_translation_quality,0
3079,"[Trivia] @st1fled You answered the question correctly and got 9 points. FeelsGoodMan The answer was "" dinosaurs "". [Similarity: 93%]",trivia you answered the question correctly and got 9 points. feelsgoodman the answer was dinosaurs . similarity 93,twitch,twitch,feelsgoodman,,definition_like_translation,review_translation_quality,0
3121,"[Trivia] @guactoast You answered the question correctly and got 10 points. FeelsGoodMan The answer was "" His hat "". [Similarity: 100%]",trivia you answered the question correctly and got 10 points. feelsgoodman the answer was his hat . similarity 100,twitch,twitch,feelsgoodman,,definition_like_translation,review_translation_quality,0
3119,i got no sleep last night Sadge,i got no sleep last night sadge,twitch,twitch,sadge,,definition_like_translation,review_translation_quality,0
3111,"[Trivia] @nacchikins You answered the question correctly and got 10 points. FeelsGoodMan The answer was "" Sunshine Vitamin "". [Similarity: 100%]",trivia you answered the question correctly and got 10 points. feelsgoodman the answer was sunshine vitamin . similarity 100,twitch,twitch,feelsgoodman,,definition_like_translation,review_translation_quality,0
3137,"[Trivia] @doubtro You answered the question correctly and got 10 points. FeelsGoodMan The answer was "" Orange "". [Similarity: 100%]",trivia you answered the question correctly and got 10 points. feelsgoodman the answer was orange . similarity 100,twitch,twitch,feelsgoodman,,definition_like_translation,review_translation_quality,0
3130,no Homework and no sleep? Madge,no homework and no sleep? madge,twitch,twitch,madge,,definition_like_translation,review_translation_quality,0
2282,wtf i live there POGGERS,wtf i live there poggers,twitch,twitch,poggers,,clean,review_translation_quality,0
2281,"[Trivia] @alsobuoyant You answered the question correctly and got 10 points. FeelsGoodMan The answer was "" San Diego "". [Similarity: 100%]",trivia you answered the question correctly and got 10 points. feelsgoodman the answer was san diego . similarity 100,twitch,twitch,feelsgoodman,,definition_like_translation,review_translation_quality,0
2447,"[Trivia] @gtokie You answered the question correctly and got 10 points. FeelsGoodMan The answer was "" nashville "". [Similarity: 100%]",trivia you answered the question correctly and got 10 points. feelsgoodman the answer was nashville . similarity 100,twitch,twitch,feelsgoodman,,definition_like_translation,review_translation_quality,0
65,Person 1: I just love Ariana Grande so much I would die for her I would track her every move if I couldPerson 2: woah don't be such a stan,person 1 i just love ariana grande so much i would die for her i would track her every move if i couldperson 2 woah don't be such a stan,urban_dictionary,local_urban_dictionary_api,stan,,clean,review_translation_quality,0
2319,ACTION (Stan TWICE): AYAYAWeird,action stan twice ayayaweird,twitch,twitch,stan,,clean,review_translation_quality,0
2310,"[Trivia] @jordisontv You answered the question correctly and got 10 points. FeelsGoodMan The answer was "" TWICE "". [Similarity: 100%]",trivia you answered the question correctly and got 10 points. feelsgoodman the answer was twice . similarity 100,twitch,twitch,feelsgoodman,,definition_like_translation,review_translation_quality,0
3154,Never seen it before monkaS,never seen it before monkas,twitch,twitch,monkas,,definition_like_translation,review_translation_quality,0
871,Sent me a dm OMEGALUL,sent me a dm omegalul,twitch,twitch,omegalul,,definition_like_translation,review_translation_quality,0
3250,its been a good run FeelsStrongMan 7 see you in 6 months,its been a good run feelsstrongman 7 see you in 6 months,twitch,twitch,feelsstrongman,,definition_like_translation,review_translation_quality,0
3249,"it fit, its there","it fit, its there",twitch,twitch,fit,,clean,review_translation_quality,0
3247,"what did he even do with that car, it didnt fit in his garage right?","what did he even do with that car, it didnt fit in his garage right",twitch,twitch,fit,,clean,review_translation_quality,0
789,ken deez nuts fit in yo mouth,ken deez nuts fit in yo mouth,twitch,twitch,fit,,clean,review_translation_quality,0
2434,"[Trivia] @evolucian You answered the question correctly and got 7 points. FeelsGoodMan The answer was "" John F Kennedy "". [Similarity: 71%]",trivia you answered the question correctly and got 7 points. feelsgoodman the answer was john f kennedy . similarity 71,twitch,twitch,feelsgoodman,,definition_like_translation,review_translation_quality,0
2428,"[Trivia] @nacchikins You answered the question correctly and got 10 points. FeelsGoodMan The answer was "" Marianne Faithfull "". [Similarity: 100%]",trivia you answered the question correctly and got 10 points. feelsgoodman the answer was marianne faithfull . similarity 100,twitch,twitch,feelsgoodman,,definition_like_translation,review_translation_quality,0
62,"""Hey bestie get over here we have a body to bury"". Be right there...",hey bestie get over here we have a body to bury . be right there,urban_dictionary,local_urban_dictionary_api,bestie,,clean,review_translation_quality,0
61,my fam wuz mad deep up in the club the other day,my fam wuz mad deep up in the club the other day,urban_dictionary,local_urban_dictionary_api,fam,,clean,review_translation_quality,0
56,"'Dude, I'm a month clean now'","'dude, i'm a month clean now'",urban_dictionary,local_urban_dictionary_api,clean,,clean,review_translation_quality,0
55,John : did you go to that party last nightDaquan : yes that shit was lit,john did you go to that party last nightdaquan yes that shit was lit,urban_dictionary,local_urban_dictionary_api,lit,,clean,review_translation_quality,0
54,“That song is straight fire”,that song is straight fire,urban_dictionary,local_urban_dictionary_api,fire,,definition_like_translation,review_translation_quality,0
736,not even any puke emotes for me to use Sadge,not even any puke emotes for me to use sadge,twitch,twitch,sadge,,definition_like_translation,review_translation_quality,0
3314,bro idk what the card technique is sodaSUFFER,bro idk what the card technique is sodasuffer,twitch,twitch,idk|bro,,clean,review_translation_quality,0
3312,I'm so lazy to type out full sentences Sadge,i'm so lazy to type out full sentences sadge,twitch,twitch,sadge,,definition_like_translation,review_translation_quality,0
780,That take is an L,that take is an l,twitch,twitch,l,,clean,review_translation_quality,0
602,Why would it be cringe,why would it be cringe,twitch,twitch,cringe,,clean,review_translation_quality,0
3266,"Worst part, I don't even like any other streamers SAdge","worst part, i don't even like any other streamers sadge",twitch,twitch,sadge,,definition_like_translation,review_translation_quality,0
3263,He always does Sadge,he always does sadge,twitch,twitch,sadge,,definition_like_translation,review_translation_quality,0
3261,streamer never thinks about us Sadge,streamer never thinks about us sadge,twitch,twitch,sadge,,definition_like_translation,review_translation_quality,0
2407,"[Trivia] @gtokie You answered the question correctly and got 10 points. FeelsGoodMan The answer was "" Value "". [Similarity: 100%]",trivia you answered the question correctly and got 10 points. feelsgoodman the answer was value . similarity 100,twitch,twitch,feelsgoodman,,definition_like_translation,review_translation_quality,0
2329,I don't want to touch grass it's cold outside,i don't want to touch grass it's cold outside,twitch,twitch,touch grass,,clean,review_translation_quality,0
2360,"[Trivia] @nacchikins You answered the question correctly and got 10 points. FeelsGoodMan The answer was "" Memphis "". [Similarity: 100%]",trivia you answered the question correctly and got 10 points. feelsgoodman the answer was memphis . similarity 100,twitch,twitch,feelsgoodman,,definition_like_translation,review_translation_quality,0
3758,Madge Where sss Madge,madge where ss madge,twitch,twitch,madge,,definition_like_translation,review_translation_quality,0
3754,Madge X2 this will do for now Madge X2,madge x2 this will do for now madge x2,twitch,twitch,madge,,definition_like_translation,review_translation_quality,0
3750,Madge I need an more angry emote Madge,madge i need an more angry emote madge,twitch,twitch,madge,,definition_like_translation,review_translation_quality,0
69,MDM really are rent free in Hydra’s head.,mdm really are rent free in hydra s head,urban_dictionary,local_urban_dictionary_api,rent free,,clean,review_translation_quality,0
67,"Kayla: Oh are you guys official now? Hannah: No, we're doing a soft launch of our relationship incase it doesn't work out Kayla: Good idea!","kayla oh are you guys official now? hannah no, we're doing a soft launch of our relationship incase it doesn't work out kayla good idea",urban_dictionary,local_urban_dictionary_api,soft launch,,clean,review_translation_quality,0
12,"I would only get perms because people who wear pullouts are fake, no cap.","i would only get perms because people who wear pullouts are fake, no cap",urban_dictionary,local_urban_dictionary_api,no cap,,definition_like_translation,review_translation_quality,0
10,"Person 1: are you from Tennessee cuz u the only ten i see ;) Person watching from a far:Damn, that nigga has no rizz","person 1 are you from tennessee cuz u the only ten i see person watching from a far damn, that nigga has no rizz",urban_dictionary,local_urban_dictionary_api,rizz,,clean,review_translation_quality,0
11,yo that’s cap i didn’t fuck the dog,yo that s cap i didn t fuck the dog,urban_dictionary,local_urban_dictionary_api,cap,,clean,review_translation_quality,0
3,"""What does IDK mean?"" ""I don't know""",what does idk mean? i don't know,urban_dictionary,local_urban_dictionary_api,idk,,clean,review_translation_quality,0
3849,"[Trivia] @detectivehalifax You answered the question correctly and got 10 points. FeelsGoodMan The answer was "" Schubert "". [Similarity: 100%]",trivia you answered the question correctly and got 10 points. feelsgoodman the answer was schubert . similarity 100,twitch,twitch,feelsgoodman,,definition_like_translation,review_translation_quality,0
4,"""This game sucks, IMO""","this game sucks, imo",urban_dictionary,local_urban_dictionary_api,imo,,clean,review_translation_quality,0
3847,Madge X2 better not try trivia now Madge X2 I own this chat for that Madge X2,madge x2 better not try trivia now madge x2 i own this chat for that madge x2,twitch,twitch,madge,,definition_like_translation,review_translation_quality,0
2403,"[Trivia] @nacchikins You answered the question correctly and got 10 points. FeelsGoodMan The answer was "" Venus "". [Similarity: 100%]",trivia you answered the question correctly and got 10 points. feelsgoodman the answer was venus . similarity 100,twitch,twitch,feelsgoodman,,definition_like_translation,review_translation_quality,0
2392,"[Trivia] @gtokie You answered the question correctly and got 8 points. FeelsGoodMan The answer was "" Lady Antebellum "". [Similarity: 82%]",trivia you answered the question correctly and got 8 points. feelsgoodman the answer was lady antebellum . similarity 82,twitch,twitch,feelsgoodman,,definition_like_translation,review_translation_quality,0
2383,"[Trivia] @alsobuoyant You answered the question correctly and got 10 points. FeelsGoodMan The answer was "" Vampire "". [Similarity: 100%]",trivia you answered the question correctly and got 10 points. feelsgoodman the answer was vampire . similarity 100,twitch,twitch,feelsgoodman,,definition_like_translation,review_translation_quality,0
2377,"[Trivia] @steveshepard You answered the question correctly and got 9 points. FeelsGoodMan The answer was "" Don Shula "". [Similarity: 93%]",trivia you answered the question correctly and got 9 points. feelsgoodman the answer was don shula . similarity 93,twitch,twitch,feelsgoodman,,definition_like_translation,review_translation_quality,0
3841,"[Trivia] @endgame2 You answered the question correctly and got 10 points. FeelsGoodMan The answer was "" licorice "". [Similarity: 100%]",trivia you answered the question correctly and got 10 points. feelsgoodman the answer was licorice . similarity 100,twitch,twitch,feelsgoodman,,definition_like_translation,review_translation_quality,0
3796,Madge X2 I can feel the anger inside me and it's huge chat Madge X2,madge x2 i can feel the anger inside me and it's huge chat madge x2,twitch,twitch,madge,,definition_like_translation,review_translation_quality,0
3789,Madge Chunce get up Madge,madge chunce get up madge,twitch,twitch,madge,,definition_like_translation,review_translation_quality,0
52,I get great vibes from that song.,i get great vibes from that song,urban_dictionary,local_urban_dictionary_api,vibes,,clean,review_translation_quality,0
3310,"this isnt a ""did you press the on button"" type easy help Madge",this isnt a did you press the on button type easy help madge,twitch,twitch,madge,,definition_like_translation,review_translation_quality,0
25,"“I lowkey wanna eat an entire cake.”“I highkey wanna eat healthy, but lowkey wanna to eat an entire cake.”“I am lowkey in love with Kevin Spacey.”","i lowkey wanna eat an entire cake. i highkey wanna eat healthy, but lowkey wanna to eat an entire cake. i am lowkey in love with kevin spacey",urban_dictionary,local_urban_dictionary_api,highkey|lowkey,,clean,review_translation_quality,0
23,“Do you have a single original thought process? You npc.”,do you have a single original thought process? you npc,urban_dictionary,local_urban_dictionary_api,npc,,definition_like_translation,review_translation_quality,0
3812,"[Trivia] @kjones086 You answered the question correctly and got 10 points. FeelsGoodMan The answer was "" Ribs "". [Similarity: 100%]",trivia you answered the question correctly and got 10 points. feelsgoodman the answer was ribs . similarity 100,twitch,twitch,feelsgoodman,,definition_like_translation,review_translation_quality,0
3807,Madge it's rainy outside,madge it's rainy outside,twitch,twitch,madge,,definition_like_translation,review_translation_quality,0
3803,Madge half of my apartment doesn't have electricity. At least the half with the router is on,madge half of my apartment doesn't have electricity. at least the half with the router is on,twitch,twitch,madge,,definition_like_translation,review_translation_quality,0
3802,Madge X2 I just wanna shake a puppy maybe I don't know Madge X2,madge x2 i just wanna shake a puppy maybe i don't know madge x2,twitch,twitch,madge,,definition_like_translation,review_translation_quality,0
32,GYATT (that’s all that needs to be said),gyatt that s all that needs to be said,urban_dictionary,local_urban_dictionary_api,gyatt,,clean,review_translation_quality,0
31,"Person 1: Hey, man. Are you alright? You've been going on about Gon Freecss for a while, now.. Person 2: I'm alright! I just have a case of brainrot, is all. NE, NE KILLUA!","person 1 hey, man. are you alright? you've been going on about gon freecss for a while, now. person 2 i'm alright! i just have a case of brainrot, is all. ne, ne killua",urban_dictionary,local_urban_dictionary_api,brainrot,,definition_like_translation,review_translation_quality,0
30,We locked in for life !,we locked in for life,urban_dictionary,local_urban_dictionary_api,locked in,,clean,review_translation_quality,0
3835,"[Trivia] @endgame2 You answered the question correctly and got 10 points. FeelsGoodMan The answer was "" Podgorica "". [Similarity: 100%]",trivia you answered the question correctly and got 10 points. feelsgoodman the answer was podgorica . similarity 100,twitch,twitch,feelsgoodman,,definition_like_translation,review_translation_quality,0
21,"Commenter: It was a good performance. The last note was flat but other than that, his vocals were impressive. Delulu: OMFG BITCH YOU DIEEEEEEE!!!!!!","commenter it was a good performance. the last note was flat but other than that, his vocals were impressive. delulu omfg bitch you diee",urban_dictionary,local_urban_dictionary_api,delulu,,clean,review_translation_quality,0
20,I just vibe on the beat,i just vibe on the beat,urban_dictionary,local_urban_dictionary_api,vibe,,definition_like_translation,review_translation_quality,0
19,"""it's a little sus that he seems to know exactly how to play this game"" ''cyan actin' sus''",it's a little sus that he seems to know exactly how to play this game ''cyan actin' sus'',urban_dictionary,local_urban_dictionary_api,sus,,clean,review_translation_quality,0
18,"Person 1: dude, you're goated person 2: thanks bro","person 1 dude, you're goated person 2 thanks bro",urban_dictionary,local_urban_dictionary_api,goated|bro,,clean,review_translation_quality,0
17,"""Man, you heard that new Mike Jones album? That shit slaps!""","man, you heard that new mike jones album? that shit slaps",urban_dictionary,local_urban_dictionary_api,slaps,,clean,review_translation_quality,0
13,Damn you got 12 likes and his reply got 271 likes? He totally ratioed you bro,damn you got 12 likes and his reply got 271 likes? he totally ratioed you bro,urban_dictionary,local_urban_dictionary_api,ratioed|bro,,definition_like_translation,review_translation_quality,0
